<?xml version="1.0" encoding="UTF-8"?>
<?xml-stylesheet href="CoreNLP-to-HTML.xsl" type="text/xsl"?>
<root>
  <document>
    <sentences>
      <sentence id="1">
        <tokens>
          <token id="1">
            <word>Ben</word>
            <lemma>Ben</lemma>
            <CharacterOffsetBegin>0</CharacterOffsetBegin>
            <CharacterOffsetEnd>3</CharacterOffsetEnd>
            <POS>NNP</POS>
          </token>
          <token id="2">
            <word>Barnes</word>
            <lemma>Barnes</lemma>
            <CharacterOffsetBegin>4</CharacterOffsetBegin>
            <CharacterOffsetEnd>10</CharacterOffsetEnd>
            <POS>NNP</POS>
          </token>
          <token id="3">
            <word>'</word>
            <lemma>'</lemma>
            <CharacterOffsetBegin>10</CharacterOffsetBegin>
            <CharacterOffsetEnd>11</CharacterOffsetEnd>
            <POS>POS</POS>
          </token>
          <token id="4">
            <word>humiliating</word>
            <lemma>humiliating</lemma>
            <CharacterOffsetBegin>12</CharacterOffsetBegin>
            <CharacterOffsetEnd>23</CharacterOffsetEnd>
            <POS>JJ</POS>
          </token>
          <token id="5">
            <word>hairstyles</word>
            <lemma>hairstyle</lemma>
            <CharacterOffsetBegin>24</CharacterOffsetBegin>
            <CharacterOffsetEnd>34</CharacterOffsetEnd>
            <POS>NNS</POS>
          </token>
        </tokens>
      </sentence>
      <sentence id="2">
        <tokens>
          <token id="1">
            <word>Ben</word>
            <lemma>Ben</lemma>
            <CharacterOffsetBegin>36</CharacterOffsetBegin>
            <CharacterOffsetEnd>39</CharacterOffsetEnd>
            <POS>NNP</POS>
          </token>
          <token id="2">
            <word>Barnes</word>
            <lemma>Barnes</lemma>
            <CharacterOffsetBegin>40</CharacterOffsetBegin>
            <CharacterOffsetEnd>46</CharacterOffsetEnd>
            <POS>NNP</POS>
          </token>
          <token id="3">
            <word>has</word>
            <lemma>have</lemma>
            <CharacterOffsetBegin>47</CharacterOffsetBegin>
            <CharacterOffsetEnd>50</CharacterOffsetEnd>
            <POS>VBZ</POS>
          </token>
          <token id="4">
            <word>revealed</word>
            <lemma>reveal</lemma>
            <CharacterOffsetBegin>51</CharacterOffsetBegin>
            <CharacterOffsetEnd>59</CharacterOffsetEnd>
            <POS>VBN</POS>
          </token>
          <token id="5">
            <word>he</word>
            <lemma>he</lemma>
            <CharacterOffsetBegin>60</CharacterOffsetBegin>
            <CharacterOffsetEnd>62</CharacterOffsetEnd>
            <POS>PRP</POS>
          </token>
          <token id="6">
            <word>charted</word>
            <lemma>chart</lemma>
            <CharacterOffsetBegin>63</CharacterOffsetBegin>
            <CharacterOffsetEnd>70</CharacterOffsetEnd>
            <POS>VBD</POS>
          </token>
          <token id="7">
            <word>his</word>
            <lemma>he</lemma>
            <CharacterOffsetBegin>71</CharacterOffsetBegin>
            <CharacterOffsetEnd>74</CharacterOffsetEnd>
            <POS>PRP$</POS>
          </token>
          <token id="8">
            <word>progress</word>
            <lemma>progress</lemma>
            <CharacterOffsetBegin>75</CharacterOffsetBegin>
            <CharacterOffsetEnd>83</CharacterOffsetEnd>
            <POS>NN</POS>
          </token>
          <token id="9">
            <word>on</word>
            <lemma>on</lemma>
            <CharacterOffsetBegin>84</CharacterOffsetBegin>
            <CharacterOffsetEnd>86</CharacterOffsetEnd>
            <POS>IN</POS>
          </token>
          <token id="10">
            <word>new</word>
            <lemma>new</lemma>
            <CharacterOffsetBegin>87</CharacterOffsetBegin>
            <CharacterOffsetEnd>90</CharacterOffsetEnd>
            <POS>JJ</POS>
          </token>
          <token id="11">
            <word>film</word>
            <lemma>film</lemma>
            <CharacterOffsetBegin>91</CharacterOffsetBegin>
            <CharacterOffsetEnd>95</CharacterOffsetEnd>
            <POS>NN</POS>
          </token>
          <token id="12">
            <word>Killing</word>
            <lemma>kill</lemma>
            <CharacterOffsetBegin>96</CharacterOffsetBegin>
            <CharacterOffsetEnd>103</CharacterOffsetEnd>
            <POS>VBG</POS>
          </token>
          <token id="13">
            <word>Bono</word>
            <lemma>Bono</lemma>
            <CharacterOffsetBegin>104</CharacterOffsetBegin>
            <CharacterOffsetEnd>108</CharacterOffsetEnd>
            <POS>NNP</POS>
          </token>
          <token id="14">
            <word>by</word>
            <lemma>by</lemma>
            <CharacterOffsetBegin>109</CharacterOffsetBegin>
            <CharacterOffsetEnd>111</CharacterOffsetEnd>
            <POS>IN</POS>
          </token>
          <token id="15">
            <word>his</word>
            <lemma>he</lemma>
            <CharacterOffsetBegin>112</CharacterOffsetBegin>
            <CharacterOffsetEnd>115</CharacterOffsetEnd>
            <POS>PRP$</POS>
          </token>
          <token id="16">
            <word>changing</word>
            <lemma>change</lemma>
            <CharacterOffsetBegin>116</CharacterOffsetBegin>
            <CharacterOffsetEnd>124</CharacterOffsetEnd>
            <POS>VBG</POS>
          </token>
          <token id="17">
            <word>hair</word>
            <lemma>hair</lemma>
            <CharacterOffsetBegin>125</CharacterOffsetBegin>
            <CharacterOffsetEnd>129</CharacterOffsetEnd>
            <POS>NN</POS>
          </token>
          <token id="18">
            <word>.</word>
            <lemma>.</lemma>
            <CharacterOffsetBegin>129</CharacterOffsetBegin>
            <CharacterOffsetEnd>130</CharacterOffsetEnd>
            <POS>.</POS>
          </token>
        </tokens>
      </sentence>
      <sentence id="3">
        <tokens>
          <token id="1">
            <word>The</word>
            <lemma>the</lemma>
            <CharacterOffsetBegin>131</CharacterOffsetBegin>
            <CharacterOffsetEnd>134</CharacterOffsetEnd>
            <POS>DT</POS>
          </token>
          <token id="2">
            <word>Prince</word>
            <lemma>Prince</lemma>
            <CharacterOffsetBegin>135</CharacterOffsetBegin>
            <CharacterOffsetEnd>141</CharacterOffsetEnd>
            <POS>NNP</POS>
          </token>
          <token id="3">
            <word>Caspian</word>
            <lemma>Caspian</lemma>
            <CharacterOffsetBegin>142</CharacterOffsetBegin>
            <CharacterOffsetEnd>149</CharacterOffsetEnd>
            <POS>NNP</POS>
          </token>
          <token id="4">
            <word>star</word>
            <lemma>star</lemma>
            <CharacterOffsetBegin>150</CharacterOffsetBegin>
            <CharacterOffsetEnd>154</CharacterOffsetEnd>
            <POS>NN</POS>
          </token>
          <token id="5">
            <word>plays</word>
            <lemma>play</lemma>
            <CharacterOffsetBegin>155</CharacterOffsetBegin>
            <CharacterOffsetEnd>160</CharacterOffsetEnd>
            <POS>VBZ</POS>
          </token>
          <token id="6">
            <word>musician</word>
            <lemma>musician</lemma>
            <CharacterOffsetBegin>161</CharacterOffsetBegin>
            <CharacterOffsetEnd>169</CharacterOffsetEnd>
            <POS>NN</POS>
          </token>
          <token id="7">
            <word>Neil</word>
            <lemma>Neil</lemma>
            <CharacterOffsetBegin>170</CharacterOffsetBegin>
            <CharacterOffsetEnd>174</CharacterOffsetEnd>
            <POS>NNP</POS>
          </token>
          <token id="8">
            <word>McCormick</word>
            <lemma>McCormick</lemma>
            <CharacterOffsetBegin>175</CharacterOffsetBegin>
            <CharacterOffsetEnd>184</CharacterOffsetEnd>
            <POS>NNP</POS>
          </token>
          <token id="9">
            <word>in</word>
            <lemma>in</lemma>
            <CharacterOffsetBegin>185</CharacterOffsetBegin>
            <CharacterOffsetEnd>187</CharacterOffsetEnd>
            <POS>IN</POS>
          </token>
          <token id="10">
            <word>the</word>
            <lemma>the</lemma>
            <CharacterOffsetBegin>188</CharacterOffsetBegin>
            <CharacterOffsetEnd>191</CharacterOffsetEnd>
            <POS>DT</POS>
          </token>
          <token id="11">
            <word>comedy</word>
            <lemma>comedy</lemma>
            <CharacterOffsetBegin>192</CharacterOffsetBegin>
            <CharacterOffsetEnd>198</CharacterOffsetEnd>
            <POS>NN</POS>
          </token>
          <token id="12">
            <word>about</word>
            <lemma>about</lemma>
            <CharacterOffsetBegin>199</CharacterOffsetBegin>
            <CharacterOffsetEnd>204</CharacterOffsetEnd>
            <POS>IN</POS>
          </token>
          <token id="13">
            <word>two</word>
            <lemma>two</lemma>
            <CharacterOffsetBegin>205</CharacterOffsetBegin>
            <CharacterOffsetEnd>208</CharacterOffsetEnd>
            <POS>CD</POS>
          </token>
          <token id="14">
            <word>brothers</word>
            <lemma>brother</lemma>
            <CharacterOffsetBegin>209</CharacterOffsetBegin>
            <CharacterOffsetEnd>217</CharacterOffsetEnd>
            <POS>NNS</POS>
          </token>
          <token id="15">
            <word>who</word>
            <lemma>who</lemma>
            <CharacterOffsetBegin>218</CharacterOffsetBegin>
            <CharacterOffsetEnd>221</CharacterOffsetEnd>
            <POS>WP</POS>
          </token>
          <token id="16">
            <word>fail</word>
            <lemma>fail</lemma>
            <CharacterOffsetBegin>222</CharacterOffsetBegin>
            <CharacterOffsetEnd>226</CharacterOffsetEnd>
            <POS>VBP</POS>
          </token>
          <token id="17">
            <word>to</word>
            <lemma>to</lemma>
            <CharacterOffsetBegin>227</CharacterOffsetBegin>
            <CharacterOffsetEnd>229</CharacterOffsetEnd>
            <POS>TO</POS>
          </token>
          <token id="18">
            <word>make</word>
            <lemma>make</lemma>
            <CharacterOffsetBegin>230</CharacterOffsetBegin>
            <CharacterOffsetEnd>234</CharacterOffsetEnd>
            <POS>VB</POS>
          </token>
          <token id="19">
            <word>their</word>
            <lemma>they</lemma>
            <CharacterOffsetBegin>235</CharacterOffsetBegin>
            <CharacterOffsetEnd>240</CharacterOffsetEnd>
            <POS>PRP$</POS>
          </token>
          <token id="20">
            <word>mark</word>
            <lemma>mark</lemma>
            <CharacterOffsetBegin>241</CharacterOffsetBegin>
            <CharacterOffsetEnd>245</CharacterOffsetEnd>
            <POS>NN</POS>
          </token>
          <token id="21">
            <word>as</word>
            <lemma>as</lemma>
            <CharacterOffsetBegin>246</CharacterOffsetBegin>
            <CharacterOffsetEnd>248</CharacterOffsetEnd>
            <POS>IN</POS>
          </token>
          <token id="22">
            <word>a</word>
            <lemma>a</lemma>
            <CharacterOffsetBegin>249</CharacterOffsetBegin>
            <CharacterOffsetEnd>250</CharacterOffsetEnd>
            <POS>DT</POS>
          </token>
          <token id="23">
            <word>band</word>
            <lemma>band</lemma>
            <CharacterOffsetBegin>251</CharacterOffsetBegin>
            <CharacterOffsetEnd>255</CharacterOffsetEnd>
            <POS>NN</POS>
          </token>
          <token id="24">
            <word>while</word>
            <lemma>while</lemma>
            <CharacterOffsetBegin>256</CharacterOffsetBegin>
            <CharacterOffsetEnd>261</CharacterOffsetEnd>
            <POS>IN</POS>
          </token>
          <token id="25">
            <word>their</word>
            <lemma>they</lemma>
            <CharacterOffsetBegin>262</CharacterOffsetBegin>
            <CharacterOffsetEnd>267</CharacterOffsetEnd>
            <POS>PRP$</POS>
          </token>
          <token id="26">
            <word>classmates</word>
            <lemma>classmate</lemma>
            <CharacterOffsetBegin>268</CharacterOffsetBegin>
            <CharacterOffsetEnd>278</CharacterOffsetEnd>
            <POS>NNS</POS>
          </token>
          <token id="27">
            <word>U2</word>
            <lemma>u2</lemma>
            <CharacterOffsetBegin>279</CharacterOffsetBegin>
            <CharacterOffsetEnd>281</CharacterOffsetEnd>
            <POS>NN</POS>
          </token>
          <token id="28">
            <word>shoot</word>
            <lemma>shoot</lemma>
            <CharacterOffsetBegin>282</CharacterOffsetBegin>
            <CharacterOffsetEnd>287</CharacterOffsetEnd>
            <POS>NN</POS>
          </token>
          <token id="29">
            <word>to</word>
            <lemma>to</lemma>
            <CharacterOffsetBegin>288</CharacterOffsetBegin>
            <CharacterOffsetEnd>290</CharacterOffsetEnd>
            <POS>TO</POS>
          </token>
          <token id="30">
            <word>global</word>
            <lemma>global</lemma>
            <CharacterOffsetBegin>291</CharacterOffsetBegin>
            <CharacterOffsetEnd>297</CharacterOffsetEnd>
            <POS>JJ</POS>
          </token>
          <token id="31">
            <word>fame</word>
            <lemma>fame</lemma>
            <CharacterOffsetBegin>298</CharacterOffsetBegin>
            <CharacterOffsetEnd>302</CharacterOffsetEnd>
            <POS>NN</POS>
          </token>
          <token id="32">
            <word>,</word>
            <lemma>,</lemma>
            <CharacterOffsetBegin>302</CharacterOffsetBegin>
            <CharacterOffsetEnd>303</CharacterOffsetEnd>
            <POS>,</POS>
          </token>
          <token id="33">
            <word>and</word>
            <lemma>and</lemma>
            <CharacterOffsetBegin>304</CharacterOffsetBegin>
            <CharacterOffsetEnd>307</CharacterOffsetEnd>
            <POS>CC</POS>
          </token>
          <token id="34">
            <word>had</word>
            <lemma>have</lemma>
            <CharacterOffsetBegin>308</CharacterOffsetBegin>
            <CharacterOffsetEnd>311</CharacterOffsetEnd>
            <POS>VBD</POS>
          </token>
          <token id="35">
            <word>to</word>
            <lemma>to</lemma>
            <CharacterOffsetBegin>312</CharacterOffsetBegin>
            <CharacterOffsetEnd>314</CharacterOffsetEnd>
            <POS>TO</POS>
          </token>
          <token id="36">
            <word>endure</word>
            <lemma>endure</lemma>
            <CharacterOffsetBegin>315</CharacterOffsetBegin>
            <CharacterOffsetEnd>321</CharacterOffsetEnd>
            <POS>VB</POS>
          </token>
          <token id="37">
            <word>all</word>
            <lemma>all</lemma>
            <CharacterOffsetBegin>322</CharacterOffsetBegin>
            <CharacterOffsetEnd>325</CharacterOffsetEnd>
            <POS>PDT</POS>
          </token>
          <token id="38">
            <word>the</word>
            <lemma>the</lemma>
            <CharacterOffsetBegin>326</CharacterOffsetBegin>
            <CharacterOffsetEnd>329</CharacterOffsetEnd>
            <POS>DT</POS>
          </token>
          <token id="39">
            <word>embarrassing</word>
            <lemma>embarrassing</lemma>
            <CharacterOffsetBegin>330</CharacterOffsetBegin>
            <CharacterOffsetEnd>342</CharacterOffsetEnd>
            <POS>JJ</POS>
          </token>
          <token id="40">
            <word>rock</word>
            <lemma>rock</lemma>
            <CharacterOffsetBegin>343</CharacterOffsetBegin>
            <CharacterOffsetEnd>347</CharacterOffsetEnd>
            <POS>NN</POS>
          </token>
          <token id="41">
            <word>hair-dos</word>
            <lemma>hair-do</lemma>
            <CharacterOffsetBegin>348</CharacterOffsetBegin>
            <CharacterOffsetEnd>356</CharacterOffsetEnd>
            <POS>NNS</POS>
          </token>
          <token id="42">
            <word>of</word>
            <lemma>of</lemma>
            <CharacterOffsetBegin>357</CharacterOffsetBegin>
            <CharacterOffsetEnd>359</CharacterOffsetEnd>
            <POS>IN</POS>
          </token>
          <token id="43">
            <word>the</word>
            <lemma>the</lemma>
            <CharacterOffsetBegin>360</CharacterOffsetBegin>
            <CharacterOffsetEnd>363</CharacterOffsetEnd>
            <POS>DT</POS>
          </token>
          <token id="44">
            <word>80s</word>
            <lemma>80s</lemma>
            <CharacterOffsetBegin>364</CharacterOffsetBegin>
            <CharacterOffsetEnd>367</CharacterOffsetEnd>
            <POS>CD</POS>
          </token>
          <token id="45">
            <word>.</word>
            <lemma>.</lemma>
            <CharacterOffsetBegin>367</CharacterOffsetBegin>
            <CharacterOffsetEnd>368</CharacterOffsetEnd>
            <POS>.</POS>
          </token>
        </tokens>
      </sentence>
      <sentence id="4">
        <tokens>
          <token id="1">
            <word>Ben</word>
            <lemma>Ben</lemma>
            <CharacterOffsetBegin>369</CharacterOffsetBegin>
            <CharacterOffsetEnd>372</CharacterOffsetEnd>
            <POS>NNP</POS>
          </token>
          <token id="2">
            <word>said</word>
            <lemma>say</lemma>
            <CharacterOffsetBegin>373</CharacterOffsetBegin>
            <CharacterOffsetEnd>377</CharacterOffsetEnd>
            <POS>VBD</POS>
          </token>
          <token id="3">
            <word>:</word>
            <lemma>:</lemma>
            <CharacterOffsetBegin>377</CharacterOffsetBegin>
            <CharacterOffsetEnd>378</CharacterOffsetEnd>
            <POS>:</POS>
          </token>
          <token id="4">
            <word>''</word>
            <lemma>''</lemma>
            <CharacterOffsetBegin>379</CharacterOffsetBegin>
            <CharacterOffsetEnd>380</CharacterOffsetEnd>
            <POS>''</POS>
          </token>
          <token id="5">
            <word>``</word>
            <lemma>``</lemma>
            <CharacterOffsetBegin>380</CharacterOffsetBegin>
            <CharacterOffsetEnd>381</CharacterOffsetEnd>
            <POS>``</POS>
          </token>
          <token id="6">
            <word>Some</word>
            <lemma>some</lemma>
            <CharacterOffsetBegin>381</CharacterOffsetBegin>
            <CharacterOffsetEnd>385</CharacterOffsetEnd>
            <POS>DT</POS>
          </token>
          <token id="7">
            <word>actors</word>
            <lemma>actor</lemma>
            <CharacterOffsetBegin>386</CharacterOffsetBegin>
            <CharacterOffsetEnd>392</CharacterOffsetEnd>
            <POS>NNS</POS>
          </token>
          <token id="8">
            <word>can</word>
            <lemma>can</lemma>
            <CharacterOffsetBegin>393</CharacterOffsetBegin>
            <CharacterOffsetEnd>396</CharacterOffsetEnd>
            <POS>MD</POS>
          </token>
          <token id="9">
            <word>chart</word>
            <lemma>chart</lemma>
            <CharacterOffsetBegin>397</CharacterOffsetBegin>
            <CharacterOffsetEnd>402</CharacterOffsetEnd>
            <POS>VB</POS>
          </token>
          <token id="10">
            <word>their</word>
            <lemma>they</lemma>
            <CharacterOffsetBegin>403</CharacterOffsetBegin>
            <CharacterOffsetEnd>408</CharacterOffsetEnd>
            <POS>PRP$</POS>
          </token>
          <token id="11">
            <word>journey</word>
            <lemma>journey</lemma>
            <CharacterOffsetBegin>409</CharacterOffsetBegin>
            <CharacterOffsetEnd>416</CharacterOffsetEnd>
            <POS>NN</POS>
          </token>
          <token id="12">
            <word>through</word>
            <lemma>through</lemma>
            <CharacterOffsetBegin>417</CharacterOffsetBegin>
            <CharacterOffsetEnd>424</CharacterOffsetEnd>
            <POS>IN</POS>
          </token>
          <token id="13">
            <word>their</word>
            <lemma>they</lemma>
            <CharacterOffsetBegin>425</CharacterOffsetBegin>
            <CharacterOffsetEnd>430</CharacterOffsetEnd>
            <POS>PRP$</POS>
          </token>
          <token id="14">
            <word>script</word>
            <lemma>script</lemma>
            <CharacterOffsetBegin>431</CharacterOffsetBegin>
            <CharacterOffsetEnd>437</CharacterOffsetEnd>
            <POS>NN</POS>
          </token>
          <token id="15">
            <word>,</word>
            <lemma>,</lemma>
            <CharacterOffsetBegin>437</CharacterOffsetBegin>
            <CharacterOffsetEnd>438</CharacterOffsetEnd>
            <POS>,</POS>
          </token>
          <token id="16">
            <word>but</word>
            <lemma>but</lemma>
            <CharacterOffsetBegin>439</CharacterOffsetBegin>
            <CharacterOffsetEnd>442</CharacterOffsetEnd>
            <POS>CC</POS>
          </token>
          <token id="17">
            <word>we</word>
            <lemma>we</lemma>
            <CharacterOffsetBegin>443</CharacterOffsetBegin>
            <CharacterOffsetEnd>445</CharacterOffsetEnd>
            <POS>PRP</POS>
          </token>
          <token id="18">
            <word>had</word>
            <lemma>have</lemma>
            <CharacterOffsetBegin>446</CharacterOffsetBegin>
            <CharacterOffsetEnd>449</CharacterOffsetEnd>
            <POS>VBD</POS>
          </token>
          <token id="19">
            <word>hair</word>
            <lemma>hair</lemma>
            <CharacterOffsetBegin>450</CharacterOffsetBegin>
            <CharacterOffsetEnd>454</CharacterOffsetEnd>
            <POS>NN</POS>
          </token>
          <token id="20">
            <word>charts</word>
            <lemma>chart</lemma>
            <CharacterOffsetBegin>455</CharacterOffsetBegin>
            <CharacterOffsetEnd>461</CharacterOffsetEnd>
            <POS>NNS</POS>
          </token>
          <token id="21">
            <word>.</word>
            <lemma>.</lemma>
            <CharacterOffsetBegin>461</CharacterOffsetBegin>
            <CharacterOffsetEnd>462</CharacterOffsetEnd>
            <POS>.</POS>
          </token>
          <token id="22">
            <word>''</word>
            <lemma>''</lemma>
            <CharacterOffsetBegin>463</CharacterOffsetBegin>
            <CharacterOffsetEnd>464</CharacterOffsetEnd>
            <POS>''</POS>
          </token>
        </tokens>
      </sentence>
      <sentence id="5">
        <tokens>
          <token id="1">
            <word>``</word>
            <lemma>``</lemma>
            <CharacterOffsetBegin>464</CharacterOffsetBegin>
            <CharacterOffsetEnd>465</CharacterOffsetEnd>
            <POS>``</POS>
          </token>
          <token id="2">
            <word>We</word>
            <lemma>we</lemma>
            <CharacterOffsetBegin>465</CharacterOffsetBegin>
            <CharacterOffsetEnd>467</CharacterOffsetEnd>
            <POS>PRP</POS>
          </token>
          <token id="3">
            <word>went</word>
            <lemma>go</lemma>
            <CharacterOffsetBegin>468</CharacterOffsetBegin>
            <CharacterOffsetEnd>472</CharacterOffsetEnd>
            <POS>VBD</POS>
          </token>
          <token id="4">
            <word>from</word>
            <lemma>from</lemma>
            <CharacterOffsetBegin>473</CharacterOffsetBegin>
            <CharacterOffsetEnd>477</CharacterOffsetEnd>
            <POS>IN</POS>
          </token>
          <token id="5">
            <word>the</word>
            <lemma>the</lemma>
            <CharacterOffsetBegin>478</CharacterOffsetBegin>
            <CharacterOffsetEnd>481</CharacterOffsetEnd>
            <POS>DT</POS>
          </token>
          <token id="6">
            <word>mop</word>
            <lemma>mop</lemma>
            <CharacterOffsetBegin>482</CharacterOffsetBegin>
            <CharacterOffsetEnd>485</CharacterOffsetEnd>
            <POS>VB</POS>
          </token>
          <token id="7">
            <word>head</word>
            <lemma>head</lemma>
            <CharacterOffsetBegin>486</CharacterOffsetBegin>
            <CharacterOffsetEnd>490</CharacterOffsetEnd>
            <POS>NN</POS>
          </token>
          <token id="8">
            <word>Beatles-esque</word>
            <lemma>beatles-esque</lemma>
            <CharacterOffsetBegin>491</CharacterOffsetBegin>
            <CharacterOffsetEnd>504</CharacterOffsetEnd>
            <POS>JJ</POS>
          </token>
          <token id="9">
            <word>school</word>
            <lemma>school</lemma>
            <CharacterOffsetBegin>505</CharacterOffsetBegin>
            <CharacterOffsetEnd>511</CharacterOffsetEnd>
            <POS>NN</POS>
          </token>
          <token id="10">
            <word>boy</word>
            <lemma>boy</lemma>
            <CharacterOffsetBegin>512</CharacterOffsetBegin>
            <CharacterOffsetEnd>515</CharacterOffsetEnd>
            <POS>NN</POS>
          </token>
          <token id="11">
            <word>through</word>
            <lemma>through</lemma>
            <CharacterOffsetBegin>516</CharacterOffsetBegin>
            <CharacterOffsetEnd>523</CharacterOffsetEnd>
            <POS>IN</POS>
          </token>
          <token id="12">
            <word>to</word>
            <lemma>to</lemma>
            <CharacterOffsetBegin>524</CharacterOffsetBegin>
            <CharacterOffsetEnd>526</CharacterOffsetEnd>
            <POS>TO</POS>
          </token>
          <token id="13">
            <word>the</word>
            <lemma>the</lemma>
            <CharacterOffsetBegin>527</CharacterOffsetBegin>
            <CharacterOffsetEnd>530</CharacterOffsetEnd>
            <POS>DT</POS>
          </token>
          <token id="14">
            <word>dreaded</word>
            <lemma>dreaded</lemma>
            <CharacterOffsetBegin>531</CharacterOffsetBegin>
            <CharacterOffsetEnd>538</CharacterOffsetEnd>
            <POS>JJ</POS>
          </token>
          <token id="15">
            <word>mullet</word>
            <lemma>mullet</lemma>
            <CharacterOffsetBegin>539</CharacterOffsetBegin>
            <CharacterOffsetEnd>545</CharacterOffsetEnd>
            <POS>NN</POS>
          </token>
          <token id="16">
            <word>,</word>
            <lemma>,</lemma>
            <CharacterOffsetBegin>545</CharacterOffsetBegin>
            <CharacterOffsetEnd>546</CharacterOffsetEnd>
            <POS>,</POS>
          </token>
          <token id="17">
            <word>the</word>
            <lemma>the</lemma>
            <CharacterOffsetBegin>547</CharacterOffsetBegin>
            <CharacterOffsetEnd>550</CharacterOffsetEnd>
            <POS>DT</POS>
          </token>
          <token id="18">
            <word>New</word>
            <lemma>New</lemma>
            <CharacterOffsetBegin>551</CharacterOffsetBegin>
            <CharacterOffsetEnd>554</CharacterOffsetEnd>
            <POS>NNP</POS>
          </token>
          <token id="19">
            <word>Romantics</word>
            <lemma>Romantics</lemma>
            <CharacterOffsetBegin>555</CharacterOffsetBegin>
            <CharacterOffsetEnd>564</CharacterOffsetEnd>
            <POS>NNPS</POS>
          </token>
          <token id="20">
            <word>Duran</word>
            <lemma>Duran</lemma>
            <CharacterOffsetBegin>565</CharacterOffsetBegin>
            <CharacterOffsetEnd>570</CharacterOffsetEnd>
            <POS>NNP</POS>
          </token>
          <token id="21">
            <word>Duran</word>
            <lemma>Duran</lemma>
            <CharacterOffsetBegin>571</CharacterOffsetBegin>
            <CharacterOffsetEnd>576</CharacterOffsetEnd>
            <POS>NNP</POS>
          </token>
          <token id="22">
            <word>phase</word>
            <lemma>phase</lemma>
            <CharacterOffsetBegin>577</CharacterOffsetBegin>
            <CharacterOffsetEnd>582</CharacterOffsetEnd>
            <POS>NN</POS>
          </token>
          <token id="23">
            <word>,</word>
            <lemma>,</lemma>
            <CharacterOffsetBegin>582</CharacterOffsetBegin>
            <CharacterOffsetEnd>583</CharacterOffsetEnd>
            <POS>,</POS>
          </token>
          <token id="24">
            <word>all</word>
            <lemma>all</lemma>
            <CharacterOffsetBegin>584</CharacterOffsetBegin>
            <CharacterOffsetEnd>587</CharacterOffsetEnd>
            <POS>PDT</POS>
          </token>
          <token id="25">
            <word>the</word>
            <lemma>the</lemma>
            <CharacterOffsetBegin>588</CharacterOffsetBegin>
            <CharacterOffsetEnd>591</CharacterOffsetEnd>
            <POS>DT</POS>
          </token>
          <token id="26">
            <word>way</word>
            <lemma>way</lemma>
            <CharacterOffsetBegin>592</CharacterOffsetBegin>
            <CharacterOffsetEnd>595</CharacterOffsetEnd>
            <POS>NN</POS>
          </token>
          <token id="27">
            <word>to</word>
            <lemma>to</lemma>
            <CharacterOffsetBegin>596</CharacterOffsetBegin>
            <CharacterOffsetEnd>598</CharacterOffsetEnd>
            <POS>TO</POS>
          </token>
          <token id="28">
            <word>shaggy</word>
            <lemma>shaggy</lemma>
            <CharacterOffsetBegin>599</CharacterOffsetBegin>
            <CharacterOffsetEnd>605</CharacterOffsetEnd>
            <POS>JJ</POS>
          </token>
          <token id="29">
            <word>stadium</word>
            <lemma>stadium</lemma>
            <CharacterOffsetBegin>606</CharacterOffsetBegin>
            <CharacterOffsetEnd>613</CharacterOffsetEnd>
            <POS>NN</POS>
          </token>
          <token id="30">
            <word>rock</word>
            <lemma>rock</lemma>
            <CharacterOffsetBegin>614</CharacterOffsetBegin>
            <CharacterOffsetEnd>618</CharacterOffsetEnd>
            <POS>NN</POS>
          </token>
          <token id="31">
            <word>.</word>
            <lemma>.</lemma>
            <CharacterOffsetBegin>618</CharacterOffsetBegin>
            <CharacterOffsetEnd>619</CharacterOffsetEnd>
            <POS>.</POS>
          </token>
        </tokens>
      </sentence>
      <sentence id="6">
        <tokens>
          <token id="1">
            <word>That</word>
            <lemma>that</lemma>
            <CharacterOffsetBegin>620</CharacterOffsetBegin>
            <CharacterOffsetEnd>624</CharacterOffsetEnd>
            <POS>DT</POS>
          </token>
          <token id="2">
            <word>'s</word>
            <lemma>be</lemma>
            <CharacterOffsetBegin>624</CharacterOffsetBegin>
            <CharacterOffsetEnd>626</CharacterOffsetEnd>
            <POS>VBZ</POS>
          </token>
          <token id="3">
            <word>basically</word>
            <lemma>basically</lemma>
            <CharacterOffsetBegin>627</CharacterOffsetBegin>
            <CharacterOffsetEnd>636</CharacterOffsetEnd>
            <POS>RB</POS>
          </token>
          <token id="4">
            <word>how</word>
            <lemma>how</lemma>
            <CharacterOffsetBegin>637</CharacterOffsetBegin>
            <CharacterOffsetEnd>640</CharacterOffsetEnd>
            <POS>WRB</POS>
          </token>
          <token id="5">
            <word>we</word>
            <lemma>we</lemma>
            <CharacterOffsetBegin>641</CharacterOffsetBegin>
            <CharacterOffsetEnd>643</CharacterOffsetEnd>
            <POS>PRP</POS>
          </token>
          <token id="6">
            <word>developed</word>
            <lemma>develop</lemma>
            <CharacterOffsetBegin>644</CharacterOffsetBegin>
            <CharacterOffsetEnd>653</CharacterOffsetEnd>
            <POS>VBD</POS>
          </token>
          <token id="7">
            <word>our</word>
            <lemma>we</lemma>
            <CharacterOffsetBegin>654</CharacterOffsetBegin>
            <CharacterOffsetEnd>657</CharacterOffsetEnd>
            <POS>PRP$</POS>
          </token>
          <token id="8">
            <word>characters</word>
            <lemma>character</lemma>
            <CharacterOffsetBegin>658</CharacterOffsetBegin>
            <CharacterOffsetEnd>668</CharacterOffsetEnd>
            <POS>NNS</POS>
          </token>
          <token id="9">
            <word>.</word>
            <lemma>.</lemma>
            <CharacterOffsetBegin>668</CharacterOffsetBegin>
            <CharacterOffsetEnd>669</CharacterOffsetEnd>
            <POS>.</POS>
          </token>
          <token id="10">
            <word>''</word>
            <lemma>''</lemma>
            <CharacterOffsetBegin>669</CharacterOffsetBegin>
            <CharacterOffsetEnd>670</CharacterOffsetEnd>
            <POS>''</POS>
          </token>
          <token id="11">
            <word>''</word>
            <lemma>''</lemma>
            <CharacterOffsetBegin>670</CharacterOffsetBegin>
            <CharacterOffsetEnd>671</CharacterOffsetEnd>
            <POS>''</POS>
          </token>
        </tokens>
      </sentence>
      <sentence id="7">
        <tokens>
          <token id="1">
            <word>The</word>
            <lemma>the</lemma>
            <CharacterOffsetBegin>672</CharacterOffsetBegin>
            <CharacterOffsetEnd>675</CharacterOffsetEnd>
            <POS>DT</POS>
          </token>
          <token id="2">
            <word>29-year-old</word>
            <lemma>29-year-old</lemma>
            <CharacterOffsetBegin>676</CharacterOffsetBegin>
            <CharacterOffsetEnd>687</CharacterOffsetEnd>
            <POS>JJ</POS>
          </token>
          <token id="3">
            <word>actor</word>
            <lemma>actor</lemma>
            <CharacterOffsetBegin>688</CharacterOffsetBegin>
            <CharacterOffsetEnd>693</CharacterOffsetEnd>
            <POS>NN</POS>
          </token>
          <token id="4">
            <word>,</word>
            <lemma>,</lemma>
            <CharacterOffsetBegin>693</CharacterOffsetBegin>
            <CharacterOffsetEnd>694</CharacterOffsetEnd>
            <POS>,</POS>
          </token>
          <token id="5">
            <word>who</word>
            <lemma>who</lemma>
            <CharacterOffsetBegin>695</CharacterOffsetBegin>
            <CharacterOffsetEnd>698</CharacterOffsetEnd>
            <POS>WP</POS>
          </token>
          <token id="6">
            <word>has</word>
            <lemma>have</lemma>
            <CharacterOffsetBegin>699</CharacterOffsetBegin>
            <CharacterOffsetEnd>702</CharacterOffsetEnd>
            <POS>VBZ</POS>
          </token>
          <token id="7">
            <word>experienced</word>
            <lemma>experience</lemma>
            <CharacterOffsetBegin>703</CharacterOffsetBegin>
            <CharacterOffsetEnd>714</CharacterOffsetEnd>
            <POS>VBN</POS>
          </token>
          <token id="8">
            <word>crowds</word>
            <lemma>crowd</lemma>
            <CharacterOffsetBegin>715</CharacterOffsetBegin>
            <CharacterOffsetEnd>721</CharacterOffsetEnd>
            <POS>NNS</POS>
          </token>
          <token id="9">
            <word>of</word>
            <lemma>of</lemma>
            <CharacterOffsetBegin>722</CharacterOffsetBegin>
            <CharacterOffsetEnd>724</CharacterOffsetEnd>
            <POS>IN</POS>
          </token>
          <token id="10">
            <word>screaming</word>
            <lemma>scream</lemma>
            <CharacterOffsetBegin>725</CharacterOffsetBegin>
            <CharacterOffsetEnd>734</CharacterOffsetEnd>
            <POS>VBG</POS>
          </token>
          <token id="11">
            <word>girls</word>
            <lemma>girl</lemma>
            <CharacterOffsetBegin>735</CharacterOffsetBegin>
            <CharacterOffsetEnd>740</CharacterOffsetEnd>
            <POS>NNS</POS>
          </token>
          <token id="12">
            <word>as</word>
            <lemma>as</lemma>
            <CharacterOffsetBegin>741</CharacterOffsetBegin>
            <CharacterOffsetEnd>743</CharacterOffsetEnd>
            <POS>IN</POS>
          </token>
          <token id="13">
            <word>he</word>
            <lemma>he</lemma>
            <CharacterOffsetBegin>744</CharacterOffsetBegin>
            <CharacterOffsetEnd>746</CharacterOffsetEnd>
            <POS>PRP</POS>
          </token>
          <token id="14">
            <word>walked</word>
            <lemma>walk</lemma>
            <CharacterOffsetBegin>747</CharacterOffsetBegin>
            <CharacterOffsetEnd>753</CharacterOffsetEnd>
            <POS>VBD</POS>
          </token>
          <token id="15">
            <word>the</word>
            <lemma>the</lemma>
            <CharacterOffsetBegin>754</CharacterOffsetBegin>
            <CharacterOffsetEnd>757</CharacterOffsetEnd>
            <POS>DT</POS>
          </token>
          <token id="16">
            <word>red</word>
            <lemma>red</lemma>
            <CharacterOffsetBegin>758</CharacterOffsetBegin>
            <CharacterOffsetEnd>761</CharacterOffsetEnd>
            <POS>JJ</POS>
          </token>
          <token id="17">
            <word>carpet</word>
            <lemma>carpet</lemma>
            <CharacterOffsetBegin>762</CharacterOffsetBegin>
            <CharacterOffsetEnd>768</CharacterOffsetEnd>
            <POS>NN</POS>
          </token>
          <token id="18">
            <word>at</word>
            <lemma>at</lemma>
            <CharacterOffsetBegin>769</CharacterOffsetBegin>
            <CharacterOffsetEnd>771</CharacterOffsetEnd>
            <POS>IN</POS>
          </token>
          <token id="19">
            <word>Narnia</word>
            <lemma>Narnia</lemma>
            <CharacterOffsetBegin>772</CharacterOffsetBegin>
            <CharacterOffsetEnd>778</CharacterOffsetEnd>
            <POS>NNP</POS>
          </token>
          <token id="20">
            <word>premieres</word>
            <lemma>premiere</lemma>
            <CharacterOffsetBegin>779</CharacterOffsetBegin>
            <CharacterOffsetEnd>788</CharacterOffsetEnd>
            <POS>VBZ</POS>
          </token>
          <token id="21">
            <word>,</word>
            <lemma>,</lemma>
            <CharacterOffsetBegin>788</CharacterOffsetBegin>
            <CharacterOffsetEnd>789</CharacterOffsetEnd>
            <POS>,</POS>
          </token>
          <token id="22">
            <word>admits</word>
            <lemma>admit</lemma>
            <CharacterOffsetBegin>790</CharacterOffsetBegin>
            <CharacterOffsetEnd>796</CharacterOffsetEnd>
            <POS>VBZ</POS>
          </token>
          <token id="23">
            <word>he</word>
            <lemma>he</lemma>
            <CharacterOffsetBegin>797</CharacterOffsetBegin>
            <CharacterOffsetEnd>799</CharacterOffsetEnd>
            <POS>PRP</POS>
          </token>
          <token id="24">
            <word>'d</word>
            <lemma>would</lemma>
            <CharacterOffsetBegin>799</CharacterOffsetBegin>
            <CharacterOffsetEnd>801</CharacterOffsetEnd>
            <POS>MD</POS>
          </token>
          <token id="25">
            <word>like</word>
            <lemma>like</lemma>
            <CharacterOffsetBegin>802</CharacterOffsetBegin>
            <CharacterOffsetEnd>806</CharacterOffsetEnd>
            <POS>VB</POS>
          </token>
          <token id="26">
            <word>to</word>
            <lemma>to</lemma>
            <CharacterOffsetBegin>807</CharacterOffsetBegin>
            <CharacterOffsetEnd>809</CharacterOffsetEnd>
            <POS>TO</POS>
          </token>
          <token id="27">
            <word>be</word>
            <lemma>be</lemma>
            <CharacterOffsetBegin>810</CharacterOffsetBegin>
            <CharacterOffsetEnd>812</CharacterOffsetEnd>
            <POS>VB</POS>
          </token>
          <token id="28">
            <word>a</word>
            <lemma>a</lemma>
            <CharacterOffsetBegin>813</CharacterOffsetBegin>
            <CharacterOffsetEnd>814</CharacterOffsetEnd>
            <POS>DT</POS>
          </token>
          <token id="29">
            <word>musician</word>
            <lemma>musician</lemma>
            <CharacterOffsetBegin>815</CharacterOffsetBegin>
            <CharacterOffsetEnd>823</CharacterOffsetEnd>
            <POS>NN</POS>
          </token>
          <token id="30">
            <word>,</word>
            <lemma>,</lemma>
            <CharacterOffsetBegin>823</CharacterOffsetBegin>
            <CharacterOffsetEnd>824</CharacterOffsetEnd>
            <POS>,</POS>
          </token>
          <token id="31">
            <word>but</word>
            <lemma>but</lemma>
            <CharacterOffsetBegin>825</CharacterOffsetBegin>
            <CharacterOffsetEnd>828</CharacterOffsetEnd>
            <POS>CC</POS>
          </token>
          <token id="32">
            <word>insists</word>
            <lemma>insist</lemma>
            <CharacterOffsetBegin>829</CharacterOffsetBegin>
            <CharacterOffsetEnd>836</CharacterOffsetEnd>
            <POS>VBZ</POS>
          </token>
          <token id="33">
            <word>he</word>
            <lemma>he</lemma>
            <CharacterOffsetBegin>837</CharacterOffsetBegin>
            <CharacterOffsetEnd>839</CharacterOffsetEnd>
            <POS>PRP</POS>
          </token>
          <token id="34">
            <word>does</word>
            <lemma>do</lemma>
            <CharacterOffsetBegin>840</CharacterOffsetBegin>
            <CharacterOffsetEnd>844</CharacterOffsetEnd>
            <POS>VBZ</POS>
          </token>
          <token id="35">
            <word>n't</word>
            <lemma>not</lemma>
            <CharacterOffsetBegin>844</CharacterOffsetBegin>
            <CharacterOffsetEnd>847</CharacterOffsetEnd>
            <POS>RB</POS>
          </token>
          <token id="36">
            <word>value</word>
            <lemma>value</lemma>
            <CharacterOffsetBegin>848</CharacterOffsetBegin>
            <CharacterOffsetEnd>853</CharacterOffsetEnd>
            <POS>NN</POS>
          </token>
          <token id="37">
            <word>rock</word>
            <lemma>rock</lemma>
            <CharacterOffsetBegin>854</CharacterOffsetBegin>
            <CharacterOffsetEnd>858</CharacterOffsetEnd>
            <POS>NN</POS>
          </token>
          <token id="38">
            <word>star</word>
            <lemma>star</lemma>
            <CharacterOffsetBegin>859</CharacterOffsetBegin>
            <CharacterOffsetEnd>863</CharacterOffsetEnd>
            <POS>NN</POS>
          </token>
          <token id="39">
            <word>adulation</word>
            <lemma>adulation</lemma>
            <CharacterOffsetBegin>864</CharacterOffsetBegin>
            <CharacterOffsetEnd>873</CharacterOffsetEnd>
            <POS>NN</POS>
          </token>
          <token id="40">
            <word>.</word>
            <lemma>.</lemma>
            <CharacterOffsetBegin>873</CharacterOffsetBegin>
            <CharacterOffsetEnd>874</CharacterOffsetEnd>
            <POS>.</POS>
          </token>
        </tokens>
      </sentence>
      <sentence id="8">
        <tokens>
          <token id="1">
            <word>Ben</word>
            <lemma>Ben</lemma>
            <CharacterOffsetBegin>875</CharacterOffsetBegin>
            <CharacterOffsetEnd>878</CharacterOffsetEnd>
            <POS>NNP</POS>
          </token>
          <token id="2">
            <word>said</word>
            <lemma>say</lemma>
            <CharacterOffsetBegin>879</CharacterOffsetBegin>
            <CharacterOffsetEnd>883</CharacterOffsetEnd>
            <POS>VBD</POS>
          </token>
          <token id="3">
            <word>:</word>
            <lemma>:</lemma>
            <CharacterOffsetBegin>883</CharacterOffsetBegin>
            <CharacterOffsetEnd>884</CharacterOffsetEnd>
            <POS>:</POS>
          </token>
          <token id="4">
            <word>''</word>
            <lemma>''</lemma>
            <CharacterOffsetBegin>885</CharacterOffsetBegin>
            <CharacterOffsetEnd>886</CharacterOffsetEnd>
            <POS>''</POS>
          </token>
          <token id="5">
            <word>``</word>
            <lemma>``</lemma>
            <CharacterOffsetBegin>886</CharacterOffsetBegin>
            <CharacterOffsetEnd>887</CharacterOffsetEnd>
            <POS>``</POS>
          </token>
          <token id="6">
            <word>Rock</word>
            <lemma>Rock</lemma>
            <CharacterOffsetBegin>887</CharacterOffsetBegin>
            <CharacterOffsetEnd>891</CharacterOffsetEnd>
            <POS>NNP</POS>
          </token>
          <token id="7">
            <word>bands</word>
            <lemma>band</lemma>
            <CharacterOffsetBegin>892</CharacterOffsetBegin>
            <CharacterOffsetEnd>897</CharacterOffsetEnd>
            <POS>NNS</POS>
          </token>
          <token id="8">
            <word>are</word>
            <lemma>be</lemma>
            <CharacterOffsetBegin>898</CharacterOffsetBegin>
            <CharacterOffsetEnd>901</CharacterOffsetEnd>
            <POS>VBP</POS>
          </token>
          <token id="9">
            <word>up</word>
            <lemma>up</lemma>
            <CharacterOffsetBegin>902</CharacterOffsetBegin>
            <CharacterOffsetEnd>904</CharacterOffsetEnd>
            <POS>RB</POS>
          </token>
          <token id="10">
            <word>there</word>
            <lemma>there</lemma>
            <CharacterOffsetBegin>905</CharacterOffsetBegin>
            <CharacterOffsetEnd>910</CharacterOffsetEnd>
            <POS>RB</POS>
          </token>
          <token id="11">
            <word>to</word>
            <lemma>to</lemma>
            <CharacterOffsetBegin>911</CharacterOffsetBegin>
            <CharacterOffsetEnd>913</CharacterOffsetEnd>
            <POS>TO</POS>
          </token>
          <token id="12">
            <word>do</word>
            <lemma>do</lemma>
            <CharacterOffsetBegin>914</CharacterOffsetBegin>
            <CharacterOffsetEnd>916</CharacterOffsetEnd>
            <POS>VB</POS>
          </token>
          <token id="13">
            <word>their</word>
            <lemma>they</lemma>
            <CharacterOffsetBegin>917</CharacterOffsetBegin>
            <CharacterOffsetEnd>922</CharacterOffsetEnd>
            <POS>PRP$</POS>
          </token>
          <token id="14">
            <word>thing</word>
            <lemma>thing</lemma>
            <CharacterOffsetBegin>923</CharacterOffsetBegin>
            <CharacterOffsetEnd>928</CharacterOffsetEnd>
            <POS>NN</POS>
          </token>
          <token id="15">
            <word>.</word>
            <lemma>.</lemma>
            <CharacterOffsetBegin>928</CharacterOffsetBegin>
            <CharacterOffsetEnd>929</CharacterOffsetEnd>
            <POS>.</POS>
          </token>
        </tokens>
      </sentence>
      <sentence id="9">
        <tokens>
          <token id="1">
            <word>That</word>
            <lemma>that</lemma>
            <CharacterOffsetBegin>930</CharacterOffsetBegin>
            <CharacterOffsetEnd>934</CharacterOffsetEnd>
            <POS>DT</POS>
          </token>
          <token id="2">
            <word>'s</word>
            <lemma>be</lemma>
            <CharacterOffsetBegin>934</CharacterOffsetBegin>
            <CharacterOffsetEnd>936</CharacterOffsetEnd>
            <POS>VBZ</POS>
          </token>
          <token id="3">
            <word>what</word>
            <lemma>what</lemma>
            <CharacterOffsetBegin>937</CharacterOffsetBegin>
            <CharacterOffsetEnd>941</CharacterOffsetEnd>
            <POS>WP</POS>
          </token>
          <token id="4">
            <word>they</word>
            <lemma>they</lemma>
            <CharacterOffsetBegin>942</CharacterOffsetBegin>
            <CharacterOffsetEnd>946</CharacterOffsetEnd>
            <POS>PRP</POS>
          </token>
          <token id="5">
            <word>love</word>
            <lemma>love</lemma>
            <CharacterOffsetBegin>947</CharacterOffsetBegin>
            <CharacterOffsetEnd>951</CharacterOffsetEnd>
            <POS>VBP</POS>
          </token>
          <token id="6">
            <word>-</word>
            <lemma>-</lemma>
            <CharacterOffsetBegin>952</CharacterOffsetBegin>
            <CharacterOffsetEnd>953</CharacterOffsetEnd>
            <POS>:</POS>
          </token>
          <token id="7">
            <word>to</word>
            <lemma>to</lemma>
            <CharacterOffsetBegin>954</CharacterOffsetBegin>
            <CharacterOffsetEnd>956</CharacterOffsetEnd>
            <POS>TO</POS>
          </token>
          <token id="8">
            <word>stand</word>
            <lemma>stand</lemma>
            <CharacterOffsetBegin>957</CharacterOffsetBegin>
            <CharacterOffsetEnd>962</CharacterOffsetEnd>
            <POS>VB</POS>
          </token>
          <token id="9">
            <word>on</word>
            <lemma>on</lemma>
            <CharacterOffsetBegin>963</CharacterOffsetBegin>
            <CharacterOffsetEnd>965</CharacterOffsetEnd>
            <POS>IN</POS>
          </token>
          <token id="10">
            <word>the</word>
            <lemma>the</lemma>
            <CharacterOffsetBegin>966</CharacterOffsetBegin>
            <CharacterOffsetEnd>969</CharacterOffsetEnd>
            <POS>DT</POS>
          </token>
          <token id="11">
            <word>stage</word>
            <lemma>stage</lemma>
            <CharacterOffsetBegin>970</CharacterOffsetBegin>
            <CharacterOffsetEnd>975</CharacterOffsetEnd>
            <POS>NN</POS>
          </token>
          <token id="12">
            <word>and</word>
            <lemma>and</lemma>
            <CharacterOffsetBegin>976</CharacterOffsetBegin>
            <CharacterOffsetEnd>979</CharacterOffsetEnd>
            <POS>CC</POS>
          </token>
          <token id="13">
            <word>do</word>
            <lemma>do</lemma>
            <CharacterOffsetBegin>980</CharacterOffsetBegin>
            <CharacterOffsetEnd>982</CharacterOffsetEnd>
            <POS>VBP</POS>
          </token>
          <token id="14">
            <word>that</word>
            <lemma>that</lemma>
            <CharacterOffsetBegin>983</CharacterOffsetBegin>
            <CharacterOffsetEnd>987</CharacterOffsetEnd>
            <POS>IN</POS>
          </token>
          <token id="15">
            <word>lunge</word>
            <lemma>lunge</lemma>
            <CharacterOffsetBegin>988</CharacterOffsetBegin>
            <CharacterOffsetEnd>993</CharacterOffsetEnd>
            <POS>NN</POS>
          </token>
          <token id="16">
            <word>,</word>
            <lemma>,</lemma>
            <CharacterOffsetBegin>993</CharacterOffsetBegin>
            <CharacterOffsetEnd>994</CharacterOffsetEnd>
            <POS>,</POS>
          </token>
          <token id="17">
            <word>strut</word>
            <lemma>strut</lemma>
            <CharacterOffsetBegin>995</CharacterOffsetBegin>
            <CharacterOffsetEnd>1000</CharacterOffsetEnd>
            <POS>NN</POS>
          </token>
          <token id="18">
            <word>and</word>
            <lemma>and</lemma>
            <CharacterOffsetBegin>1001</CharacterOffsetBegin>
            <CharacterOffsetEnd>1004</CharacterOffsetEnd>
            <POS>CC</POS>
          </token>
          <token id="19">
            <word>strum</word>
            <lemma>strum</lemma>
            <CharacterOffsetBegin>1005</CharacterOffsetBegin>
            <CharacterOffsetEnd>1010</CharacterOffsetEnd>
            <POS>NN</POS>
          </token>
          <token id="20">
            <word>.</word>
            <lemma>.</lemma>
            <CharacterOffsetBegin>1010</CharacterOffsetBegin>
            <CharacterOffsetEnd>1011</CharacterOffsetEnd>
            <POS>.</POS>
          </token>
          <token id="21">
            <word>''</word>
            <lemma>''</lemma>
            <CharacterOffsetBegin>1012</CharacterOffsetBegin>
            <CharacterOffsetEnd>1013</CharacterOffsetEnd>
            <POS>''</POS>
          </token>
        </tokens>
      </sentence>
      <sentence id="10">
        <tokens>
          <token id="1">
            <word>``</word>
            <lemma>``</lemma>
            <CharacterOffsetBegin>1013</CharacterOffsetBegin>
            <CharacterOffsetEnd>1014</CharacterOffsetEnd>
            <POS>``</POS>
          </token>
          <token id="2">
            <word>Actors</word>
            <lemma>actor</lemma>
            <CharacterOffsetBegin>1014</CharacterOffsetBegin>
            <CharacterOffsetEnd>1020</CharacterOffsetEnd>
            <POS>NNS</POS>
          </token>
          <token id="3">
            <word>are</word>
            <lemma>be</lemma>
            <CharacterOffsetBegin>1021</CharacterOffsetBegin>
            <CharacterOffsetEnd>1024</CharacterOffsetEnd>
            <POS>VBP</POS>
          </token>
          <token id="4">
            <word>n't</word>
            <lemma>not</lemma>
            <CharacterOffsetBegin>1024</CharacterOffsetBegin>
            <CharacterOffsetEnd>1027</CharacterOffsetEnd>
            <POS>RB</POS>
          </token>
          <token id="5">
            <word>there</word>
            <lemma>there</lemma>
            <CharacterOffsetBegin>1028</CharacterOffsetBegin>
            <CharacterOffsetEnd>1033</CharacterOffsetEnd>
            <POS>RB</POS>
          </token>
          <token id="6">
            <word>to</word>
            <lemma>to</lemma>
            <CharacterOffsetBegin>1034</CharacterOffsetBegin>
            <CharacterOffsetEnd>1036</CharacterOffsetEnd>
            <POS>TO</POS>
          </token>
          <token id="7">
            <word>walk</word>
            <lemma>walk</lemma>
            <CharacterOffsetBegin>1037</CharacterOffsetBegin>
            <CharacterOffsetEnd>1041</CharacterOffsetEnd>
            <POS>VB</POS>
          </token>
          <token id="8">
            <word>down</word>
            <lemma>down</lemma>
            <CharacterOffsetBegin>1042</CharacterOffsetBegin>
            <CharacterOffsetEnd>1046</CharacterOffsetEnd>
            <POS>RP</POS>
          </token>
          <token id="9">
            <word>a</word>
            <lemma>a</lemma>
            <CharacterOffsetBegin>1047</CharacterOffsetBegin>
            <CharacterOffsetEnd>1048</CharacterOffsetEnd>
            <POS>DT</POS>
          </token>
          <token id="10">
            <word>red</word>
            <lemma>red</lemma>
            <CharacterOffsetBegin>1049</CharacterOffsetBegin>
            <CharacterOffsetEnd>1052</CharacterOffsetEnd>
            <POS>JJ</POS>
          </token>
          <token id="11">
            <word>carpet</word>
            <lemma>carpet</lemma>
            <CharacterOffsetBegin>1053</CharacterOffsetBegin>
            <CharacterOffsetEnd>1059</CharacterOffsetEnd>
            <POS>NN</POS>
          </token>
          <token id="12">
            <word>and</word>
            <lemma>and</lemma>
            <CharacterOffsetBegin>1060</CharacterOffsetBegin>
            <CharacterOffsetEnd>1063</CharacterOffsetEnd>
            <POS>CC</POS>
          </token>
          <token id="13">
            <word>wave</word>
            <lemma>wave</lemma>
            <CharacterOffsetBegin>1064</CharacterOffsetBegin>
            <CharacterOffsetEnd>1068</CharacterOffsetEnd>
            <POS>NN</POS>
          </token>
          <token id="14">
            <word>,</word>
            <lemma>,</lemma>
            <CharacterOffsetBegin>1068</CharacterOffsetBegin>
            <CharacterOffsetEnd>1069</CharacterOffsetEnd>
            <POS>,</POS>
          </token>
          <token id="15">
            <word>that</word>
            <lemma>that</lemma>
            <CharacterOffsetBegin>1070</CharacterOffsetBegin>
            <CharacterOffsetEnd>1074</CharacterOffsetEnd>
            <POS>WDT</POS>
          </token>
          <token id="16">
            <word>is</word>
            <lemma>be</lemma>
            <CharacterOffsetBegin>1075</CharacterOffsetBegin>
            <CharacterOffsetEnd>1077</CharacterOffsetEnd>
            <POS>VBZ</POS>
          </token>
          <token id="17">
            <word>n't</word>
            <lemma>not</lemma>
            <CharacterOffsetBegin>1077</CharacterOffsetBegin>
            <CharacterOffsetEnd>1080</CharacterOffsetEnd>
            <POS>RB</POS>
          </token>
          <token id="18">
            <word>our</word>
            <lemma>we</lemma>
            <CharacterOffsetBegin>1081</CharacterOffsetBegin>
            <CharacterOffsetEnd>1084</CharacterOffsetEnd>
            <POS>PRP$</POS>
          </token>
          <token id="19">
            <word>dream</word>
            <lemma>dream</lemma>
            <CharacterOffsetBegin>1085</CharacterOffsetBegin>
            <CharacterOffsetEnd>1090</CharacterOffsetEnd>
            <POS>NN</POS>
          </token>
          <token id="20">
            <word>.</word>
            <lemma>.</lemma>
            <CharacterOffsetBegin>1090</CharacterOffsetBegin>
            <CharacterOffsetEnd>1091</CharacterOffsetEnd>
            <POS>.</POS>
          </token>
        </tokens>
      </sentence>
      <sentence id="11">
        <tokens>
          <token id="1">
            <word>The</word>
            <lemma>the</lemma>
            <CharacterOffsetBegin>1092</CharacterOffsetBegin>
            <CharacterOffsetEnd>1095</CharacterOffsetEnd>
            <POS>DT</POS>
          </token>
          <token id="2">
            <word>dream</word>
            <lemma>dream</lemma>
            <CharacterOffsetBegin>1096</CharacterOffsetBegin>
            <CharacterOffsetEnd>1101</CharacterOffsetEnd>
            <POS>NN</POS>
          </token>
          <token id="3">
            <word>is</word>
            <lemma>be</lemma>
            <CharacterOffsetBegin>1102</CharacterOffsetBegin>
            <CharacterOffsetEnd>1104</CharacterOffsetEnd>
            <POS>VBZ</POS>
          </token>
          <token id="4">
            <word>to</word>
            <lemma>to</lemma>
            <CharacterOffsetBegin>1105</CharacterOffsetBegin>
            <CharacterOffsetEnd>1107</CharacterOffsetEnd>
            <POS>TO</POS>
          </token>
          <token id="5">
            <word>be</word>
            <lemma>be</lemma>
            <CharacterOffsetBegin>1108</CharacterOffsetBegin>
            <CharacterOffsetEnd>1110</CharacterOffsetEnd>
            <POS>VB</POS>
          </token>
          <token id="6">
            <word>on</word>
            <lemma>on</lemma>
            <CharacterOffsetBegin>1111</CharacterOffsetBegin>
            <CharacterOffsetEnd>1113</CharacterOffsetEnd>
            <POS>IN</POS>
          </token>
          <token id="7">
            <word>a</word>
            <lemma>a</lemma>
            <CharacterOffsetBegin>1114</CharacterOffsetBegin>
            <CharacterOffsetEnd>1115</CharacterOffsetEnd>
            <POS>DT</POS>
          </token>
          <token id="8">
            <word>set</word>
            <lemma>set</lemma>
            <CharacterOffsetBegin>1116</CharacterOffsetBegin>
            <CharacterOffsetEnd>1119</CharacterOffsetEnd>
            <POS>NN</POS>
          </token>
          <token id="9">
            <word>.</word>
            <lemma>.</lemma>
            <CharacterOffsetBegin>1119</CharacterOffsetBegin>
            <CharacterOffsetEnd>1120</CharacterOffsetEnd>
            <POS>.</POS>
          </token>
          <token id="10">
            <word>''</word>
            <lemma>''</lemma>
            <CharacterOffsetBegin>1120</CharacterOffsetBegin>
            <CharacterOffsetEnd>1121</CharacterOffsetEnd>
            <POS>''</POS>
          </token>
          <token id="11">
            <word>''</word>
            <lemma>''</lemma>
            <CharacterOffsetBegin>1121</CharacterOffsetBegin>
            <CharacterOffsetEnd>1122</CharacterOffsetEnd>
            <POS>''</POS>
          </token>
        </tokens>
      </sentence>
      <sentence id="12">
        <tokens>
          <token id="1">
            <word>:</word>
            <lemma>:</lemma>
            <CharacterOffsetBegin>1123</CharacterOffsetBegin>
            <CharacterOffsetEnd>1124</CharacterOffsetEnd>
            <POS>:</POS>
          </token>
          <token id="2">
            <word>:</word>
            <lemma>:</lemma>
            <CharacterOffsetBegin>1124</CharacterOffsetBegin>
            <CharacterOffsetEnd>1125</CharacterOffsetEnd>
            <POS>:</POS>
          </token>
          <token id="3">
            <word>Killing</word>
            <lemma>kill</lemma>
            <CharacterOffsetBegin>1126</CharacterOffsetBegin>
            <CharacterOffsetEnd>1133</CharacterOffsetEnd>
            <POS>VBG</POS>
          </token>
          <token id="4">
            <word>Bono</word>
            <lemma>Bono</lemma>
            <CharacterOffsetBegin>1134</CharacterOffsetBegin>
            <CharacterOffsetEnd>1138</CharacterOffsetEnd>
            <POS>NNP</POS>
          </token>
          <token id="5">
            <word>is</word>
            <lemma>be</lemma>
            <CharacterOffsetBegin>1139</CharacterOffsetBegin>
            <CharacterOffsetEnd>1141</CharacterOffsetEnd>
            <POS>VBZ</POS>
          </token>
          <token id="6">
            <word>in</word>
            <lemma>in</lemma>
            <CharacterOffsetBegin>1142</CharacterOffsetBegin>
            <CharacterOffsetEnd>1144</CharacterOffsetEnd>
            <POS>IN</POS>
          </token>
          <token id="7">
            <word>cinemas</word>
            <lemma>cinema</lemma>
            <CharacterOffsetBegin>1145</CharacterOffsetBegin>
            <CharacterOffsetEnd>1152</CharacterOffsetEnd>
            <POS>NNS</POS>
          </token>
          <token id="8">
            <word>now</word>
            <lemma>now</lemma>
            <CharacterOffsetBegin>1153</CharacterOffsetBegin>
            <CharacterOffsetEnd>1156</CharacterOffsetEnd>
            <POS>RB</POS>
          </token>
          <token id="9">
            <word>.</word>
            <lemma>.</lemma>
            <CharacterOffsetBegin>1156</CharacterOffsetBegin>
            <CharacterOffsetEnd>1157</CharacterOffsetEnd>
            <POS>.</POS>
          </token>
        </tokens>
      </sentence>
    </sentences>
  </document>
</root>
