<?xml version="1.0" encoding="UTF-8"?>
<?xml-stylesheet href="CoreNLP-to-HTML.xsl" type="text/xsl"?>
<root>
  <document>
    <sentences>
      <sentence id="1">
        <tokens>
          <token id="1">
            <word>Corrected</word>
            <lemma>correct</lemma>
            <CharacterOffsetBegin>0</CharacterOffsetBegin>
            <CharacterOffsetEnd>9</CharacterOffsetEnd>
            <POS>VBN</POS>
          </token>
          <token id="2">
            <word>:</word>
            <lemma>:</lemma>
            <CharacterOffsetBegin>9</CharacterOffsetBegin>
            <CharacterOffsetEnd>10</CharacterOffsetEnd>
            <POS>:</POS>
          </token>
          <token id="3">
            <word>Penelope</word>
            <lemma>Penelope</lemma>
            <CharacterOffsetBegin>11</CharacterOffsetBegin>
            <CharacterOffsetEnd>19</CharacterOffsetEnd>
            <POS>NNP</POS>
          </token>
          <token id="4">
            <word>Cruz</word>
            <lemma>Cruz</lemma>
            <CharacterOffsetBegin>20</CharacterOffsetBegin>
            <CharacterOffsetEnd>24</CharacterOffsetEnd>
            <POS>NNP</POS>
          </token>
          <token id="5">
            <word>gets</word>
            <lemma>get</lemma>
            <CharacterOffsetBegin>25</CharacterOffsetBegin>
            <CharacterOffsetEnd>29</CharacterOffsetEnd>
            <POS>VBZ</POS>
          </token>
          <token id="6">
            <word>star</word>
            <lemma>star</lemma>
            <CharacterOffsetBegin>30</CharacterOffsetBegin>
            <CharacterOffsetEnd>34</CharacterOffsetEnd>
            <POS>NN</POS>
          </token>
          <token id="7">
            <word>on</word>
            <lemma>on</lemma>
            <CharacterOffsetBegin>35</CharacterOffsetBegin>
            <CharacterOffsetEnd>37</CharacterOffsetEnd>
            <POS>IN</POS>
          </token>
          <token id="8">
            <word>Hollywood</word>
            <lemma>Hollywood</lemma>
            <CharacterOffsetBegin>38</CharacterOffsetBegin>
            <CharacterOffsetEnd>47</CharacterOffsetEnd>
            <POS>NNP</POS>
          </token>
          <token id="9">
            <word>Blvd</word>
            <lemma>Blvd</lemma>
            <CharacterOffsetBegin>48</CharacterOffsetBegin>
            <CharacterOffsetEnd>52</CharacterOffsetEnd>
            <POS>NNP</POS>
          </token>
        </tokens>
      </sentence>
      <sentence id="2">
        <tokens>
          <token id="1">
            <word>-LRB-</word>
            <lemma>-lrb-</lemma>
            <CharacterOffsetBegin>54</CharacterOffsetBegin>
            <CharacterOffsetEnd>55</CharacterOffsetEnd>
            <POS>-LRB-</POS>
          </token>
          <token id="2">
            <word>Corrects</word>
            <lemma>correct</lemma>
            <CharacterOffsetBegin>55</CharacterOffsetBegin>
            <CharacterOffsetEnd>63</CharacterOffsetEnd>
            <POS>NNS</POS>
          </token>
          <token id="3">
            <word>to</word>
            <lemma>to</lemma>
            <CharacterOffsetBegin>64</CharacterOffsetBegin>
            <CharacterOffsetEnd>66</CharacterOffsetEnd>
            <POS>TO</POS>
          </token>
          <token id="4">
            <word>Luna</word>
            <lemma>Luna</lemma>
            <CharacterOffsetBegin>67</CharacterOffsetBegin>
            <CharacterOffsetEnd>71</CharacterOffsetEnd>
            <POS>NNP</POS>
          </token>
          <token id="5">
            <word>from</word>
            <lemma>from</lemma>
            <CharacterOffsetBegin>72</CharacterOffsetBegin>
            <CharacterOffsetEnd>76</CharacterOffsetEnd>
            <POS>IN</POS>
          </token>
          <token id="6">
            <word>Almodovar</word>
            <lemma>Almodovar</lemma>
            <CharacterOffsetBegin>77</CharacterOffsetBegin>
            <CharacterOffsetEnd>86</CharacterOffsetEnd>
            <POS>NNP</POS>
          </token>
          <token id="7">
            <word>in</word>
            <lemma>in</lemma>
            <CharacterOffsetBegin>87</CharacterOffsetBegin>
            <CharacterOffsetEnd>89</CharacterOffsetEnd>
            <POS>IN</POS>
          </token>
          <token id="8">
            <word>paragraph</word>
            <lemma>paragraph</lemma>
            <CharacterOffsetBegin>90</CharacterOffsetBegin>
            <CharacterOffsetEnd>99</CharacterOffsetEnd>
            <POS>NN</POS>
          </token>
          <token id="9">
            <word>5</word>
            <lemma>5</lemma>
            <CharacterOffsetBegin>100</CharacterOffsetBegin>
            <CharacterOffsetEnd>101</CharacterOffsetEnd>
            <POS>CD</POS>
          </token>
          <token id="10">
            <word>-RRB-</word>
            <lemma>-rrb-</lemma>
            <CharacterOffsetBegin>101</CharacterOffsetBegin>
            <CharacterOffsetEnd>102</CharacterOffsetEnd>
            <POS>-RRB-</POS>
          </token>
          <token id="11">
            <word>LOS</word>
            <lemma>LOS</lemma>
            <CharacterOffsetBegin>103</CharacterOffsetBegin>
            <CharacterOffsetEnd>106</CharacterOffsetEnd>
            <POS>NNP</POS>
          </token>
          <token id="12">
            <word>ANGELES</word>
            <lemma>ANGELES</lemma>
            <CharacterOffsetBegin>107</CharacterOffsetBegin>
            <CharacterOffsetEnd>114</CharacterOffsetEnd>
            <POS>NNP</POS>
          </token>
          <token id="13">
            <word>-LRB-</word>
            <lemma>-lrb-</lemma>
            <CharacterOffsetBegin>115</CharacterOffsetBegin>
            <CharacterOffsetEnd>116</CharacterOffsetEnd>
            <POS>-LRB-</POS>
          </token>
          <token id="14">
            <word>Reuters</word>
            <lemma>Reuters</lemma>
            <CharacterOffsetBegin>116</CharacterOffsetBegin>
            <CharacterOffsetEnd>123</CharacterOffsetEnd>
            <POS>NNP</POS>
          </token>
          <token id="15">
            <word>-RRB-</word>
            <lemma>-rrb-</lemma>
            <CharacterOffsetBegin>123</CharacterOffsetBegin>
            <CharacterOffsetEnd>124</CharacterOffsetEnd>
            <POS>-RRB-</POS>
          </token>
          <token id="16">
            <word>-</word>
            <lemma>-</lemma>
            <CharacterOffsetBegin>125</CharacterOffsetBegin>
            <CharacterOffsetEnd>126</CharacterOffsetEnd>
            <POS>:</POS>
          </token>
          <token id="17">
            <word>Oscar-winning</word>
            <lemma>oscar-winning</lemma>
            <CharacterOffsetBegin>127</CharacterOffsetBegin>
            <CharacterOffsetEnd>140</CharacterOffsetEnd>
            <POS>JJ</POS>
          </token>
          <token id="18">
            <word>actress</word>
            <lemma>actress</lemma>
            <CharacterOffsetBegin>141</CharacterOffsetBegin>
            <CharacterOffsetEnd>148</CharacterOffsetEnd>
            <POS>NN</POS>
          </token>
          <token id="19">
            <word>Penelope</word>
            <lemma>Penelope</lemma>
            <CharacterOffsetBegin>149</CharacterOffsetBegin>
            <CharacterOffsetEnd>157</CharacterOffsetEnd>
            <POS>NNP</POS>
          </token>
          <token id="20">
            <word>Cruz</word>
            <lemma>Cruz</lemma>
            <CharacterOffsetBegin>158</CharacterOffsetBegin>
            <CharacterOffsetEnd>162</CharacterOffsetEnd>
            <POS>NNP</POS>
          </token>
          <token id="21">
            <word>received</word>
            <lemma>receive</lemma>
            <CharacterOffsetBegin>163</CharacterOffsetBegin>
            <CharacterOffsetEnd>171</CharacterOffsetEnd>
            <POS>VBD</POS>
          </token>
          <token id="22">
            <word>a</word>
            <lemma>a</lemma>
            <CharacterOffsetBegin>172</CharacterOffsetBegin>
            <CharacterOffsetEnd>173</CharacterOffsetEnd>
            <POS>DT</POS>
          </token>
          <token id="23">
            <word>coveted</word>
            <lemma>coveted</lemma>
            <CharacterOffsetBegin>174</CharacterOffsetBegin>
            <CharacterOffsetEnd>181</CharacterOffsetEnd>
            <POS>JJ</POS>
          </token>
          <token id="24">
            <word>star</word>
            <lemma>star</lemma>
            <CharacterOffsetBegin>182</CharacterOffsetBegin>
            <CharacterOffsetEnd>186</CharacterOffsetEnd>
            <POS>NN</POS>
          </token>
          <token id="25">
            <word>on</word>
            <lemma>on</lemma>
            <CharacterOffsetBegin>187</CharacterOffsetBegin>
            <CharacterOffsetEnd>189</CharacterOffsetEnd>
            <POS>IN</POS>
          </token>
          <token id="26">
            <word>Hollywood</word>
            <lemma>Hollywood</lemma>
            <CharacterOffsetBegin>190</CharacterOffsetBegin>
            <CharacterOffsetEnd>199</CharacterOffsetEnd>
            <POS>NNP</POS>
          </token>
          <token id="27">
            <word>Boulevard</word>
            <lemma>Boulevard</lemma>
            <CharacterOffsetBegin>200</CharacterOffsetBegin>
            <CharacterOffsetEnd>209</CharacterOffsetEnd>
            <POS>NNP</POS>
          </token>
          <token id="28">
            <word>'s</word>
            <lemma>'s</lemma>
            <CharacterOffsetBegin>209</CharacterOffsetBegin>
            <CharacterOffsetEnd>211</CharacterOffsetEnd>
            <POS>POS</POS>
          </token>
          <token id="29">
            <word>Walk</word>
            <lemma>walk</lemma>
            <CharacterOffsetBegin>212</CharacterOffsetBegin>
            <CharacterOffsetEnd>216</CharacterOffsetEnd>
            <POS>VB</POS>
          </token>
          <token id="30">
            <word>of</word>
            <lemma>of</lemma>
            <CharacterOffsetBegin>217</CharacterOffsetBegin>
            <CharacterOffsetEnd>219</CharacterOffsetEnd>
            <POS>IN</POS>
          </token>
          <token id="31">
            <word>Fame</word>
            <lemma>Fame</lemma>
            <CharacterOffsetBegin>220</CharacterOffsetBegin>
            <CharacterOffsetEnd>224</CharacterOffsetEnd>
            <POS>NNP</POS>
          </token>
          <token id="32">
            <word>on</word>
            <lemma>on</lemma>
            <CharacterOffsetBegin>225</CharacterOffsetBegin>
            <CharacterOffsetEnd>227</CharacterOffsetEnd>
            <POS>IN</POS>
          </token>
          <token id="33">
            <word>Friday</word>
            <lemma>Friday</lemma>
            <CharacterOffsetBegin>228</CharacterOffsetBegin>
            <CharacterOffsetEnd>234</CharacterOffsetEnd>
            <POS>NNP</POS>
          </token>
          <token id="34">
            <word>,</word>
            <lemma>,</lemma>
            <CharacterOffsetBegin>234</CharacterOffsetBegin>
            <CharacterOffsetEnd>235</CharacterOffsetEnd>
            <POS>,</POS>
          </token>
          <token id="35">
            <word>becoming</word>
            <lemma>become</lemma>
            <CharacterOffsetBegin>236</CharacterOffsetBegin>
            <CharacterOffsetEnd>244</CharacterOffsetEnd>
            <POS>VBG</POS>
          </token>
          <token id="36">
            <word>the</word>
            <lemma>the</lemma>
            <CharacterOffsetBegin>245</CharacterOffsetBegin>
            <CharacterOffsetEnd>248</CharacterOffsetEnd>
            <POS>DT</POS>
          </token>
          <token id="37">
            <word>first</word>
            <lemma>first</lemma>
            <CharacterOffsetBegin>249</CharacterOffsetBegin>
            <CharacterOffsetEnd>254</CharacterOffsetEnd>
            <POS>JJ</POS>
          </token>
          <token id="38">
            <word>Spanish</word>
            <lemma>spanish</lemma>
            <CharacterOffsetBegin>255</CharacterOffsetBegin>
            <CharacterOffsetEnd>262</CharacterOffsetEnd>
            <POS>JJ</POS>
          </token>
          <token id="39">
            <word>actress</word>
            <lemma>actress</lemma>
            <CharacterOffsetBegin>263</CharacterOffsetBegin>
            <CharacterOffsetEnd>270</CharacterOffsetEnd>
            <POS>NN</POS>
          </token>
          <token id="40">
            <word>to</word>
            <lemma>to</lemma>
            <CharacterOffsetBegin>271</CharacterOffsetBegin>
            <CharacterOffsetEnd>273</CharacterOffsetEnd>
            <POS>TO</POS>
          </token>
          <token id="41">
            <word>earn</word>
            <lemma>earn</lemma>
            <CharacterOffsetBegin>274</CharacterOffsetBegin>
            <CharacterOffsetEnd>278</CharacterOffsetEnd>
            <POS>VB</POS>
          </token>
          <token id="42">
            <word>the</word>
            <lemma>the</lemma>
            <CharacterOffsetBegin>279</CharacterOffsetBegin>
            <CharacterOffsetEnd>282</CharacterOffsetEnd>
            <POS>DT</POS>
          </token>
          <token id="43">
            <word>honor</word>
            <lemma>honor</lemma>
            <CharacterOffsetBegin>283</CharacterOffsetBegin>
            <CharacterOffsetEnd>288</CharacterOffsetEnd>
            <POS>NN</POS>
          </token>
          <token id="44">
            <word>.</word>
            <lemma>.</lemma>
            <CharacterOffsetBegin>288</CharacterOffsetBegin>
            <CharacterOffsetEnd>289</CharacterOffsetEnd>
            <POS>.</POS>
          </token>
        </tokens>
      </sentence>
      <sentence id="3">
        <tokens>
          <token id="1">
            <word>Cruz</word>
            <lemma>Cruz</lemma>
            <CharacterOffsetBegin>290</CharacterOffsetBegin>
            <CharacterOffsetEnd>294</CharacterOffsetEnd>
            <POS>NNP</POS>
          </token>
          <token id="2">
            <word>,</word>
            <lemma>,</lemma>
            <CharacterOffsetBegin>294</CharacterOffsetBegin>
            <CharacterOffsetEnd>295</CharacterOffsetEnd>
            <POS>,</POS>
          </token>
          <token id="3">
            <word>who</word>
            <lemma>who</lemma>
            <CharacterOffsetBegin>296</CharacterOffsetBegin>
            <CharacterOffsetEnd>299</CharacterOffsetEnd>
            <POS>WP</POS>
          </token>
          <token id="4">
            <word>won</word>
            <lemma>win</lemma>
            <CharacterOffsetBegin>300</CharacterOffsetBegin>
            <CharacterOffsetEnd>303</CharacterOffsetEnd>
            <POS>VBD</POS>
          </token>
          <token id="5">
            <word>her</word>
            <lemma>she</lemma>
            <CharacterOffsetBegin>304</CharacterOffsetBegin>
            <CharacterOffsetEnd>307</CharacterOffsetEnd>
            <POS>PRP$</POS>
          </token>
          <token id="6">
            <word>Oscar</word>
            <lemma>Oscar</lemma>
            <CharacterOffsetBegin>308</CharacterOffsetBegin>
            <CharacterOffsetEnd>313</CharacterOffsetEnd>
            <POS>NNP</POS>
          </token>
          <token id="7">
            <word>for</word>
            <lemma>for</lemma>
            <CharacterOffsetBegin>314</CharacterOffsetBegin>
            <CharacterOffsetEnd>317</CharacterOffsetEnd>
            <POS>IN</POS>
          </token>
          <token id="8">
            <word>supporting</word>
            <lemma>support</lemma>
            <CharacterOffsetBegin>318</CharacterOffsetBegin>
            <CharacterOffsetEnd>328</CharacterOffsetEnd>
            <POS>VBG</POS>
          </token>
          <token id="9">
            <word>actress</word>
            <lemma>actress</lemma>
            <CharacterOffsetBegin>329</CharacterOffsetBegin>
            <CharacterOffsetEnd>336</CharacterOffsetEnd>
            <POS>NN</POS>
          </token>
          <token id="10">
            <word>playing</word>
            <lemma>play</lemma>
            <CharacterOffsetBegin>337</CharacterOffsetBegin>
            <CharacterOffsetEnd>344</CharacterOffsetEnd>
            <POS>VBG</POS>
          </token>
          <token id="11">
            <word>a</word>
            <lemma>a</lemma>
            <CharacterOffsetBegin>345</CharacterOffsetBegin>
            <CharacterOffsetEnd>346</CharacterOffsetEnd>
            <POS>DT</POS>
          </token>
          <token id="12">
            <word>fiery</word>
            <lemma>fiery</lemma>
            <CharacterOffsetBegin>347</CharacterOffsetBegin>
            <CharacterOffsetEnd>352</CharacterOffsetEnd>
            <POS>JJ</POS>
          </token>
          <token id="13">
            <word>artist</word>
            <lemma>artist</lemma>
            <CharacterOffsetBegin>353</CharacterOffsetBegin>
            <CharacterOffsetEnd>359</CharacterOffsetEnd>
            <POS>NN</POS>
          </token>
          <token id="14">
            <word>in</word>
            <lemma>in</lemma>
            <CharacterOffsetBegin>360</CharacterOffsetBegin>
            <CharacterOffsetEnd>362</CharacterOffsetEnd>
            <POS>IN</POS>
          </token>
          <token id="15">
            <word>Woody</word>
            <lemma>Woody</lemma>
            <CharacterOffsetBegin>363</CharacterOffsetBegin>
            <CharacterOffsetEnd>368</CharacterOffsetEnd>
            <POS>NNP</POS>
          </token>
          <token id="16">
            <word>Allen</word>
            <lemma>Allen</lemma>
            <CharacterOffsetBegin>369</CharacterOffsetBegin>
            <CharacterOffsetEnd>374</CharacterOffsetEnd>
            <POS>NNP</POS>
          </token>
          <token id="17">
            <word>'s</word>
            <lemma>'s</lemma>
            <CharacterOffsetBegin>374</CharacterOffsetBegin>
            <CharacterOffsetEnd>376</CharacterOffsetEnd>
            <POS>POS</POS>
          </token>
          <token id="18">
            <word>movie</word>
            <lemma>movie</lemma>
            <CharacterOffsetBegin>377</CharacterOffsetBegin>
            <CharacterOffsetEnd>382</CharacterOffsetEnd>
            <POS>NN</POS>
          </token>
          <token id="19">
            <word>''</word>
            <lemma>''</lemma>
            <CharacterOffsetBegin>383</CharacterOffsetBegin>
            <CharacterOffsetEnd>384</CharacterOffsetEnd>
            <POS>''</POS>
          </token>
          <token id="20">
            <word>``</word>
            <lemma>``</lemma>
            <CharacterOffsetBegin>384</CharacterOffsetBegin>
            <CharacterOffsetEnd>385</CharacterOffsetEnd>
            <POS>``</POS>
          </token>
          <token id="21">
            <word>Vicky</word>
            <lemma>Vicky</lemma>
            <CharacterOffsetBegin>385</CharacterOffsetBegin>
            <CharacterOffsetEnd>390</CharacterOffsetEnd>
            <POS>NNP</POS>
          </token>
          <token id="22">
            <word>Cristina</word>
            <lemma>Cristina</lemma>
            <CharacterOffsetBegin>391</CharacterOffsetBegin>
            <CharacterOffsetEnd>399</CharacterOffsetEnd>
            <POS>NNP</POS>
          </token>
          <token id="23">
            <word>Barcelona</word>
            <lemma>Barcelona</lemma>
            <CharacterOffsetBegin>400</CharacterOffsetBegin>
            <CharacterOffsetEnd>409</CharacterOffsetEnd>
            <POS>NNP</POS>
          </token>
          <token id="24">
            <word>,</word>
            <lemma>,</lemma>
            <CharacterOffsetBegin>409</CharacterOffsetBegin>
            <CharacterOffsetEnd>410</CharacterOffsetEnd>
            <POS>,</POS>
          </token>
          <token id="25">
            <word>''</word>
            <lemma>''</lemma>
            <CharacterOffsetBegin>410</CharacterOffsetBegin>
            <CharacterOffsetEnd>411</CharacterOffsetEnd>
            <POS>''</POS>
          </token>
          <token id="26">
            <word>''</word>
            <lemma>''</lemma>
            <CharacterOffsetBegin>411</CharacterOffsetBegin>
            <CharacterOffsetEnd>412</CharacterOffsetEnd>
            <POS>''</POS>
          </token>
          <token id="27">
            <word>called</word>
            <lemma>call</lemma>
            <CharacterOffsetBegin>413</CharacterOffsetBegin>
            <CharacterOffsetEnd>419</CharacterOffsetEnd>
            <POS>VBD</POS>
          </token>
          <token id="28">
            <word>the</word>
            <lemma>the</lemma>
            <CharacterOffsetBegin>420</CharacterOffsetBegin>
            <CharacterOffsetEnd>423</CharacterOffsetEnd>
            <POS>DT</POS>
          </token>
          <token id="29">
            <word>unveiling</word>
            <lemma>unveiling</lemma>
            <CharacterOffsetBegin>424</CharacterOffsetBegin>
            <CharacterOffsetEnd>433</CharacterOffsetEnd>
            <POS>NN</POS>
          </token>
          <token id="30">
            <word>of</word>
            <lemma>of</lemma>
            <CharacterOffsetBegin>434</CharacterOffsetBegin>
            <CharacterOffsetEnd>436</CharacterOffsetEnd>
            <POS>IN</POS>
          </token>
          <token id="31">
            <word>her</word>
            <lemma>she</lemma>
            <CharacterOffsetBegin>437</CharacterOffsetBegin>
            <CharacterOffsetEnd>440</CharacterOffsetEnd>
            <POS>PRP$</POS>
          </token>
          <token id="32">
            <word>pink</word>
            <lemma>pink</lemma>
            <CharacterOffsetBegin>441</CharacterOffsetBegin>
            <CharacterOffsetEnd>445</CharacterOffsetEnd>
            <POS>JJ</POS>
          </token>
          <token id="33">
            <word>granite</word>
            <lemma>granite</lemma>
            <CharacterOffsetBegin>446</CharacterOffsetBegin>
            <CharacterOffsetEnd>453</CharacterOffsetEnd>
            <POS>NN</POS>
          </token>
          <token id="34">
            <word>star</word>
            <lemma>star</lemma>
            <CharacterOffsetBegin>454</CharacterOffsetBegin>
            <CharacterOffsetEnd>458</CharacterOffsetEnd>
            <POS>NN</POS>
          </token>
          <token id="35">
            <word>''</word>
            <lemma>''</lemma>
            <CharacterOffsetBegin>459</CharacterOffsetBegin>
            <CharacterOffsetEnd>460</CharacterOffsetEnd>
            <POS>''</POS>
          </token>
          <token id="36">
            <word>``</word>
            <lemma>``</lemma>
            <CharacterOffsetBegin>460</CharacterOffsetBegin>
            <CharacterOffsetEnd>461</CharacterOffsetEnd>
            <POS>``</POS>
          </token>
          <token id="37">
            <word>a</word>
            <lemma>a</lemma>
            <CharacterOffsetBegin>461</CharacterOffsetBegin>
            <CharacterOffsetEnd>462</CharacterOffsetEnd>
            <POS>DT</POS>
          </token>
          <token id="38">
            <word>very</word>
            <lemma>very</lemma>
            <CharacterOffsetBegin>463</CharacterOffsetBegin>
            <CharacterOffsetEnd>467</CharacterOffsetEnd>
            <POS>RB</POS>
          </token>
          <token id="39">
            <word>special</word>
            <lemma>special</lemma>
            <CharacterOffsetBegin>468</CharacterOffsetBegin>
            <CharacterOffsetEnd>475</CharacterOffsetEnd>
            <POS>JJ</POS>
          </token>
          <token id="40">
            <word>day</word>
            <lemma>day</lemma>
            <CharacterOffsetBegin>476</CharacterOffsetBegin>
            <CharacterOffsetEnd>479</CharacterOffsetEnd>
            <POS>NN</POS>
          </token>
          <token id="41">
            <word>that</word>
            <lemma>that</lemma>
            <CharacterOffsetBegin>480</CharacterOffsetBegin>
            <CharacterOffsetEnd>484</CharacterOffsetEnd>
            <POS>IN</POS>
          </token>
          <token id="42">
            <word>I</word>
            <lemma>I</lemma>
            <CharacterOffsetBegin>485</CharacterOffsetBegin>
            <CharacterOffsetEnd>486</CharacterOffsetEnd>
            <POS>PRP</POS>
          </token>
          <token id="43">
            <word>will</word>
            <lemma>will</lemma>
            <CharacterOffsetBegin>487</CharacterOffsetBegin>
            <CharacterOffsetEnd>491</CharacterOffsetEnd>
            <POS>MD</POS>
          </token>
          <token id="44">
            <word>always</word>
            <lemma>always</lemma>
            <CharacterOffsetBegin>492</CharacterOffsetBegin>
            <CharacterOffsetEnd>498</CharacterOffsetEnd>
            <POS>RB</POS>
          </token>
          <token id="45">
            <word>remember</word>
            <lemma>remember</lemma>
            <CharacterOffsetBegin>499</CharacterOffsetBegin>
            <CharacterOffsetEnd>507</CharacterOffsetEnd>
            <POS>VB</POS>
          </token>
          <token id="46">
            <word>.</word>
            <lemma>.</lemma>
            <CharacterOffsetBegin>507</CharacterOffsetBegin>
            <CharacterOffsetEnd>508</CharacterOffsetEnd>
            <POS>.</POS>
          </token>
          <token id="47">
            <word>''</word>
            <lemma>''</lemma>
            <CharacterOffsetBegin>508</CharacterOffsetBegin>
            <CharacterOffsetEnd>509</CharacterOffsetEnd>
            <POS>''</POS>
          </token>
          <token id="48">
            <word>''</word>
            <lemma>''</lemma>
            <CharacterOffsetBegin>509</CharacterOffsetBegin>
            <CharacterOffsetEnd>510</CharacterOffsetEnd>
            <POS>''</POS>
          </token>
          <token id="49">
            <word>''</word>
            <lemma>''</lemma>
            <CharacterOffsetBegin>511</CharacterOffsetBegin>
            <CharacterOffsetEnd>512</CharacterOffsetEnd>
            <POS>''</POS>
          </token>
        </tokens>
      </sentence>
      <sentence id="4">
        <tokens>
          <token id="1">
            <word>``</word>
            <lemma>``</lemma>
            <CharacterOffsetBegin>512</CharacterOffsetBegin>
            <CharacterOffsetEnd>513</CharacterOffsetEnd>
            <POS>``</POS>
          </token>
          <token id="2">
            <word>Every</word>
            <lemma>every</lemma>
            <CharacterOffsetBegin>513</CharacterOffsetBegin>
            <CharacterOffsetEnd>518</CharacterOffsetEnd>
            <POS>DT</POS>
          </token>
          <token id="3">
            <word>time</word>
            <lemma>time</lemma>
            <CharacterOffsetBegin>519</CharacterOffsetBegin>
            <CharacterOffsetEnd>523</CharacterOffsetEnd>
            <POS>NN</POS>
          </token>
          <token id="4">
            <word>I</word>
            <lemma>I</lemma>
            <CharacterOffsetBegin>524</CharacterOffsetBegin>
            <CharacterOffsetEnd>525</CharacterOffsetEnd>
            <POS>PRP</POS>
          </token>
          <token id="5">
            <word>look</word>
            <lemma>look</lemma>
            <CharacterOffsetBegin>526</CharacterOffsetBegin>
            <CharacterOffsetEnd>530</CharacterOffsetEnd>
            <POS>VBP</POS>
          </token>
          <token id="6">
            <word>at</word>
            <lemma>at</lemma>
            <CharacterOffsetBegin>531</CharacterOffsetBegin>
            <CharacterOffsetEnd>533</CharacterOffsetEnd>
            <POS>IN</POS>
          </token>
          <token id="7">
            <word>that</word>
            <lemma>that</lemma>
            <CharacterOffsetBegin>534</CharacterOffsetBegin>
            <CharacterOffsetEnd>538</CharacterOffsetEnd>
            <POS>DT</POS>
          </token>
          <token id="8">
            <word>star</word>
            <lemma>star</lemma>
            <CharacterOffsetBegin>539</CharacterOffsetBegin>
            <CharacterOffsetEnd>543</CharacterOffsetEnd>
            <POS>NN</POS>
          </token>
          <token id="9">
            <word>,</word>
            <lemma>,</lemma>
            <CharacterOffsetBegin>543</CharacterOffsetBegin>
            <CharacterOffsetEnd>544</CharacterOffsetEnd>
            <POS>,</POS>
          </token>
          <token id="10">
            <word>I</word>
            <lemma>I</lemma>
            <CharacterOffsetBegin>545</CharacterOffsetBegin>
            <CharacterOffsetEnd>546</CharacterOffsetEnd>
            <POS>PRP</POS>
          </token>
          <token id="11">
            <word>will</word>
            <lemma>will</lemma>
            <CharacterOffsetBegin>547</CharacterOffsetBegin>
            <CharacterOffsetEnd>551</CharacterOffsetEnd>
            <POS>MD</POS>
          </token>
          <token id="12">
            <word>see</word>
            <lemma>see</lemma>
            <CharacterOffsetBegin>552</CharacterOffsetBegin>
            <CharacterOffsetEnd>555</CharacterOffsetEnd>
            <POS>VB</POS>
          </token>
          <token id="13">
            <word>the</word>
            <lemma>the</lemma>
            <CharacterOffsetBegin>556</CharacterOffsetBegin>
            <CharacterOffsetEnd>559</CharacterOffsetEnd>
            <POS>DT</POS>
          </token>
          <token id="14">
            <word>names</word>
            <lemma>name</lemma>
            <CharacterOffsetBegin>560</CharacterOffsetBegin>
            <CharacterOffsetEnd>565</CharacterOffsetEnd>
            <POS>NNS</POS>
          </token>
          <token id="15">
            <word>of</word>
            <lemma>of</lemma>
            <CharacterOffsetBegin>566</CharacterOffsetBegin>
            <CharacterOffsetEnd>568</CharacterOffsetEnd>
            <POS>IN</POS>
          </token>
          <token id="16">
            <word>all</word>
            <lemma>all</lemma>
            <CharacterOffsetBegin>569</CharacterOffsetBegin>
            <CharacterOffsetEnd>572</CharacterOffsetEnd>
            <POS>PDT</POS>
          </token>
          <token id="17">
            <word>the</word>
            <lemma>the</lemma>
            <CharacterOffsetBegin>573</CharacterOffsetBegin>
            <CharacterOffsetEnd>576</CharacterOffsetEnd>
            <POS>DT</POS>
          </token>
          <token id="18">
            <word>people</word>
            <lemma>people</lemma>
            <CharacterOffsetBegin>577</CharacterOffsetBegin>
            <CharacterOffsetEnd>583</CharacterOffsetEnd>
            <POS>NNS</POS>
          </token>
          <token id="19">
            <word>that</word>
            <lemma>that</lemma>
            <CharacterOffsetBegin>584</CharacterOffsetBegin>
            <CharacterOffsetEnd>588</CharacterOffsetEnd>
            <POS>WDT</POS>
          </token>
          <token id="20">
            <word>have</word>
            <lemma>have</lemma>
            <CharacterOffsetBegin>589</CharacterOffsetBegin>
            <CharacterOffsetEnd>593</CharacterOffsetEnd>
            <POS>VBP</POS>
          </token>
          <token id="21">
            <word>helped</word>
            <lemma>help</lemma>
            <CharacterOffsetBegin>594</CharacterOffsetBegin>
            <CharacterOffsetEnd>600</CharacterOffsetEnd>
            <POS>VBN</POS>
          </token>
          <token id="22">
            <word>me</word>
            <lemma>I</lemma>
            <CharacterOffsetBegin>601</CharacterOffsetBegin>
            <CharacterOffsetEnd>603</CharacterOffsetEnd>
            <POS>PRP</POS>
          </token>
          <token id="23">
            <word>make</word>
            <lemma>make</lemma>
            <CharacterOffsetBegin>604</CharacterOffsetBegin>
            <CharacterOffsetEnd>608</CharacterOffsetEnd>
            <POS>VBP</POS>
          </token>
          <token id="24">
            <word>many</word>
            <lemma>many</lemma>
            <CharacterOffsetBegin>609</CharacterOffsetBegin>
            <CharacterOffsetEnd>613</CharacterOffsetEnd>
            <POS>JJ</POS>
          </token>
          <token id="25">
            <word>of</word>
            <lemma>of</lemma>
            <CharacterOffsetBegin>614</CharacterOffsetBegin>
            <CharacterOffsetEnd>616</CharacterOffsetEnd>
            <POS>IN</POS>
          </token>
          <token id="26">
            <word>my</word>
            <lemma>my</lemma>
            <CharacterOffsetBegin>617</CharacterOffsetBegin>
            <CharacterOffsetEnd>619</CharacterOffsetEnd>
            <POS>PRP$</POS>
          </token>
          <token id="27">
            <word>dreams</word>
            <lemma>dream</lemma>
            <CharacterOffsetBegin>620</CharacterOffsetBegin>
            <CharacterOffsetEnd>626</CharacterOffsetEnd>
            <POS>NNS</POS>
          </token>
          <token id="28">
            <word>a</word>
            <lemma>a</lemma>
            <CharacterOffsetBegin>627</CharacterOffsetBegin>
            <CharacterOffsetEnd>628</CharacterOffsetEnd>
            <POS>DT</POS>
          </token>
          <token id="29">
            <word>reality</word>
            <lemma>reality</lemma>
            <CharacterOffsetBegin>629</CharacterOffsetBegin>
            <CharacterOffsetEnd>636</CharacterOffsetEnd>
            <POS>NN</POS>
          </token>
          <token id="30">
            <word>,</word>
            <lemma>,</lemma>
            <CharacterOffsetBegin>636</CharacterOffsetBegin>
            <CharacterOffsetEnd>637</CharacterOffsetEnd>
            <POS>,</POS>
          </token>
          <token id="31">
            <word>''</word>
            <lemma>''</lemma>
            <CharacterOffsetBegin>637</CharacterOffsetBegin>
            <CharacterOffsetEnd>638</CharacterOffsetEnd>
            <POS>''</POS>
          </token>
          <token id="32">
            <word>''</word>
            <lemma>''</lemma>
            <CharacterOffsetBegin>638</CharacterOffsetBegin>
            <CharacterOffsetEnd>639</CharacterOffsetEnd>
            <POS>''</POS>
          </token>
          <token id="33">
            <word>she</word>
            <lemma>she</lemma>
            <CharacterOffsetBegin>640</CharacterOffsetBegin>
            <CharacterOffsetEnd>643</CharacterOffsetEnd>
            <POS>PRP</POS>
          </token>
          <token id="34">
            <word>said</word>
            <lemma>say</lemma>
            <CharacterOffsetBegin>644</CharacterOffsetBegin>
            <CharacterOffsetEnd>648</CharacterOffsetEnd>
            <POS>VBD</POS>
          </token>
          <token id="35">
            <word>at</word>
            <lemma>at</lemma>
            <CharacterOffsetBegin>649</CharacterOffsetBegin>
            <CharacterOffsetEnd>651</CharacterOffsetEnd>
            <POS>IN</POS>
          </token>
          <token id="36">
            <word>the</word>
            <lemma>the</lemma>
            <CharacterOffsetBegin>652</CharacterOffsetBegin>
            <CharacterOffsetEnd>655</CharacterOffsetEnd>
            <POS>DT</POS>
          </token>
          <token id="37">
            <word>unveiling</word>
            <lemma>unveiling</lemma>
            <CharacterOffsetBegin>656</CharacterOffsetBegin>
            <CharacterOffsetEnd>665</CharacterOffsetEnd>
            <POS>NN</POS>
          </token>
          <token id="38">
            <word>attended</word>
            <lemma>attend</lemma>
            <CharacterOffsetBegin>666</CharacterOffsetBegin>
            <CharacterOffsetEnd>674</CharacterOffsetEnd>
            <POS>VBN</POS>
          </token>
          <token id="39">
            <word>by</word>
            <lemma>by</lemma>
            <CharacterOffsetBegin>675</CharacterOffsetBegin>
            <CharacterOffsetEnd>677</CharacterOffsetEnd>
            <POS>IN</POS>
          </token>
          <token id="40">
            <word>a</word>
            <lemma>a</lemma>
            <CharacterOffsetBegin>678</CharacterOffsetBegin>
            <CharacterOffsetEnd>679</CharacterOffsetEnd>
            <POS>DT</POS>
          </token>
          <token id="41">
            <word>large</word>
            <lemma>large</lemma>
            <CharacterOffsetBegin>680</CharacterOffsetBegin>
            <CharacterOffsetEnd>685</CharacterOffsetEnd>
            <POS>JJ</POS>
          </token>
          <token id="42">
            <word>crowd</word>
            <lemma>crowd</lemma>
            <CharacterOffsetBegin>686</CharacterOffsetBegin>
            <CharacterOffsetEnd>691</CharacterOffsetEnd>
            <POS>NN</POS>
          </token>
          <token id="43">
            <word>,</word>
            <lemma>,</lemma>
            <CharacterOffsetBegin>691</CharacterOffsetBegin>
            <CharacterOffsetEnd>692</CharacterOffsetEnd>
            <POS>,</POS>
          </token>
          <token id="44">
            <word>including</word>
            <lemma>include</lemma>
            <CharacterOffsetBegin>693</CharacterOffsetBegin>
            <CharacterOffsetEnd>702</CharacterOffsetEnd>
            <POS>VBG</POS>
          </token>
          <token id="45">
            <word>her</word>
            <lemma>she</lemma>
            <CharacterOffsetBegin>703</CharacterOffsetBegin>
            <CharacterOffsetEnd>706</CharacterOffsetEnd>
            <POS>PRP$</POS>
          </token>
          <token id="46">
            <word>husband</word>
            <lemma>husband</lemma>
            <CharacterOffsetBegin>707</CharacterOffsetBegin>
            <CharacterOffsetEnd>714</CharacterOffsetEnd>
            <POS>NN</POS>
          </token>
          <token id="47">
            <word>Javier</word>
            <lemma>Javier</lemma>
            <CharacterOffsetBegin>715</CharacterOffsetBegin>
            <CharacterOffsetEnd>721</CharacterOffsetEnd>
            <POS>NNP</POS>
          </token>
          <token id="48">
            <word>Bardem</word>
            <lemma>Bardem</lemma>
            <CharacterOffsetBegin>722</CharacterOffsetBegin>
            <CharacterOffsetEnd>728</CharacterOffsetEnd>
            <POS>NNP</POS>
          </token>
          <token id="49">
            <word>and</word>
            <lemma>and</lemma>
            <CharacterOffsetBegin>729</CharacterOffsetBegin>
            <CharacterOffsetEnd>732</CharacterOffsetEnd>
            <POS>CC</POS>
          </token>
          <token id="50">
            <word>friend</word>
            <lemma>friend</lemma>
            <CharacterOffsetBegin>733</CharacterOffsetBegin>
            <CharacterOffsetEnd>739</CharacterOffsetEnd>
            <POS>NN</POS>
          </token>
          <token id="51">
            <word>,</word>
            <lemma>,</lemma>
            <CharacterOffsetBegin>739</CharacterOffsetBegin>
            <CharacterOffsetEnd>740</CharacterOffsetEnd>
            <POS>,</POS>
          </token>
          <token id="52">
            <word>Johnny</word>
            <lemma>Johnny</lemma>
            <CharacterOffsetBegin>741</CharacterOffsetBegin>
            <CharacterOffsetEnd>747</CharacterOffsetEnd>
            <POS>NNP</POS>
          </token>
          <token id="53">
            <word>Depp</word>
            <lemma>Depp</lemma>
            <CharacterOffsetBegin>748</CharacterOffsetBegin>
            <CharacterOffsetEnd>752</CharacterOffsetEnd>
            <POS>NNP</POS>
          </token>
          <token id="54">
            <word>.</word>
            <lemma>.</lemma>
            <CharacterOffsetBegin>752</CharacterOffsetBegin>
            <CharacterOffsetEnd>753</CharacterOffsetEnd>
            <POS>.</POS>
          </token>
        </tokens>
      </sentence>
      <sentence id="5">
        <tokens>
          <token id="1">
            <word>Cruz</word>
            <lemma>Cruz</lemma>
            <CharacterOffsetBegin>754</CharacterOffsetBegin>
            <CharacterOffsetEnd>758</CharacterOffsetEnd>
            <POS>NNP</POS>
          </token>
          <token id="2">
            <word>,</word>
            <lemma>,</lemma>
            <CharacterOffsetBegin>758</CharacterOffsetBegin>
            <CharacterOffsetEnd>759</CharacterOffsetEnd>
            <POS>,</POS>
          </token>
          <token id="3">
            <word>36</word>
            <lemma>36</lemma>
            <CharacterOffsetBegin>760</CharacterOffsetBegin>
            <CharacterOffsetEnd>762</CharacterOffsetEnd>
            <POS>CD</POS>
          </token>
          <token id="4">
            <word>,</word>
            <lemma>,</lemma>
            <CharacterOffsetBegin>762</CharacterOffsetBegin>
            <CharacterOffsetEnd>763</CharacterOffsetEnd>
            <POS>,</POS>
          </token>
          <token id="5">
            <word>thanked</word>
            <lemma>thank</lemma>
            <CharacterOffsetBegin>764</CharacterOffsetBegin>
            <CharacterOffsetEnd>771</CharacterOffsetEnd>
            <POS>VBD</POS>
          </token>
          <token id="6">
            <word>her</word>
            <lemma>she</lemma>
            <CharacterOffsetBegin>772</CharacterOffsetBegin>
            <CharacterOffsetEnd>775</CharacterOffsetEnd>
            <POS>PRP$</POS>
          </token>
          <token id="7">
            <word>parents</word>
            <lemma>parent</lemma>
            <CharacterOffsetBegin>776</CharacterOffsetBegin>
            <CharacterOffsetEnd>783</CharacterOffsetEnd>
            <POS>NNS</POS>
          </token>
          <token id="8">
            <word>,</word>
            <lemma>,</lemma>
            <CharacterOffsetBegin>783</CharacterOffsetBegin>
            <CharacterOffsetEnd>784</CharacterOffsetEnd>
            <POS>,</POS>
          </token>
          <token id="9">
            <word>siblings</word>
            <lemma>sibling</lemma>
            <CharacterOffsetBegin>785</CharacterOffsetBegin>
            <CharacterOffsetEnd>793</CharacterOffsetEnd>
            <POS>NNS</POS>
          </token>
          <token id="10">
            <word>,</word>
            <lemma>,</lemma>
            <CharacterOffsetBegin>793</CharacterOffsetBegin>
            <CharacterOffsetEnd>794</CharacterOffsetEnd>
            <POS>,</POS>
          </token>
          <token id="11">
            <word>Bardem</word>
            <lemma>Bardem</lemma>
            <CharacterOffsetBegin>795</CharacterOffsetBegin>
            <CharacterOffsetEnd>801</CharacterOffsetEnd>
            <POS>NNP</POS>
          </token>
          <token id="12">
            <word>and</word>
            <lemma>and</lemma>
            <CharacterOffsetBegin>802</CharacterOffsetBegin>
            <CharacterOffsetEnd>805</CharacterOffsetEnd>
            <POS>CC</POS>
          </token>
          <token id="13">
            <word>their</word>
            <lemma>they</lemma>
            <CharacterOffsetBegin>806</CharacterOffsetBegin>
            <CharacterOffsetEnd>811</CharacterOffsetEnd>
            <POS>PRP$</POS>
          </token>
          <token id="14">
            <word>newborn</word>
            <lemma>newborn</lemma>
            <CharacterOffsetBegin>812</CharacterOffsetBegin>
            <CharacterOffsetEnd>819</CharacterOffsetEnd>
            <POS>JJ</POS>
          </token>
          <token id="15">
            <word>son</word>
            <lemma>son</lemma>
            <CharacterOffsetBegin>820</CharacterOffsetBegin>
            <CharacterOffsetEnd>823</CharacterOffsetEnd>
            <POS>NN</POS>
          </token>
          <token id="16">
            <word>,</word>
            <lemma>,</lemma>
            <CharacterOffsetBegin>823</CharacterOffsetBegin>
            <CharacterOffsetEnd>824</CharacterOffsetEnd>
            <POS>,</POS>
          </token>
          <token id="17">
            <word>''</word>
            <lemma>''</lemma>
            <CharacterOffsetBegin>825</CharacterOffsetBegin>
            <CharacterOffsetEnd>826</CharacterOffsetEnd>
            <POS>''</POS>
          </token>
          <token id="18">
            <word>``</word>
            <lemma>``</lemma>
            <CharacterOffsetBegin>826</CharacterOffsetBegin>
            <CharacterOffsetEnd>827</CharacterOffsetEnd>
            <POS>``</POS>
          </token>
          <token id="19">
            <word>for</word>
            <lemma>for</lemma>
            <CharacterOffsetBegin>827</CharacterOffsetBegin>
            <CharacterOffsetEnd>830</CharacterOffsetEnd>
            <POS>IN</POS>
          </token>
          <token id="20">
            <word>making</word>
            <lemma>make</lemma>
            <CharacterOffsetBegin>831</CharacterOffsetBegin>
            <CharacterOffsetEnd>837</CharacterOffsetEnd>
            <POS>VBG</POS>
          </token>
          <token id="21">
            <word>me</word>
            <lemma>I</lemma>
            <CharacterOffsetBegin>838</CharacterOffsetBegin>
            <CharacterOffsetEnd>840</CharacterOffsetEnd>
            <POS>PRP</POS>
          </token>
          <token id="22">
            <word>happy</word>
            <lemma>happy</lemma>
            <CharacterOffsetBegin>841</CharacterOffsetBegin>
            <CharacterOffsetEnd>846</CharacterOffsetEnd>
            <POS>JJ</POS>
          </token>
          <token id="23">
            <word>every</word>
            <lemma>every</lemma>
            <CharacterOffsetBegin>847</CharacterOffsetBegin>
            <CharacterOffsetEnd>852</CharacterOffsetEnd>
            <POS>DT</POS>
          </token>
          <token id="24">
            <word>day</word>
            <lemma>day</lemma>
            <CharacterOffsetBegin>853</CharacterOffsetBegin>
            <CharacterOffsetEnd>856</CharacterOffsetEnd>
            <POS>NN</POS>
          </token>
          <token id="25">
            <word>.</word>
            <lemma>.</lemma>
            <CharacterOffsetBegin>856</CharacterOffsetBegin>
            <CharacterOffsetEnd>857</CharacterOffsetEnd>
            <POS>.</POS>
          </token>
          <token id="26">
            <word>''</word>
            <lemma>''</lemma>
            <CharacterOffsetBegin>857</CharacterOffsetBegin>
            <CharacterOffsetEnd>858</CharacterOffsetEnd>
            <POS>''</POS>
          </token>
          <token id="27">
            <word>''</word>
            <lemma>''</lemma>
            <CharacterOffsetBegin>858</CharacterOffsetBegin>
            <CharacterOffsetEnd>859</CharacterOffsetEnd>
            <POS>''</POS>
          </token>
        </tokens>
      </sentence>
      <sentence id="6">
        <tokens>
          <token id="1">
            <word>The</word>
            <lemma>the</lemma>
            <CharacterOffsetBegin>860</CharacterOffsetBegin>
            <CharacterOffsetEnd>863</CharacterOffsetEnd>
            <POS>DT</POS>
          </token>
          <token id="2">
            <word>Spanish</word>
            <lemma>spanish</lemma>
            <CharacterOffsetBegin>864</CharacterOffsetBegin>
            <CharacterOffsetEnd>871</CharacterOffsetEnd>
            <POS>JJ</POS>
          </token>
          <token id="3">
            <word>beauty</word>
            <lemma>beauty</lemma>
            <CharacterOffsetBegin>872</CharacterOffsetBegin>
            <CharacterOffsetEnd>878</CharacterOffsetEnd>
            <POS>NN</POS>
          </token>
          <token id="4">
            <word>made</word>
            <lemma>make</lemma>
            <CharacterOffsetBegin>879</CharacterOffsetBegin>
            <CharacterOffsetEnd>883</CharacterOffsetEnd>
            <POS>VBD</POS>
          </token>
          <token id="5">
            <word>her</word>
            <lemma>she</lemma>
            <CharacterOffsetBegin>884</CharacterOffsetBegin>
            <CharacterOffsetEnd>887</CharacterOffsetEnd>
            <POS>PRP$</POS>
          </token>
          <token id="6">
            <word>acting</word>
            <lemma>acting</lemma>
            <CharacterOffsetBegin>888</CharacterOffsetBegin>
            <CharacterOffsetEnd>894</CharacterOffsetEnd>
            <POS>JJ</POS>
          </token>
          <token id="7">
            <word>debut</word>
            <lemma>debut</lemma>
            <CharacterOffsetBegin>895</CharacterOffsetBegin>
            <CharacterOffsetEnd>900</CharacterOffsetEnd>
            <POS>NN</POS>
          </token>
          <token id="8">
            <word>on</word>
            <lemma>on</lemma>
            <CharacterOffsetBegin>901</CharacterOffsetBegin>
            <CharacterOffsetEnd>903</CharacterOffsetEnd>
            <POS>IN</POS>
          </token>
          <token id="9">
            <word>television</word>
            <lemma>television</lemma>
            <CharacterOffsetBegin>904</CharacterOffsetBegin>
            <CharacterOffsetEnd>914</CharacterOffsetEnd>
            <POS>NN</POS>
          </token>
          <token id="10">
            <word>when</word>
            <lemma>when</lemma>
            <CharacterOffsetBegin>915</CharacterOffsetBegin>
            <CharacterOffsetEnd>919</CharacterOffsetEnd>
            <POS>WRB</POS>
          </token>
          <token id="11">
            <word>she</word>
            <lemma>she</lemma>
            <CharacterOffsetBegin>920</CharacterOffsetBegin>
            <CharacterOffsetEnd>923</CharacterOffsetEnd>
            <POS>PRP</POS>
          </token>
          <token id="12">
            <word>was</word>
            <lemma>be</lemma>
            <CharacterOffsetBegin>924</CharacterOffsetBegin>
            <CharacterOffsetEnd>927</CharacterOffsetEnd>
            <POS>VBD</POS>
          </token>
          <token id="13">
            <word>just</word>
            <lemma>just</lemma>
            <CharacterOffsetBegin>928</CharacterOffsetBegin>
            <CharacterOffsetEnd>932</CharacterOffsetEnd>
            <POS>RB</POS>
          </token>
          <token id="14">
            <word>a</word>
            <lemma>a</lemma>
            <CharacterOffsetBegin>933</CharacterOffsetBegin>
            <CharacterOffsetEnd>934</CharacterOffsetEnd>
            <POS>DT</POS>
          </token>
          <token id="15">
            <word>teenager</word>
            <lemma>teenager</lemma>
            <CharacterOffsetBegin>935</CharacterOffsetBegin>
            <CharacterOffsetEnd>943</CharacterOffsetEnd>
            <POS>NN</POS>
          </token>
          <token id="16">
            <word>and</word>
            <lemma>and</lemma>
            <CharacterOffsetBegin>944</CharacterOffsetBegin>
            <CharacterOffsetEnd>947</CharacterOffsetEnd>
            <POS>CC</POS>
          </token>
          <token id="17">
            <word>began</word>
            <lemma>begin</lemma>
            <CharacterOffsetBegin>948</CharacterOffsetBegin>
            <CharacterOffsetEnd>953</CharacterOffsetEnd>
            <POS>VBD</POS>
          </token>
          <token id="18">
            <word>her</word>
            <lemma>she</lemma>
            <CharacterOffsetBegin>954</CharacterOffsetBegin>
            <CharacterOffsetEnd>957</CharacterOffsetEnd>
            <POS>PRP$</POS>
          </token>
          <token id="19">
            <word>feature</word>
            <lemma>feature</lemma>
            <CharacterOffsetBegin>958</CharacterOffsetBegin>
            <CharacterOffsetEnd>965</CharacterOffsetEnd>
            <POS>NN</POS>
          </token>
          <token id="20">
            <word>film</word>
            <lemma>film</lemma>
            <CharacterOffsetBegin>966</CharacterOffsetBegin>
            <CharacterOffsetEnd>970</CharacterOffsetEnd>
            <POS>NN</POS>
          </token>
          <token id="21">
            <word>career</word>
            <lemma>career</lemma>
            <CharacterOffsetBegin>971</CharacterOffsetBegin>
            <CharacterOffsetEnd>977</CharacterOffsetEnd>
            <POS>NN</POS>
          </token>
          <token id="22">
            <word>in</word>
            <lemma>in</lemma>
            <CharacterOffsetBegin>978</CharacterOffsetBegin>
            <CharacterOffsetEnd>980</CharacterOffsetEnd>
            <POS>IN</POS>
          </token>
          <token id="23">
            <word>the</word>
            <lemma>the</lemma>
            <CharacterOffsetBegin>981</CharacterOffsetBegin>
            <CharacterOffsetEnd>984</CharacterOffsetEnd>
            <POS>DT</POS>
          </token>
          <token id="24">
            <word>1992</word>
            <lemma>1992</lemma>
            <CharacterOffsetBegin>985</CharacterOffsetBegin>
            <CharacterOffsetEnd>989</CharacterOffsetEnd>
            <POS>CD</POS>
          </token>
          <token id="25">
            <word>movie</word>
            <lemma>movie</lemma>
            <CharacterOffsetBegin>990</CharacterOffsetBegin>
            <CharacterOffsetEnd>995</CharacterOffsetEnd>
            <POS>NN</POS>
          </token>
          <token id="26">
            <word>''</word>
            <lemma>''</lemma>
            <CharacterOffsetBegin>996</CharacterOffsetBegin>
            <CharacterOffsetEnd>997</CharacterOffsetEnd>
            <POS>''</POS>
          </token>
          <token id="27">
            <word>``</word>
            <lemma>``</lemma>
            <CharacterOffsetBegin>997</CharacterOffsetBegin>
            <CharacterOffsetEnd>998</CharacterOffsetEnd>
            <POS>``</POS>
          </token>
          <token id="28">
            <word>Jamon</word>
            <lemma>Jamon</lemma>
            <CharacterOffsetBegin>998</CharacterOffsetBegin>
            <CharacterOffsetEnd>1003</CharacterOffsetEnd>
            <POS>NNP</POS>
          </token>
          <token id="29">
            <word>Jamon</word>
            <lemma>Jamon</lemma>
            <CharacterOffsetBegin>1004</CharacterOffsetBegin>
            <CharacterOffsetEnd>1009</CharacterOffsetEnd>
            <POS>NNP</POS>
          </token>
          <token id="30">
            <word>,</word>
            <lemma>,</lemma>
            <CharacterOffsetBegin>1009</CharacterOffsetBegin>
            <CharacterOffsetEnd>1010</CharacterOffsetEnd>
            <POS>,</POS>
          </token>
          <token id="31">
            <word>''</word>
            <lemma>''</lemma>
            <CharacterOffsetBegin>1010</CharacterOffsetBegin>
            <CharacterOffsetEnd>1011</CharacterOffsetEnd>
            <POS>''</POS>
          </token>
          <token id="32">
            <word>''</word>
            <lemma>''</lemma>
            <CharacterOffsetBegin>1011</CharacterOffsetBegin>
            <CharacterOffsetEnd>1012</CharacterOffsetEnd>
            <POS>''</POS>
          </token>
          <token id="33">
            <word>which</word>
            <lemma>which</lemma>
            <CharacterOffsetBegin>1013</CharacterOffsetBegin>
            <CharacterOffsetEnd>1018</CharacterOffsetEnd>
            <POS>WDT</POS>
          </token>
          <token id="34">
            <word>was</word>
            <lemma>be</lemma>
            <CharacterOffsetBegin>1019</CharacterOffsetBegin>
            <CharacterOffsetEnd>1022</CharacterOffsetEnd>
            <POS>VBD</POS>
          </token>
          <token id="35">
            <word>directed</word>
            <lemma>direct</lemma>
            <CharacterOffsetBegin>1023</CharacterOffsetBegin>
            <CharacterOffsetEnd>1031</CharacterOffsetEnd>
            <POS>VBN</POS>
          </token>
          <token id="36">
            <word>by</word>
            <lemma>by</lemma>
            <CharacterOffsetBegin>1032</CharacterOffsetBegin>
            <CharacterOffsetEnd>1034</CharacterOffsetEnd>
            <POS>IN</POS>
          </token>
          <token id="37">
            <word>Bigas</word>
            <lemma>Bigas</lemma>
            <CharacterOffsetBegin>1035</CharacterOffsetBegin>
            <CharacterOffsetEnd>1040</CharacterOffsetEnd>
            <POS>NNP</POS>
          </token>
          <token id="38">
            <word>Luna</word>
            <lemma>Luna</lemma>
            <CharacterOffsetBegin>1041</CharacterOffsetBegin>
            <CharacterOffsetEnd>1045</CharacterOffsetEnd>
            <POS>NNP</POS>
          </token>
          <token id="39">
            <word>and</word>
            <lemma>and</lemma>
            <CharacterOffsetBegin>1046</CharacterOffsetBegin>
            <CharacterOffsetEnd>1049</CharacterOffsetEnd>
            <POS>CC</POS>
          </token>
          <token id="40">
            <word>also</word>
            <lemma>also</lemma>
            <CharacterOffsetBegin>1050</CharacterOffsetBegin>
            <CharacterOffsetEnd>1054</CharacterOffsetEnd>
            <POS>RB</POS>
          </token>
          <token id="41">
            <word>starred</word>
            <lemma>star</lemma>
            <CharacterOffsetBegin>1055</CharacterOffsetBegin>
            <CharacterOffsetEnd>1062</CharacterOffsetEnd>
            <POS>VBD</POS>
          </token>
          <token id="42">
            <word>Bardem</word>
            <lemma>Bardem</lemma>
            <CharacterOffsetBegin>1063</CharacterOffsetBegin>
            <CharacterOffsetEnd>1069</CharacterOffsetEnd>
            <POS>NNP</POS>
          </token>
          <token id="43">
            <word>.</word>
            <lemma>.</lemma>
            <CharacterOffsetBegin>1069</CharacterOffsetBegin>
            <CharacterOffsetEnd>1070</CharacterOffsetEnd>
            <POS>.</POS>
          </token>
        </tokens>
      </sentence>
      <sentence id="7">
        <tokens>
          <token id="1">
            <word>She</word>
            <lemma>she</lemma>
            <CharacterOffsetBegin>1071</CharacterOffsetBegin>
            <CharacterOffsetEnd>1074</CharacterOffsetEnd>
            <POS>PRP</POS>
          </token>
          <token id="2">
            <word>was</word>
            <lemma>be</lemma>
            <CharacterOffsetBegin>1075</CharacterOffsetBegin>
            <CharacterOffsetEnd>1078</CharacterOffsetEnd>
            <POS>VBD</POS>
          </token>
          <token id="3">
            <word>featured</word>
            <lemma>feature</lemma>
            <CharacterOffsetBegin>1079</CharacterOffsetBegin>
            <CharacterOffsetEnd>1087</CharacterOffsetEnd>
            <POS>VBN</POS>
          </token>
          <token id="4">
            <word>in</word>
            <lemma>in</lemma>
            <CharacterOffsetBegin>1088</CharacterOffsetBegin>
            <CharacterOffsetEnd>1090</CharacterOffsetEnd>
            <POS>IN</POS>
          </token>
          <token id="5">
            <word>several</word>
            <lemma>several</lemma>
            <CharacterOffsetBegin>1091</CharacterOffsetBegin>
            <CharacterOffsetEnd>1098</CharacterOffsetEnd>
            <POS>JJ</POS>
          </token>
          <token id="6">
            <word>films</word>
            <lemma>film</lemma>
            <CharacterOffsetBegin>1099</CharacterOffsetBegin>
            <CharacterOffsetEnd>1104</CharacterOffsetEnd>
            <POS>NNS</POS>
          </token>
          <token id="7">
            <word>by</word>
            <lemma>by</lemma>
            <CharacterOffsetBegin>1105</CharacterOffsetBegin>
            <CharacterOffsetEnd>1107</CharacterOffsetEnd>
            <POS>IN</POS>
          </token>
          <token id="8">
            <word>Spanish</word>
            <lemma>spanish</lemma>
            <CharacterOffsetBegin>1108</CharacterOffsetBegin>
            <CharacterOffsetEnd>1115</CharacterOffsetEnd>
            <POS>JJ</POS>
          </token>
          <token id="9">
            <word>director</word>
            <lemma>director</lemma>
            <CharacterOffsetBegin>1116</CharacterOffsetBegin>
            <CharacterOffsetEnd>1124</CharacterOffsetEnd>
            <POS>NN</POS>
          </token>
          <token id="10">
            <word>Pedro</word>
            <lemma>Pedro</lemma>
            <CharacterOffsetBegin>1125</CharacterOffsetBegin>
            <CharacterOffsetEnd>1130</CharacterOffsetEnd>
            <POS>NNP</POS>
          </token>
          <token id="11">
            <word>Almodovar</word>
            <lemma>Almodovar</lemma>
            <CharacterOffsetBegin>1131</CharacterOffsetBegin>
            <CharacterOffsetEnd>1140</CharacterOffsetEnd>
            <POS>NNP</POS>
          </token>
          <token id="12">
            <word>before</word>
            <lemma>before</lemma>
            <CharacterOffsetBegin>1141</CharacterOffsetBegin>
            <CharacterOffsetEnd>1147</CharacterOffsetEnd>
            <POS>IN</POS>
          </token>
          <token id="13">
            <word>making</word>
            <lemma>make</lemma>
            <CharacterOffsetBegin>1148</CharacterOffsetBegin>
            <CharacterOffsetEnd>1154</CharacterOffsetEnd>
            <POS>VBG</POS>
          </token>
          <token id="14">
            <word>the</word>
            <lemma>the</lemma>
            <CharacterOffsetBegin>1155</CharacterOffsetBegin>
            <CharacterOffsetEnd>1158</CharacterOffsetEnd>
            <POS>DT</POS>
          </token>
          <token id="15">
            <word>move</word>
            <lemma>move</lemma>
            <CharacterOffsetBegin>1159</CharacterOffsetBegin>
            <CharacterOffsetEnd>1163</CharacterOffsetEnd>
            <POS>NN</POS>
          </token>
          <token id="16">
            <word>to</word>
            <lemma>to</lemma>
            <CharacterOffsetBegin>1164</CharacterOffsetBegin>
            <CharacterOffsetEnd>1166</CharacterOffsetEnd>
            <POS>TO</POS>
          </token>
          <token id="17">
            <word>Hollywood</word>
            <lemma>Hollywood</lemma>
            <CharacterOffsetBegin>1167</CharacterOffsetBegin>
            <CharacterOffsetEnd>1176</CharacterOffsetEnd>
            <POS>NNP</POS>
          </token>
          <token id="18">
            <word>where</word>
            <lemma>where</lemma>
            <CharacterOffsetBegin>1177</CharacterOffsetBegin>
            <CharacterOffsetEnd>1182</CharacterOffsetEnd>
            <POS>WRB</POS>
          </token>
          <token id="19">
            <word>she</word>
            <lemma>she</lemma>
            <CharacterOffsetBegin>1183</CharacterOffsetBegin>
            <CharacterOffsetEnd>1186</CharacterOffsetEnd>
            <POS>PRP</POS>
          </token>
          <token id="20">
            <word>has</word>
            <lemma>have</lemma>
            <CharacterOffsetBegin>1187</CharacterOffsetBegin>
            <CharacterOffsetEnd>1190</CharacterOffsetEnd>
            <POS>VBZ</POS>
          </token>
          <token id="21">
            <word>worked</word>
            <lemma>work</lemma>
            <CharacterOffsetBegin>1191</CharacterOffsetBegin>
            <CharacterOffsetEnd>1197</CharacterOffsetEnd>
            <POS>VBN</POS>
          </token>
          <token id="22">
            <word>in</word>
            <lemma>in</lemma>
            <CharacterOffsetBegin>1198</CharacterOffsetBegin>
            <CharacterOffsetEnd>1200</CharacterOffsetEnd>
            <POS>IN</POS>
          </token>
          <token id="23">
            <word>movies</word>
            <lemma>movie</lemma>
            <CharacterOffsetBegin>1201</CharacterOffsetBegin>
            <CharacterOffsetEnd>1207</CharacterOffsetEnd>
            <POS>NNS</POS>
          </token>
          <token id="24">
            <word>such</word>
            <lemma>such</lemma>
            <CharacterOffsetBegin>1208</CharacterOffsetBegin>
            <CharacterOffsetEnd>1212</CharacterOffsetEnd>
            <POS>JJ</POS>
          </token>
          <token id="25">
            <word>as</word>
            <lemma>as</lemma>
            <CharacterOffsetBegin>1213</CharacterOffsetBegin>
            <CharacterOffsetEnd>1215</CharacterOffsetEnd>
            <POS>IN</POS>
          </token>
          <token id="26">
            <word>''</word>
            <lemma>''</lemma>
            <CharacterOffsetBegin>1216</CharacterOffsetBegin>
            <CharacterOffsetEnd>1217</CharacterOffsetEnd>
            <POS>''</POS>
          </token>
          <token id="27">
            <word>``</word>
            <lemma>``</lemma>
            <CharacterOffsetBegin>1217</CharacterOffsetBegin>
            <CharacterOffsetEnd>1218</CharacterOffsetEnd>
            <POS>``</POS>
          </token>
          <token id="28">
            <word>Blow</word>
            <lemma>blow</lemma>
            <CharacterOffsetBegin>1218</CharacterOffsetBegin>
            <CharacterOffsetEnd>1222</CharacterOffsetEnd>
            <POS>VB</POS>
          </token>
          <token id="29">
            <word>,</word>
            <lemma>,</lemma>
            <CharacterOffsetBegin>1222</CharacterOffsetBegin>
            <CharacterOffsetEnd>1223</CharacterOffsetEnd>
            <POS>,</POS>
          </token>
          <token id="30">
            <word>''</word>
            <lemma>''</lemma>
            <CharacterOffsetBegin>1223</CharacterOffsetBegin>
            <CharacterOffsetEnd>1224</CharacterOffsetEnd>
            <POS>''</POS>
          </token>
          <token id="31">
            <word>''</word>
            <lemma>''</lemma>
            <CharacterOffsetBegin>1224</CharacterOffsetBegin>
            <CharacterOffsetEnd>1225</CharacterOffsetEnd>
            <POS>''</POS>
          </token>
          <token id="32">
            <word>''</word>
            <lemma>''</lemma>
            <CharacterOffsetBegin>1226</CharacterOffsetBegin>
            <CharacterOffsetEnd>1227</CharacterOffsetEnd>
            <POS>''</POS>
          </token>
          <token id="33">
            <word>``</word>
            <lemma>``</lemma>
            <CharacterOffsetBegin>1227</CharacterOffsetBegin>
            <CharacterOffsetEnd>1228</CharacterOffsetEnd>
            <POS>``</POS>
          </token>
          <token id="34">
            <word>Vanilla</word>
            <lemma>Vanilla</lemma>
            <CharacterOffsetBegin>1228</CharacterOffsetBegin>
            <CharacterOffsetEnd>1235</CharacterOffsetEnd>
            <POS>NNP</POS>
          </token>
          <token id="35">
            <word>Sky</word>
            <lemma>Sky</lemma>
            <CharacterOffsetBegin>1236</CharacterOffsetBegin>
            <CharacterOffsetEnd>1239</CharacterOffsetEnd>
            <POS>NNP</POS>
          </token>
          <token id="36">
            <word>''</word>
            <lemma>''</lemma>
            <CharacterOffsetBegin>1239</CharacterOffsetBegin>
            <CharacterOffsetEnd>1240</CharacterOffsetEnd>
            <POS>''</POS>
          </token>
          <token id="37">
            <word>''</word>
            <lemma>''</lemma>
            <CharacterOffsetBegin>1240</CharacterOffsetBegin>
            <CharacterOffsetEnd>1241</CharacterOffsetEnd>
            <POS>''</POS>
          </token>
          <token id="38">
            <word>and</word>
            <lemma>and</lemma>
            <CharacterOffsetBegin>1242</CharacterOffsetBegin>
            <CharacterOffsetEnd>1245</CharacterOffsetEnd>
            <POS>CC</POS>
          </token>
          <token id="39">
            <word>''</word>
            <lemma>''</lemma>
            <CharacterOffsetBegin>1246</CharacterOffsetBegin>
            <CharacterOffsetEnd>1247</CharacterOffsetEnd>
            <POS>''</POS>
          </token>
          <token id="40">
            <word>``</word>
            <lemma>``</lemma>
            <CharacterOffsetBegin>1247</CharacterOffsetBegin>
            <CharacterOffsetEnd>1248</CharacterOffsetEnd>
            <POS>``</POS>
          </token>
          <token id="41">
            <word>Nine</word>
            <lemma>nine</lemma>
            <CharacterOffsetBegin>1248</CharacterOffsetBegin>
            <CharacterOffsetEnd>1252</CharacterOffsetEnd>
            <POS>CD</POS>
          </token>
          <token id="42">
            <word>.</word>
            <lemma>.</lemma>
            <CharacterOffsetBegin>1252</CharacterOffsetBegin>
            <CharacterOffsetEnd>1253</CharacterOffsetEnd>
            <POS>.</POS>
          </token>
          <token id="43">
            <word>''</word>
            <lemma>''</lemma>
            <CharacterOffsetBegin>1253</CharacterOffsetBegin>
            <CharacterOffsetEnd>1254</CharacterOffsetEnd>
            <POS>''</POS>
          </token>
          <token id="44">
            <word>''</word>
            <lemma>''</lemma>
            <CharacterOffsetBegin>1254</CharacterOffsetBegin>
            <CharacterOffsetEnd>1255</CharacterOffsetEnd>
            <POS>''</POS>
          </token>
        </tokens>
      </sentence>
      <sentence id="8">
        <tokens>
          <token id="1">
            <word>Next</word>
            <lemma>next</lemma>
            <CharacterOffsetBegin>1256</CharacterOffsetBegin>
            <CharacterOffsetEnd>1260</CharacterOffsetEnd>
            <POS>RB</POS>
          </token>
          <token id="2">
            <word>up</word>
            <lemma>up</lemma>
            <CharacterOffsetBegin>1261</CharacterOffsetBegin>
            <CharacterOffsetEnd>1263</CharacterOffsetEnd>
            <POS>RB</POS>
          </token>
          <token id="3">
            <word>,</word>
            <lemma>,</lemma>
            <CharacterOffsetBegin>1263</CharacterOffsetBegin>
            <CharacterOffsetEnd>1264</CharacterOffsetEnd>
            <POS>,</POS>
          </token>
          <token id="4">
            <word>she</word>
            <lemma>she</lemma>
            <CharacterOffsetBegin>1265</CharacterOffsetBegin>
            <CharacterOffsetEnd>1268</CharacterOffsetEnd>
            <POS>PRP</POS>
          </token>
          <token id="5">
            <word>stars</word>
            <lemma>star</lemma>
            <CharacterOffsetBegin>1269</CharacterOffsetBegin>
            <CharacterOffsetEnd>1274</CharacterOffsetEnd>
            <POS>VBZ</POS>
          </token>
          <token id="6">
            <word>opposite</word>
            <lemma>opposite</lemma>
            <CharacterOffsetBegin>1275</CharacterOffsetBegin>
            <CharacterOffsetEnd>1283</CharacterOffsetEnd>
            <POS>JJ</POS>
          </token>
          <token id="7">
            <word>Depp</word>
            <lemma>Depp</lemma>
            <CharacterOffsetBegin>1284</CharacterOffsetBegin>
            <CharacterOffsetEnd>1288</CharacterOffsetEnd>
            <POS>NNP</POS>
          </token>
          <token id="8">
            <word>in</word>
            <lemma>in</lemma>
            <CharacterOffsetBegin>1289</CharacterOffsetBegin>
            <CharacterOffsetEnd>1291</CharacterOffsetEnd>
            <POS>IN</POS>
          </token>
          <token id="9">
            <word>''</word>
            <lemma>''</lemma>
            <CharacterOffsetBegin>1292</CharacterOffsetBegin>
            <CharacterOffsetEnd>1293</CharacterOffsetEnd>
            <POS>''</POS>
          </token>
          <token id="10">
            <word>``</word>
            <lemma>``</lemma>
            <CharacterOffsetBegin>1293</CharacterOffsetBegin>
            <CharacterOffsetEnd>1294</CharacterOffsetEnd>
            <POS>``</POS>
          </token>
          <token id="11">
            <word>Pirates</word>
            <lemma>Pirates</lemma>
            <CharacterOffsetBegin>1294</CharacterOffsetBegin>
            <CharacterOffsetEnd>1301</CharacterOffsetEnd>
            <POS>NNPS</POS>
          </token>
          <token id="12">
            <word>of</word>
            <lemma>of</lemma>
            <CharacterOffsetBegin>1302</CharacterOffsetBegin>
            <CharacterOffsetEnd>1304</CharacterOffsetEnd>
            <POS>IN</POS>
          </token>
          <token id="13">
            <word>the</word>
            <lemma>the</lemma>
            <CharacterOffsetBegin>1305</CharacterOffsetBegin>
            <CharacterOffsetEnd>1308</CharacterOffsetEnd>
            <POS>DT</POS>
          </token>
          <token id="14">
            <word>Caribbean</word>
            <lemma>Caribbean</lemma>
            <CharacterOffsetBegin>1309</CharacterOffsetBegin>
            <CharacterOffsetEnd>1318</CharacterOffsetEnd>
            <POS>NNP</POS>
          </token>
          <token id="15">
            <word>:</word>
            <lemma>:</lemma>
            <CharacterOffsetBegin>1318</CharacterOffsetBegin>
            <CharacterOffsetEnd>1319</CharacterOffsetEnd>
            <POS>:</POS>
          </token>
          <token id="16">
            <word>On</word>
            <lemma>on</lemma>
            <CharacterOffsetBegin>1320</CharacterOffsetBegin>
            <CharacterOffsetEnd>1322</CharacterOffsetEnd>
            <POS>IN</POS>
          </token>
          <token id="17">
            <word>Stranger</word>
            <lemma>Stranger</lemma>
            <CharacterOffsetBegin>1323</CharacterOffsetBegin>
            <CharacterOffsetEnd>1331</CharacterOffsetEnd>
            <POS>NNP</POS>
          </token>
          <token id="18">
            <word>Tides</word>
            <lemma>Tides</lemma>
            <CharacterOffsetBegin>1332</CharacterOffsetBegin>
            <CharacterOffsetEnd>1337</CharacterOffsetEnd>
            <POS>NNP</POS>
          </token>
          <token id="19">
            <word>.</word>
            <lemma>.</lemma>
            <CharacterOffsetBegin>1337</CharacterOffsetBegin>
            <CharacterOffsetEnd>1338</CharacterOffsetEnd>
            <POS>.</POS>
          </token>
          <token id="20">
            <word>''</word>
            <lemma>''</lemma>
            <CharacterOffsetBegin>1338</CharacterOffsetBegin>
            <CharacterOffsetEnd>1339</CharacterOffsetEnd>
            <POS>''</POS>
          </token>
          <token id="21">
            <word>''</word>
            <lemma>''</lemma>
            <CharacterOffsetBegin>1339</CharacterOffsetBegin>
            <CharacterOffsetEnd>1340</CharacterOffsetEnd>
            <POS>''</POS>
          </token>
        </tokens>
      </sentence>
    </sentences>
  </document>
</root>
