<?xml version="1.0" encoding="UTF-8"?>
<?xml-stylesheet href="CoreNLP-to-HTML.xsl" type="text/xsl"?>
<root>
  <document>
    <sentences>
      <sentence id="1">
        <tokens>
          <token id="1">
            <word>MYLEENE</word>
            <lemma>MYLEENE</lemma>
            <CharacterOffsetBegin>0</CharacterOffsetBegin>
            <CharacterOffsetEnd>7</CharacterOffsetEnd>
            <POS>NNP</POS>
          </token>
          <token id="2">
            <word>KLASS</word>
            <lemma>KLASS</lemma>
            <CharacterOffsetBegin>8</CharacterOffsetBegin>
            <CharacterOffsetEnd>13</CharacterOffsetEnd>
            <POS>NNP</POS>
          </token>
          <token id="3">
            <word>SHOWS</word>
            <lemma>show</lemma>
            <CharacterOffsetBegin>14</CharacterOffsetBegin>
            <CharacterOffsetEnd>19</CharacterOffsetEnd>
            <POS>VBZ</POS>
          </token>
          <token id="4">
            <word>OFF</word>
            <lemma>off</lemma>
            <CharacterOffsetBegin>20</CharacterOffsetBegin>
            <CharacterOffsetEnd>23</CharacterOffsetEnd>
            <POS>NN</POS>
          </token>
          <token id="5">
            <word>HER</word>
            <lemma>her</lemma>
            <CharacterOffsetBegin>24</CharacterOffsetBegin>
            <CharacterOffsetEnd>27</CharacterOffsetEnd>
            <POS>NN</POS>
          </token>
          <token id="6">
            <word>NEWBORN</word>
            <lemma>newborn</lemma>
            <CharacterOffsetBegin>28</CharacterOffsetBegin>
            <CharacterOffsetEnd>35</CharacterOffsetEnd>
            <POS>JJ</POS>
          </token>
          <token id="7">
            <word>HERO</word>
            <lemma>hero</lemma>
            <CharacterOffsetBegin>36</CharacterOffsetBegin>
            <CharacterOffsetEnd>40</CharacterOffsetEnd>
            <POS>NN</POS>
          </token>
        </tokens>
      </sentence>
      <sentence id="2">
        <tokens>
          <token id="1">
            <word>MYLEENE</word>
            <lemma>MYLEENE</lemma>
            <CharacterOffsetBegin>42</CharacterOffsetBegin>
            <CharacterOffsetEnd>49</CharacterOffsetEnd>
            <POS>NNP</POS>
          </token>
          <token id="2">
            <word>Klass</word>
            <lemma>Klass</lemma>
            <CharacterOffsetBegin>50</CharacterOffsetBegin>
            <CharacterOffsetEnd>55</CharacterOffsetEnd>
            <POS>NNP</POS>
          </token>
          <token id="3">
            <word>introduces</word>
            <lemma>introduce</lemma>
            <CharacterOffsetBegin>56</CharacterOffsetBegin>
            <CharacterOffsetEnd>66</CharacterOffsetEnd>
            <POS>VBZ</POS>
          </token>
          <token id="4">
            <word>her</word>
            <lemma>she</lemma>
            <CharacterOffsetBegin>67</CharacterOffsetBegin>
            <CharacterOffsetEnd>70</CharacterOffsetEnd>
            <POS>PRP$</POS>
          </token>
          <token id="5">
            <word>newborn</word>
            <lemma>newborn</lemma>
            <CharacterOffsetBegin>71</CharacterOffsetBegin>
            <CharacterOffsetEnd>78</CharacterOffsetEnd>
            <POS>JJ</POS>
          </token>
          <token id="6">
            <word>daughter</word>
            <lemma>daughter</lemma>
            <CharacterOffsetBegin>79</CharacterOffsetBegin>
            <CharacterOffsetEnd>87</CharacterOffsetEnd>
            <POS>NN</POS>
          </token>
          <token id="7">
            <word>to</word>
            <lemma>to</lemma>
            <CharacterOffsetBegin>88</CharacterOffsetBegin>
            <CharacterOffsetEnd>90</CharacterOffsetEnd>
            <POS>TO</POS>
          </token>
          <token id="8">
            <word>the</word>
            <lemma>the</lemma>
            <CharacterOffsetBegin>91</CharacterOffsetBegin>
            <CharacterOffsetEnd>94</CharacterOffsetEnd>
            <POS>DT</POS>
          </token>
          <token id="9">
            <word>world</word>
            <lemma>world</lemma>
            <CharacterOffsetBegin>95</CharacterOffsetBegin>
            <CharacterOffsetEnd>100</CharacterOffsetEnd>
            <POS>NN</POS>
          </token>
          <token id="10">
            <word>by</word>
            <lemma>by</lemma>
            <CharacterOffsetBegin>101</CharacterOffsetBegin>
            <CharacterOffsetEnd>103</CharacterOffsetEnd>
            <POS>IN</POS>
          </token>
          <token id="11">
            <word>posting</word>
            <lemma>post</lemma>
            <CharacterOffsetBegin>104</CharacterOffsetBegin>
            <CharacterOffsetEnd>111</CharacterOffsetEnd>
            <POS>VBG</POS>
          </token>
          <token id="12">
            <word>this</word>
            <lemma>this</lemma>
            <CharacterOffsetBegin>112</CharacterOffsetBegin>
            <CharacterOffsetEnd>116</CharacterOffsetEnd>
            <POS>DT</POS>
          </token>
          <token id="13">
            <word>picture</word>
            <lemma>picture</lemma>
            <CharacterOffsetBegin>117</CharacterOffsetBegin>
            <CharacterOffsetEnd>124</CharacterOffsetEnd>
            <POS>NN</POS>
          </token>
          <token id="14">
            <word>on</word>
            <lemma>on</lemma>
            <CharacterOffsetBegin>125</CharacterOffsetBegin>
            <CharacterOffsetEnd>127</CharacterOffsetEnd>
            <POS>IN</POS>
          </token>
          <token id="15">
            <word>the</word>
            <lemma>the</lemma>
            <CharacterOffsetBegin>128</CharacterOffsetBegin>
            <CharacterOffsetEnd>131</CharacterOffsetEnd>
            <POS>DT</POS>
          </token>
          <token id="16">
            <word>internet</word>
            <lemma>internet</lemma>
            <CharacterOffsetBegin>132</CharacterOffsetBegin>
            <CharacterOffsetEnd>140</CharacterOffsetEnd>
            <POS>NN</POS>
          </token>
          <token id="17">
            <word>.</word>
            <lemma>.</lemma>
            <CharacterOffsetBegin>140</CharacterOffsetBegin>
            <CharacterOffsetEnd>141</CharacterOffsetEnd>
            <POS>.</POS>
          </token>
        </tokens>
      </sentence>
      <sentence id="3">
        <tokens>
          <token id="1">
            <word>The</word>
            <lemma>the</lemma>
            <CharacterOffsetBegin>142</CharacterOffsetBegin>
            <CharacterOffsetEnd>145</CharacterOffsetEnd>
            <POS>DT</POS>
          </token>
          <token id="2">
            <word>TV</word>
            <lemma>tv</lemma>
            <CharacterOffsetBegin>146</CharacterOffsetBegin>
            <CharacterOffsetEnd>148</CharacterOffsetEnd>
            <POS>NN</POS>
          </token>
          <token id="3">
            <word>presenter</word>
            <lemma>presenter</lemma>
            <CharacterOffsetBegin>149</CharacterOffsetBegin>
            <CharacterOffsetEnd>158</CharacterOffsetEnd>
            <POS>NN</POS>
          </token>
          <token id="4">
            <word>,</word>
            <lemma>,</lemma>
            <CharacterOffsetBegin>158</CharacterOffsetBegin>
            <CharacterOffsetEnd>159</CharacterOffsetEnd>
            <POS>,</POS>
          </token>
          <token id="5">
            <word>32</word>
            <lemma>32</lemma>
            <CharacterOffsetBegin>160</CharacterOffsetBegin>
            <CharacterOffsetEnd>162</CharacterOffsetEnd>
            <POS>CD</POS>
          </token>
          <token id="6">
            <word>,</word>
            <lemma>,</lemma>
            <CharacterOffsetBegin>162</CharacterOffsetBegin>
            <CharacterOffsetEnd>163</CharacterOffsetEnd>
            <POS>,</POS>
          </token>
          <token id="7">
            <word>who</word>
            <lemma>who</lemma>
            <CharacterOffsetBegin>164</CharacterOffsetBegin>
            <CharacterOffsetEnd>167</CharacterOffsetEnd>
            <POS>WP</POS>
          </token>
          <token id="8">
            <word>gave</word>
            <lemma>give</lemma>
            <CharacterOffsetBegin>168</CharacterOffsetBegin>
            <CharacterOffsetEnd>172</CharacterOffsetEnd>
            <POS>VBD</POS>
          </token>
          <token id="9">
            <word>birth</word>
            <lemma>birth</lemma>
            <CharacterOffsetBegin>173</CharacterOffsetBegin>
            <CharacterOffsetEnd>178</CharacterOffsetEnd>
            <POS>NN</POS>
          </token>
          <token id="10">
            <word>a</word>
            <lemma>a</lemma>
            <CharacterOffsetBegin>179</CharacterOffsetBegin>
            <CharacterOffsetEnd>180</CharacterOffsetEnd>
            <POS>DT</POS>
          </token>
          <token id="11">
            <word>week</word>
            <lemma>week</lemma>
            <CharacterOffsetBegin>181</CharacterOffsetBegin>
            <CharacterOffsetEnd>185</CharacterOffsetEnd>
            <POS>NN</POS>
          </token>
          <token id="12">
            <word>ago</word>
            <lemma>ago</lemma>
            <CharacterOffsetBegin>186</CharacterOffsetBegin>
            <CharacterOffsetEnd>189</CharacterOffsetEnd>
            <POS>RB</POS>
          </token>
          <token id="13">
            <word>,</word>
            <lemma>,</lemma>
            <CharacterOffsetBegin>189</CharacterOffsetBegin>
            <CharacterOffsetEnd>190</CharacterOffsetEnd>
            <POS>,</POS>
          </token>
          <token id="14">
            <word>chose</word>
            <lemma>choose</lemma>
            <CharacterOffsetBegin>191</CharacterOffsetBegin>
            <CharacterOffsetEnd>196</CharacterOffsetEnd>
            <POS>VBD</POS>
          </token>
          <token id="15">
            <word>the</word>
            <lemma>the</lemma>
            <CharacterOffsetBegin>197</CharacterOffsetBegin>
            <CharacterOffsetEnd>200</CharacterOffsetEnd>
            <POS>DT</POS>
          </token>
          <token id="16">
            <word>social</word>
            <lemma>social</lemma>
            <CharacterOffsetBegin>201</CharacterOffsetBegin>
            <CharacterOffsetEnd>207</CharacterOffsetEnd>
            <POS>JJ</POS>
          </token>
          <token id="17">
            <word>network</word>
            <lemma>network</lemma>
            <CharacterOffsetBegin>208</CharacterOffsetBegin>
            <CharacterOffsetEnd>215</CharacterOffsetEnd>
            <POS>NN</POS>
          </token>
          <token id="18">
            <word>site</word>
            <lemma>site</lemma>
            <CharacterOffsetBegin>216</CharacterOffsetBegin>
            <CharacterOffsetEnd>220</CharacterOffsetEnd>
            <POS>NN</POS>
          </token>
          <token id="19">
            <word>Twitter</word>
            <lemma>Twitter</lemma>
            <CharacterOffsetBegin>221</CharacterOffsetBegin>
            <CharacterOffsetEnd>228</CharacterOffsetEnd>
            <POS>NNP</POS>
          </token>
          <token id="20">
            <word>to</word>
            <lemma>to</lemma>
            <CharacterOffsetBegin>229</CharacterOffsetBegin>
            <CharacterOffsetEnd>231</CharacterOffsetEnd>
            <POS>TO</POS>
          </token>
          <token id="21">
            <word>show</word>
            <lemma>show</lemma>
            <CharacterOffsetBegin>232</CharacterOffsetBegin>
            <CharacterOffsetEnd>236</CharacterOffsetEnd>
            <POS>VB</POS>
          </token>
          <token id="22">
            <word>off</word>
            <lemma>off</lemma>
            <CharacterOffsetBegin>237</CharacterOffsetBegin>
            <CharacterOffsetEnd>240</CharacterOffsetEnd>
            <POS>RP</POS>
          </token>
          <token id="23">
            <word>baby</word>
            <lemma>baby</lemma>
            <CharacterOffsetBegin>241</CharacterOffsetBegin>
            <CharacterOffsetEnd>245</CharacterOffsetEnd>
            <POS>NN</POS>
          </token>
          <token id="24">
            <word>Hero</word>
            <lemma>Hero</lemma>
            <CharacterOffsetBegin>246</CharacterOffsetBegin>
            <CharacterOffsetEnd>250</CharacterOffsetEnd>
            <POS>NNP</POS>
          </token>
          <token id="25">
            <word>Harper</word>
            <lemma>Harper</lemma>
            <CharacterOffsetBegin>251</CharacterOffsetBegin>
            <CharacterOffsetEnd>257</CharacterOffsetEnd>
            <POS>NNP</POS>
          </token>
          <token id="26">
            <word>Quinn</word>
            <lemma>Quinn</lemma>
            <CharacterOffsetBegin>258</CharacterOffsetBegin>
            <CharacterOffsetEnd>263</CharacterOffsetEnd>
            <POS>NNP</POS>
          </token>
          <token id="27">
            <word>yesterday</word>
            <lemma>yesterday</lemma>
            <CharacterOffsetBegin>264</CharacterOffsetBegin>
            <CharacterOffsetEnd>273</CharacterOffsetEnd>
            <POS>NN</POS>
          </token>
          <token id="28">
            <word>.</word>
            <lemma>.</lemma>
            <CharacterOffsetBegin>273</CharacterOffsetBegin>
            <CharacterOffsetEnd>274</CharacterOffsetEnd>
            <POS>.</POS>
          </token>
        </tokens>
      </sentence>
      <sentence id="4">
        <tokens>
          <token id="1">
            <word>The</word>
            <lemma>the</lemma>
            <CharacterOffsetBegin>275</CharacterOffsetBegin>
            <CharacterOffsetEnd>278</CharacterOffsetEnd>
            <POS>DT</POS>
          </token>
          <token id="2">
            <word>tender</word>
            <lemma>tender</lemma>
            <CharacterOffsetBegin>279</CharacterOffsetBegin>
            <CharacterOffsetEnd>285</CharacterOffsetEnd>
            <POS>NN</POS>
          </token>
          <token id="3">
            <word>family</word>
            <lemma>family</lemma>
            <CharacterOffsetBegin>286</CharacterOffsetBegin>
            <CharacterOffsetEnd>292</CharacterOffsetEnd>
            <POS>NN</POS>
          </token>
          <token id="4">
            <word>shot</word>
            <lemma>shot</lemma>
            <CharacterOffsetBegin>293</CharacterOffsetBegin>
            <CharacterOffsetEnd>297</CharacterOffsetEnd>
            <POS>NN</POS>
          </token>
          <token id="5">
            <word>,</word>
            <lemma>,</lemma>
            <CharacterOffsetBegin>297</CharacterOffsetBegin>
            <CharacterOffsetEnd>298</CharacterOffsetEnd>
            <POS>,</POS>
          </token>
          <token id="6">
            <word>taken</word>
            <lemma>take</lemma>
            <CharacterOffsetBegin>299</CharacterOffsetBegin>
            <CharacterOffsetEnd>304</CharacterOffsetEnd>
            <POS>VBN</POS>
          </token>
          <token id="7">
            <word>by</word>
            <lemma>by</lemma>
            <CharacterOffsetBegin>305</CharacterOffsetBegin>
            <CharacterOffsetEnd>307</CharacterOffsetEnd>
            <POS>IN</POS>
          </token>
          <token id="8">
            <word>Ms</word>
            <lemma>ms</lemma>
            <CharacterOffsetBegin>308</CharacterOffsetBegin>
            <CharacterOffsetEnd>310</CharacterOffsetEnd>
            <POS>NN</POS>
          </token>
          <token id="9">
            <word>Klasss</word>
            <lemma>klasss</lemma>
            <CharacterOffsetBegin>311</CharacterOffsetBegin>
            <CharacterOffsetEnd>317</CharacterOffsetEnd>
            <POS>NN</POS>
          </token>
          <token id="10">
            <word>fiance</word>
            <lemma>fiance</lemma>
            <CharacterOffsetBegin>318</CharacterOffsetBegin>
            <CharacterOffsetEnd>324</CharacterOffsetEnd>
            <POS>NN</POS>
          </token>
          <token id="11">
            <word>Graham</word>
            <lemma>Graham</lemma>
            <CharacterOffsetBegin>325</CharacterOffsetBegin>
            <CharacterOffsetEnd>331</CharacterOffsetEnd>
            <POS>NNP</POS>
          </token>
          <token id="12">
            <word>Quinn</word>
            <lemma>Quinn</lemma>
            <CharacterOffsetBegin>332</CharacterOffsetBegin>
            <CharacterOffsetEnd>337</CharacterOffsetEnd>
            <POS>NNP</POS>
          </token>
          <token id="13">
            <word>,</word>
            <lemma>,</lemma>
            <CharacterOffsetBegin>337</CharacterOffsetBegin>
            <CharacterOffsetEnd>338</CharacterOffsetEnd>
            <POS>,</POS>
          </token>
          <token id="14">
            <word>shows</word>
            <lemma>show</lemma>
            <CharacterOffsetBegin>339</CharacterOffsetBegin>
            <CharacterOffsetEnd>344</CharacterOffsetEnd>
            <POS>VBZ</POS>
          </token>
          <token id="15">
            <word>the</word>
            <lemma>the</lemma>
            <CharacterOffsetBegin>345</CharacterOffsetBegin>
            <CharacterOffsetEnd>348</CharacterOffsetEnd>
            <POS>DT</POS>
          </token>
          <token id="16">
            <word>model</word>
            <lemma>model</lemma>
            <CharacterOffsetBegin>349</CharacterOffsetBegin>
            <CharacterOffsetEnd>354</CharacterOffsetEnd>
            <POS>NN</POS>
          </token>
          <token id="17">
            <word>and</word>
            <lemma>and</lemma>
            <CharacterOffsetBegin>355</CharacterOffsetBegin>
            <CharacterOffsetEnd>358</CharacterOffsetEnd>
            <POS>CC</POS>
          </token>
          <token id="18">
            <word>former</word>
            <lemma>former</lemma>
            <CharacterOffsetBegin>359</CharacterOffsetBegin>
            <CharacterOffsetEnd>365</CharacterOffsetEnd>
            <POS>JJ</POS>
          </token>
          <token id="19">
            <word>pop</word>
            <lemma>pop</lemma>
            <CharacterOffsetBegin>366</CharacterOffsetBegin>
            <CharacterOffsetEnd>369</CharacterOffsetEnd>
            <POS>NN</POS>
          </token>
          <token id="20">
            <word>star</word>
            <lemma>star</lemma>
            <CharacterOffsetBegin>370</CharacterOffsetBegin>
            <CharacterOffsetEnd>374</CharacterOffsetEnd>
            <POS>NN</POS>
          </token>
          <token id="21">
            <word>snuggled</word>
            <lemma>snuggle</lemma>
            <CharacterOffsetBegin>375</CharacterOffsetBegin>
            <CharacterOffsetEnd>383</CharacterOffsetEnd>
            <POS>VBD</POS>
          </token>
          <token id="22">
            <word>up</word>
            <lemma>up</lemma>
            <CharacterOffsetBegin>384</CharacterOffsetBegin>
            <CharacterOffsetEnd>386</CharacterOffsetEnd>
            <POS>RP</POS>
          </token>
          <token id="23">
            <word>to</word>
            <lemma>to</lemma>
            <CharacterOffsetBegin>387</CharacterOffsetBegin>
            <CharacterOffsetEnd>389</CharacterOffsetEnd>
            <POS>TO</POS>
          </token>
          <token id="24">
            <word>her</word>
            <lemma>she</lemma>
            <CharacterOffsetBegin>390</CharacterOffsetBegin>
            <CharacterOffsetEnd>393</CharacterOffsetEnd>
            <POS>PRP$</POS>
          </token>
          <token id="25">
            <word>eldest</word>
            <lemma>eldest</lemma>
            <CharacterOffsetBegin>394</CharacterOffsetBegin>
            <CharacterOffsetEnd>400</CharacterOffsetEnd>
            <POS>JJ</POS>
          </token>
          <token id="26">
            <word>daughter</word>
            <lemma>daughter</lemma>
            <CharacterOffsetBegin>401</CharacterOffsetBegin>
            <CharacterOffsetEnd>409</CharacterOffsetEnd>
            <POS>NN</POS>
          </token>
          <token id="27">
            <word>,</word>
            <lemma>,</lemma>
            <CharacterOffsetBegin>409</CharacterOffsetBegin>
            <CharacterOffsetEnd>410</CharacterOffsetEnd>
            <POS>,</POS>
          </token>
          <token id="28">
            <word>three-year-old</word>
            <lemma>three-year-old</lemma>
            <CharacterOffsetBegin>411</CharacterOffsetBegin>
            <CharacterOffsetEnd>425</CharacterOffsetEnd>
            <POS>JJ</POS>
          </token>
          <token id="29">
            <word>Ava</word>
            <lemma>Ava</lemma>
            <CharacterOffsetBegin>426</CharacterOffsetBegin>
            <CharacterOffsetEnd>429</CharacterOffsetEnd>
            <POS>NNP</POS>
          </token>
          <token id="30">
            <word>Bailey</word>
            <lemma>Bailey</lemma>
            <CharacterOffsetBegin>430</CharacterOffsetBegin>
            <CharacterOffsetEnd>436</CharacterOffsetEnd>
            <POS>NNP</POS>
          </token>
          <token id="31">
            <word>,</word>
            <lemma>,</lemma>
            <CharacterOffsetBegin>436</CharacterOffsetBegin>
            <CharacterOffsetEnd>437</CharacterOffsetEnd>
            <POS>,</POS>
          </token>
          <token id="32">
            <word>and</word>
            <lemma>and</lemma>
            <CharacterOffsetBegin>438</CharacterOffsetBegin>
            <CharacterOffsetEnd>441</CharacterOffsetEnd>
            <POS>CC</POS>
          </token>
          <token id="33">
            <word>tiny</word>
            <lemma>tiny</lemma>
            <CharacterOffsetBegin>442</CharacterOffsetBegin>
            <CharacterOffsetEnd>446</CharacterOffsetEnd>
            <POS>JJ</POS>
          </token>
          <token id="34">
            <word>Hero</word>
            <lemma>hero</lemma>
            <CharacterOffsetBegin>447</CharacterOffsetBegin>
            <CharacterOffsetEnd>451</CharacterOffsetEnd>
            <POS>NN</POS>
          </token>
          <token id="35">
            <word>,</word>
            <lemma>,</lemma>
            <CharacterOffsetBegin>451</CharacterOffsetBegin>
            <CharacterOffsetEnd>452</CharacterOffsetEnd>
            <POS>,</POS>
          </token>
          <token id="36">
            <word>who</word>
            <lemma>who</lemma>
            <CharacterOffsetBegin>453</CharacterOffsetBegin>
            <CharacterOffsetEnd>456</CharacterOffsetEnd>
            <POS>WP</POS>
          </token>
          <token id="37">
            <word>was</word>
            <lemma>be</lemma>
            <CharacterOffsetBegin>457</CharacterOffsetBegin>
            <CharacterOffsetEnd>460</CharacterOffsetEnd>
            <POS>VBD</POS>
          </token>
          <token id="38">
            <word>born</word>
            <lemma>bear</lemma>
            <CharacterOffsetBegin>461</CharacterOffsetBegin>
            <CharacterOffsetEnd>465</CharacterOffsetEnd>
            <POS>VBN</POS>
          </token>
          <token id="39">
            <word>last</word>
            <lemma>last</lemma>
            <CharacterOffsetBegin>466</CharacterOffsetBegin>
            <CharacterOffsetEnd>470</CharacterOffsetEnd>
            <POS>JJ</POS>
          </token>
          <token id="40">
            <word>Friday</word>
            <lemma>Friday</lemma>
            <CharacterOffsetBegin>471</CharacterOffsetBegin>
            <CharacterOffsetEnd>477</CharacterOffsetEnd>
            <POS>NNP</POS>
          </token>
          <token id="41">
            <word>weighing</word>
            <lemma>weigh</lemma>
            <CharacterOffsetBegin>478</CharacterOffsetBegin>
            <CharacterOffsetEnd>486</CharacterOffsetEnd>
            <POS>VBG</POS>
          </token>
          <token id="42">
            <word>in</word>
            <lemma>in</lemma>
            <CharacterOffsetBegin>487</CharacterOffsetBegin>
            <CharacterOffsetEnd>489</CharacterOffsetEnd>
            <POS>IN</POS>
          </token>
          <token id="43">
            <word>at</word>
            <lemma>at</lemma>
            <CharacterOffsetBegin>490</CharacterOffsetBegin>
            <CharacterOffsetEnd>492</CharacterOffsetEnd>
            <POS>IN</POS>
          </token>
          <token id="44">
            <word>6lb</word>
            <lemma>6lb</lemma>
            <CharacterOffsetBegin>493</CharacterOffsetBegin>
            <CharacterOffsetEnd>496</CharacterOffsetEnd>
            <POS>JJ</POS>
          </token>
          <token id="45">
            <word>2oz</word>
            <lemma>2oz</lemma>
            <CharacterOffsetBegin>497</CharacterOffsetBegin>
            <CharacterOffsetEnd>500</CharacterOffsetEnd>
            <POS>JJ</POS>
          </token>
          <token id="46">
            <word>.</word>
            <lemma>.</lemma>
            <CharacterOffsetBegin>500</CharacterOffsetBegin>
            <CharacterOffsetEnd>501</CharacterOffsetEnd>
            <POS>.</POS>
          </token>
        </tokens>
      </sentence>
      <sentence id="5">
        <tokens>
          <token id="1">
            <word>She</word>
            <lemma>she</lemma>
            <CharacterOffsetBegin>502</CharacterOffsetBegin>
            <CharacterOffsetEnd>505</CharacterOffsetEnd>
            <POS>PRP</POS>
          </token>
          <token id="2">
            <word>captioned</word>
            <lemma>caption</lemma>
            <CharacterOffsetBegin>506</CharacterOffsetBegin>
            <CharacterOffsetEnd>515</CharacterOffsetEnd>
            <POS>VBD</POS>
          </token>
          <token id="3">
            <word>the</word>
            <lemma>the</lemma>
            <CharacterOffsetBegin>516</CharacterOffsetBegin>
            <CharacterOffsetEnd>519</CharacterOffsetEnd>
            <POS>DT</POS>
          </token>
          <token id="4">
            <word>photo</word>
            <lemma>photo</lemma>
            <CharacterOffsetBegin>520</CharacterOffsetBegin>
            <CharacterOffsetEnd>525</CharacterOffsetEnd>
            <POS>NN</POS>
          </token>
          <token id="5">
            <word>:</word>
            <lemma>:</lemma>
            <CharacterOffsetBegin>525</CharacterOffsetBegin>
            <CharacterOffsetEnd>526</CharacterOffsetEnd>
            <POS>:</POS>
          </token>
          <token id="6">
            <word>World</word>
            <lemma>World</lemma>
            <CharacterOffsetBegin>527</CharacterOffsetBegin>
            <CharacterOffsetEnd>532</CharacterOffsetEnd>
            <POS>NNP</POS>
          </token>
          <token id="7">
            <word>meet</word>
            <lemma>meet</lemma>
            <CharacterOffsetBegin>533</CharacterOffsetBegin>
            <CharacterOffsetEnd>537</CharacterOffsetEnd>
            <POS>VB</POS>
          </token>
          <token id="8">
            <word>Hero</word>
            <lemma>Hero</lemma>
            <CharacterOffsetBegin>538</CharacterOffsetBegin>
            <CharacterOffsetEnd>542</CharacterOffsetEnd>
            <POS>NNP</POS>
          </token>
          <token id="9">
            <word>,</word>
            <lemma>,</lemma>
            <CharacterOffsetBegin>542</CharacterOffsetBegin>
            <CharacterOffsetEnd>543</CharacterOffsetEnd>
            <POS>,</POS>
          </token>
          <token id="10">
            <word>Hero</word>
            <lemma>Hero</lemma>
            <CharacterOffsetBegin>544</CharacterOffsetBegin>
            <CharacterOffsetEnd>548</CharacterOffsetEnd>
            <POS>NNP</POS>
          </token>
          <token id="11">
            <word>meet</word>
            <lemma>meet</lemma>
            <CharacterOffsetBegin>549</CharacterOffsetBegin>
            <CharacterOffsetEnd>553</CharacterOffsetEnd>
            <POS>VBP</POS>
          </token>
          <token id="12">
            <word>world</word>
            <lemma>world</lemma>
            <CharacterOffsetBegin>554</CharacterOffsetBegin>
            <CharacterOffsetEnd>559</CharacterOffsetEnd>
            <POS>NN</POS>
          </token>
          <token id="13">
            <word>!</word>
            <lemma>!</lemma>
            <CharacterOffsetBegin>559</CharacterOffsetBegin>
            <CharacterOffsetEnd>560</CharacterOffsetEnd>
            <POS>.</POS>
          </token>
        </tokens>
      </sentence>
      <sentence id="6">
        <tokens>
          <token id="1">
            <word>One</word>
            <lemma>one</lemma>
            <CharacterOffsetBegin>561</CharacterOffsetBegin>
            <CharacterOffsetEnd>564</CharacterOffsetEnd>
            <POS>CD</POS>
          </token>
          <token id="2">
            <word>whole</word>
            <lemma>whole</lemma>
            <CharacterOffsetBegin>565</CharacterOffsetBegin>
            <CharacterOffsetEnd>570</CharacterOffsetEnd>
            <POS>JJ</POS>
          </token>
          <token id="3">
            <word>week</word>
            <lemma>week</lemma>
            <CharacterOffsetBegin>571</CharacterOffsetBegin>
            <CharacterOffsetEnd>575</CharacterOffsetEnd>
            <POS>NN</POS>
          </token>
          <token id="4">
            <word>old</word>
            <lemma>old</lemma>
            <CharacterOffsetBegin>576</CharacterOffsetBegin>
            <CharacterOffsetEnd>579</CharacterOffsetEnd>
            <POS>JJ</POS>
          </token>
          <token id="5">
            <word>today</word>
            <lemma>today</lemma>
            <CharacterOffsetBegin>580</CharacterOffsetBegin>
            <CharacterOffsetEnd>585</CharacterOffsetEnd>
            <POS>NN</POS>
          </token>
          <token id="6">
            <word>!</word>
            <lemma>!</lemma>
            <CharacterOffsetBegin>585</CharacterOffsetBegin>
            <CharacterOffsetEnd>586</CharacterOffsetEnd>
            <POS>.</POS>
          </token>
        </tokens>
      </sentence>
      <sentence id="7">
        <tokens>
          <token id="1">
            <word>-LRB-</word>
            <lemma>-lrb-</lemma>
            <CharacterOffsetBegin>587</CharacterOffsetBegin>
            <CharacterOffsetEnd>588</CharacterOffsetEnd>
            <POS>-LRB-</POS>
          </token>
          <token id="2">
            <word>Dads</word>
            <lemma>Dads</lemma>
            <CharacterOffsetBegin>588</CharacterOffsetBegin>
            <CharacterOffsetEnd>592</CharacterOffsetEnd>
            <POS>NNPS</POS>
          </token>
          <token id="3">
            <word>the</word>
            <lemma>the</lemma>
            <CharacterOffsetBegin>593</CharacterOffsetBegin>
            <CharacterOffsetEnd>596</CharacterOffsetEnd>
            <POS>DT</POS>
          </token>
          <token id="4">
            <word>official</word>
            <lemma>official</lemma>
            <CharacterOffsetBegin>597</CharacterOffsetBegin>
            <CharacterOffsetEnd>605</CharacterOffsetEnd>
            <POS>JJ</POS>
          </token>
          <token id="5">
            <word>photographer</word>
            <lemma>photographer</lemma>
            <CharacterOffsetBegin>606</CharacterOffsetBegin>
            <CharacterOffsetEnd>618</CharacterOffsetEnd>
            <POS>NNP</POS>
          </token>
          <token id="6">
            <word>!</word>
            <lemma>!</lemma>
            <CharacterOffsetBegin>618</CharacterOffsetBegin>
            <CharacterOffsetEnd>619</CharacterOffsetEnd>
            <POS>.</POS>
          </token>
          <token id="7">
            <word>-RRB-</word>
            <lemma>-rrb-</lemma>
            <CharacterOffsetBegin>619</CharacterOffsetBegin>
            <CharacterOffsetEnd>620</CharacterOffsetEnd>
            <POS>-RRB-</POS>
          </token>
        </tokens>
      </sentence>
      <sentence id="8">
        <tokens>
          <token id="1">
            <word>Ms</word>
            <lemma>Ms</lemma>
            <CharacterOffsetBegin>621</CharacterOffsetBegin>
            <CharacterOffsetEnd>623</CharacterOffsetEnd>
            <POS>NNP</POS>
          </token>
          <token id="2">
            <word>Klass</word>
            <lemma>Klass</lemma>
            <CharacterOffsetBegin>624</CharacterOffsetBegin>
            <CharacterOffsetEnd>629</CharacterOffsetEnd>
            <POS>NNP</POS>
          </token>
          <token id="3">
            <word>had</word>
            <lemma>have</lemma>
            <CharacterOffsetBegin>630</CharacterOffsetBegin>
            <CharacterOffsetEnd>633</CharacterOffsetEnd>
            <POS>VBD</POS>
          </token>
          <token id="4">
            <word>kept</word>
            <lemma>keep</lemma>
            <CharacterOffsetBegin>634</CharacterOffsetBegin>
            <CharacterOffsetEnd>638</CharacterOffsetEnd>
            <POS>VBN</POS>
          </token>
          <token id="5">
            <word>her</word>
            <lemma>she</lemma>
            <CharacterOffsetBegin>639</CharacterOffsetBegin>
            <CharacterOffsetEnd>642</CharacterOffsetEnd>
            <POS>PRP$</POS>
          </token>
          <token id="6">
            <word>85,000</word>
            <lemma>85,000</lemma>
            <CharacterOffsetBegin>643</CharacterOffsetBegin>
            <CharacterOffsetEnd>649</CharacterOffsetEnd>
            <POS>CD</POS>
          </token>
          <token id="7">
            <word>Twitter</word>
            <lemma>Twitter</lemma>
            <CharacterOffsetBegin>650</CharacterOffsetBegin>
            <CharacterOffsetEnd>657</CharacterOffsetEnd>
            <POS>NNP</POS>
          </token>
          <token id="8">
            <word>followers</word>
            <lemma>follower</lemma>
            <CharacterOffsetBegin>658</CharacterOffsetBegin>
            <CharacterOffsetEnd>667</CharacterOffsetEnd>
            <POS>NNS</POS>
          </token>
          <token id="9">
            <word>informed</word>
            <lemma>inform</lemma>
            <CharacterOffsetBegin>668</CharacterOffsetBegin>
            <CharacterOffsetEnd>676</CharacterOffsetEnd>
            <POS>VBN</POS>
          </token>
          <token id="10">
            <word>throughout</word>
            <lemma>throughout</lemma>
            <CharacterOffsetBegin>677</CharacterOffsetBegin>
            <CharacterOffsetEnd>687</CharacterOffsetEnd>
            <POS>IN</POS>
          </token>
          <token id="11">
            <word>her</word>
            <lemma>she</lemma>
            <CharacterOffsetBegin>688</CharacterOffsetBegin>
            <CharacterOffsetEnd>691</CharacterOffsetEnd>
            <POS>PRP$</POS>
          </token>
          <token id="12">
            <word>pregnancy</word>
            <lemma>pregnancy</lemma>
            <CharacterOffsetBegin>692</CharacterOffsetBegin>
            <CharacterOffsetEnd>701</CharacterOffsetEnd>
            <POS>NN</POS>
          </token>
          <token id="13">
            <word>and</word>
            <lemma>and</lemma>
            <CharacterOffsetBegin>702</CharacterOffsetBegin>
            <CharacterOffsetEnd>705</CharacterOffsetEnd>
            <POS>CC</POS>
          </token>
          <token id="14">
            <word>many</word>
            <lemma>many</lemma>
            <CharacterOffsetBegin>706</CharacterOffsetBegin>
            <CharacterOffsetEnd>710</CharacterOffsetEnd>
            <POS>JJ</POS>
          </token>
          <token id="15">
            <word>were</word>
            <lemma>be</lemma>
            <CharacterOffsetBegin>711</CharacterOffsetBegin>
            <CharacterOffsetEnd>715</CharacterOffsetEnd>
            <POS>VBD</POS>
          </token>
          <token id="16">
            <word>quick</word>
            <lemma>quick</lemma>
            <CharacterOffsetBegin>716</CharacterOffsetBegin>
            <CharacterOffsetEnd>721</CharacterOffsetEnd>
            <POS>JJ</POS>
          </token>
          <token id="17">
            <word>to</word>
            <lemma>to</lemma>
            <CharacterOffsetBegin>722</CharacterOffsetBegin>
            <CharacterOffsetEnd>724</CharacterOffsetEnd>
            <POS>TO</POS>
          </token>
          <token id="18">
            <word>send</word>
            <lemma>send</lemma>
            <CharacterOffsetBegin>725</CharacterOffsetBegin>
            <CharacterOffsetEnd>729</CharacterOffsetEnd>
            <POS>VB</POS>
          </token>
          <token id="19">
            <word>their</word>
            <lemma>they</lemma>
            <CharacterOffsetBegin>730</CharacterOffsetBegin>
            <CharacterOffsetEnd>735</CharacterOffsetEnd>
            <POS>PRP$</POS>
          </token>
          <token id="20">
            <word>best</word>
            <lemma>best</lemma>
            <CharacterOffsetBegin>736</CharacterOffsetBegin>
            <CharacterOffsetEnd>740</CharacterOffsetEnd>
            <POS>JJS</POS>
          </token>
          <token id="21">
            <word>wishes</word>
            <lemma>wish</lemma>
            <CharacterOffsetBegin>741</CharacterOffsetBegin>
            <CharacterOffsetEnd>747</CharacterOffsetEnd>
            <POS>NNS</POS>
          </token>
          <token id="22">
            <word>and</word>
            <lemma>and</lemma>
            <CharacterOffsetBegin>748</CharacterOffsetBegin>
            <CharacterOffsetEnd>751</CharacterOffsetEnd>
            <POS>CC</POS>
          </token>
          <token id="23">
            <word>comments</word>
            <lemma>comment</lemma>
            <CharacterOffsetBegin>752</CharacterOffsetBegin>
            <CharacterOffsetEnd>760</CharacterOffsetEnd>
            <POS>NNS</POS>
          </token>
          <token id="24">
            <word>on</word>
            <lemma>on</lemma>
            <CharacterOffsetBegin>761</CharacterOffsetBegin>
            <CharacterOffsetEnd>763</CharacterOffsetEnd>
            <POS>IN</POS>
          </token>
          <token id="25">
            <word>the</word>
            <lemma>the</lemma>
            <CharacterOffsetBegin>764</CharacterOffsetBegin>
            <CharacterOffsetEnd>767</CharacterOffsetEnd>
            <POS>DT</POS>
          </token>
          <token id="26">
            <word>new</word>
            <lemma>new</lemma>
            <CharacterOffsetBegin>768</CharacterOffsetBegin>
            <CharacterOffsetEnd>771</CharacterOffsetEnd>
            <POS>JJ</POS>
          </token>
          <token id="27">
            <word>arrival</word>
            <lemma>arrival</lemma>
            <CharacterOffsetBegin>772</CharacterOffsetBegin>
            <CharacterOffsetEnd>779</CharacterOffsetEnd>
            <POS>NN</POS>
          </token>
          <token id="28">
            <word>yesterday</word>
            <lemma>yesterday</lemma>
            <CharacterOffsetBegin>780</CharacterOffsetBegin>
            <CharacterOffsetEnd>789</CharacterOffsetEnd>
            <POS>NN</POS>
          </token>
          <token id="29">
            <word>.</word>
            <lemma>.</lemma>
            <CharacterOffsetBegin>789</CharacterOffsetBegin>
            <CharacterOffsetEnd>790</CharacterOffsetEnd>
            <POS>.</POS>
          </token>
        </tokens>
      </sentence>
      <sentence id="9">
        <tokens>
          <token id="1">
            <word>Many</word>
            <lemma>many</lemma>
            <CharacterOffsetBegin>791</CharacterOffsetBegin>
            <CharacterOffsetEnd>795</CharacterOffsetEnd>
            <POS>JJ</POS>
          </token>
          <token id="2">
            <word>wrote</word>
            <lemma>write</lemma>
            <CharacterOffsetBegin>796</CharacterOffsetBegin>
            <CharacterOffsetEnd>801</CharacterOffsetEnd>
            <POS>VBD</POS>
          </token>
          <token id="3">
            <word>:</word>
            <lemma>:</lemma>
            <CharacterOffsetBegin>801</CharacterOffsetBegin>
            <CharacterOffsetEnd>802</CharacterOffsetEnd>
            <POS>:</POS>
          </token>
          <token id="4">
            <word>She</word>
            <lemma>she</lemma>
            <CharacterOffsetBegin>803</CharacterOffsetBegin>
            <CharacterOffsetEnd>806</CharacterOffsetEnd>
            <POS>PRP</POS>
          </token>
          <token id="5">
            <word>is</word>
            <lemma>be</lemma>
            <CharacterOffsetBegin>807</CharacterOffsetBegin>
            <CharacterOffsetEnd>809</CharacterOffsetEnd>
            <POS>VBZ</POS>
          </token>
          <token id="6">
            <word>too</word>
            <lemma>too</lemma>
            <CharacterOffsetBegin>810</CharacterOffsetBegin>
            <CharacterOffsetEnd>813</CharacterOffsetEnd>
            <POS>RB</POS>
          </token>
          <token id="7">
            <word>cute</word>
            <lemma>cute</lemma>
            <CharacterOffsetBegin>814</CharacterOffsetBegin>
            <CharacterOffsetEnd>818</CharacterOffsetEnd>
            <POS>JJ</POS>
          </token>
          <token id="8">
            <word>and</word>
            <lemma>and</lemma>
            <CharacterOffsetBegin>819</CharacterOffsetBegin>
            <CharacterOffsetEnd>822</CharacterOffsetEnd>
            <POS>CC</POS>
          </token>
          <token id="9">
            <word>Congratulations</word>
            <lemma>congratulation</lemma>
            <CharacterOffsetBegin>823</CharacterOffsetBegin>
            <CharacterOffsetEnd>838</CharacterOffsetEnd>
            <POS>NNS</POS>
          </token>
          <token id="10">
            <word>.</word>
            <lemma>.</lemma>
            <CharacterOffsetBegin>838</CharacterOffsetBegin>
            <CharacterOffsetEnd>839</CharacterOffsetEnd>
            <POS>.</POS>
          </token>
        </tokens>
      </sentence>
      <sentence id="10">
        <tokens>
          <token id="1">
            <word>Ms</word>
            <lemma>Ms</lemma>
            <CharacterOffsetBegin>840</CharacterOffsetBegin>
            <CharacterOffsetEnd>842</CharacterOffsetEnd>
            <POS>NNP</POS>
          </token>
          <token id="2">
            <word>Klass</word>
            <lemma>Klass</lemma>
            <CharacterOffsetBegin>843</CharacterOffsetBegin>
            <CharacterOffsetEnd>848</CharacterOffsetEnd>
            <POS>NNP</POS>
          </token>
          <token id="3">
            <word>responded</word>
            <lemma>respond</lemma>
            <CharacterOffsetBegin>849</CharacterOffsetBegin>
            <CharacterOffsetEnd>858</CharacterOffsetEnd>
            <POS>VBD</POS>
          </token>
          <token id="4">
            <word>:</word>
            <lemma>:</lemma>
            <CharacterOffsetBegin>858</CharacterOffsetBegin>
            <CharacterOffsetEnd>859</CharacterOffsetEnd>
            <POS>:</POS>
          </token>
          <token id="5">
            <word>You</word>
            <lemma>you</lemma>
            <CharacterOffsetBegin>860</CharacterOffsetBegin>
            <CharacterOffsetEnd>863</CharacterOffsetEnd>
            <POS>PRP</POS>
          </token>
          <token id="6">
            <word>guys</word>
            <lemma>guy</lemma>
            <CharacterOffsetBegin>864</CharacterOffsetBegin>
            <CharacterOffsetEnd>868</CharacterOffsetEnd>
            <POS>NNS</POS>
          </token>
          <token id="7">
            <word>!!</word>
            <lemma>!!</lemma>
            <CharacterOffsetBegin>868</CharacterOffsetBegin>
            <CharacterOffsetEnd>870</CharacterOffsetEnd>
            <POS>IN</POS>
          </token>
        </tokens>
      </sentence>
      <sentence id="11">
        <tokens>
          <token id="1">
            <word>I</word>
            <lemma>I</lemma>
            <CharacterOffsetBegin>871</CharacterOffsetBegin>
            <CharacterOffsetEnd>872</CharacterOffsetEnd>
            <POS>PRP</POS>
          </token>
          <token id="2">
            <word>am</word>
            <lemma>be</lemma>
            <CharacterOffsetBegin>873</CharacterOffsetBegin>
            <CharacterOffsetEnd>875</CharacterOffsetEnd>
            <POS>VBP</POS>
          </token>
          <token id="3">
            <word>completely</word>
            <lemma>completely</lemma>
            <CharacterOffsetBegin>876</CharacterOffsetBegin>
            <CharacterOffsetEnd>886</CharacterOffsetEnd>
            <POS>RB</POS>
          </token>
          <token id="4">
            <word>and</word>
            <lemma>and</lemma>
            <CharacterOffsetBegin>887</CharacterOffsetBegin>
            <CharacterOffsetEnd>890</CharacterOffsetEnd>
            <POS>CC</POS>
          </token>
          <token id="5">
            <word>utterly</word>
            <lemma>utterly</lemma>
            <CharacterOffsetBegin>891</CharacterOffsetBegin>
            <CharacterOffsetEnd>898</CharacterOffsetEnd>
            <POS>RB</POS>
          </token>
          <token id="6">
            <word>overwhelmed</word>
            <lemma>overwhelmed</lemma>
            <CharacterOffsetBegin>899</CharacterOffsetBegin>
            <CharacterOffsetEnd>910</CharacterOffsetEnd>
            <POS>JJ</POS>
          </token>
          <token id="7">
            <word>by</word>
            <lemma>by</lemma>
            <CharacterOffsetBegin>911</CharacterOffsetBegin>
            <CharacterOffsetEnd>913</CharacterOffsetEnd>
            <POS>IN</POS>
          </token>
          <token id="8">
            <word>all</word>
            <lemma>all</lemma>
            <CharacterOffsetBegin>914</CharacterOffsetBegin>
            <CharacterOffsetEnd>917</CharacterOffsetEnd>
            <POS>DT</POS>
          </token>
          <token id="9">
            <word>your</word>
            <lemma>you</lemma>
            <CharacterOffsetBegin>918</CharacterOffsetBegin>
            <CharacterOffsetEnd>922</CharacterOffsetEnd>
            <POS>PRP$</POS>
          </token>
          <token id="10">
            <word>kind</word>
            <lemma>kind</lemma>
            <CharacterOffsetBegin>923</CharacterOffsetBegin>
            <CharacterOffsetEnd>927</CharacterOffsetEnd>
            <POS>NN</POS>
          </token>
          <token id="11">
            <word>msgs</word>
            <lemma>msg</lemma>
            <CharacterOffsetBegin>928</CharacterOffsetBegin>
            <CharacterOffsetEnd>932</CharacterOffsetEnd>
            <POS>NNS</POS>
          </token>
          <token id="12">
            <word>for</word>
            <lemma>for</lemma>
            <CharacterOffsetBegin>933</CharacterOffsetBegin>
            <CharacterOffsetEnd>936</CharacterOffsetEnd>
            <POS>IN</POS>
          </token>
          <token id="13">
            <word>my</word>
            <lemma>my</lemma>
            <CharacterOffsetBegin>937</CharacterOffsetBegin>
            <CharacterOffsetEnd>939</CharacterOffsetEnd>
            <POS>PRP$</POS>
          </token>
          <token id="14">
            <word>family</word>
            <lemma>family</lemma>
            <CharacterOffsetBegin>940</CharacterOffsetBegin>
            <CharacterOffsetEnd>946</CharacterOffsetEnd>
            <POS>NN</POS>
          </token>
          <token id="15">
            <word>.</word>
            <lemma>.</lemma>
            <CharacterOffsetBegin>946</CharacterOffsetBegin>
            <CharacterOffsetEnd>947</CharacterOffsetEnd>
            <POS>.</POS>
          </token>
        </tokens>
      </sentence>
      <sentence id="12">
        <tokens>
          <token id="1">
            <word>Thank</word>
            <lemma>thank</lemma>
            <CharacterOffsetBegin>948</CharacterOffsetBegin>
            <CharacterOffsetEnd>953</CharacterOffsetEnd>
            <POS>VB</POS>
          </token>
          <token id="2">
            <word>you</word>
            <lemma>you</lemma>
            <CharacterOffsetBegin>954</CharacterOffsetBegin>
            <CharacterOffsetEnd>957</CharacterOffsetEnd>
            <POS>PRP</POS>
          </token>
          <token id="3">
            <word>so</word>
            <lemma>so</lemma>
            <CharacterOffsetBegin>958</CharacterOffsetBegin>
            <CharacterOffsetEnd>960</CharacterOffsetEnd>
            <POS>RB</POS>
          </token>
          <token id="4">
            <word>very</word>
            <lemma>very</lemma>
            <CharacterOffsetBegin>961</CharacterOffsetBegin>
            <CharacterOffsetEnd>965</CharacterOffsetEnd>
            <POS>RB</POS>
          </token>
          <token id="5">
            <word>much</word>
            <lemma>much</lemma>
            <CharacterOffsetBegin>966</CharacterOffsetBegin>
            <CharacterOffsetEnd>970</CharacterOffsetEnd>
            <POS>RB</POS>
          </token>
          <token id="6">
            <word>.</word>
            <lemma>.</lemma>
            <CharacterOffsetBegin>970</CharacterOffsetBegin>
            <CharacterOffsetEnd>971</CharacterOffsetEnd>
            <POS>.</POS>
          </token>
        </tokens>
      </sentence>
      <sentence id="13">
        <tokens>
          <token id="1">
            <word>Last</word>
            <lemma>last</lemma>
            <CharacterOffsetBegin>972</CharacterOffsetBegin>
            <CharacterOffsetEnd>976</CharacterOffsetEnd>
            <POS>JJ</POS>
          </token>
          <token id="2">
            <word>month</word>
            <lemma>month</lemma>
            <CharacterOffsetBegin>977</CharacterOffsetBegin>
            <CharacterOffsetEnd>982</CharacterOffsetEnd>
            <POS>NN</POS>
          </token>
          <token id="3">
            <word>the</word>
            <lemma>the</lemma>
            <CharacterOffsetBegin>983</CharacterOffsetBegin>
            <CharacterOffsetEnd>986</CharacterOffsetEnd>
            <POS>DT</POS>
          </token>
          <token id="4">
            <word>star</word>
            <lemma>star</lemma>
            <CharacterOffsetBegin>987</CharacterOffsetBegin>
            <CharacterOffsetEnd>991</CharacterOffsetEnd>
            <POS>NN</POS>
          </token>
          <token id="5">
            <word>had</word>
            <lemma>have</lemma>
            <CharacterOffsetBegin>992</CharacterOffsetBegin>
            <CharacterOffsetEnd>995</CharacterOffsetEnd>
            <POS>VBD</POS>
          </token>
          <token id="6">
            <word>herself</word>
            <lemma>herself</lemma>
            <CharacterOffsetBegin>996</CharacterOffsetBegin>
            <CharacterOffsetEnd>1003</CharacterOffsetEnd>
            <POS>PRP</POS>
          </token>
          <token id="7">
            <word>covered</word>
            <lemma>cover</lemma>
            <CharacterOffsetBegin>1004</CharacterOffsetBegin>
            <CharacterOffsetEnd>1011</CharacterOffsetEnd>
            <POS>VBD</POS>
          </token>
          <token id="8">
            <word>in</word>
            <lemma>in</lemma>
            <CharacterOffsetBegin>1012</CharacterOffsetBegin>
            <CharacterOffsetEnd>1014</CharacterOffsetEnd>
            <POS>IN</POS>
          </token>
          <token id="9">
            <word>plaster</word>
            <lemma>plaster</lemma>
            <CharacterOffsetBegin>1015</CharacterOffsetBegin>
            <CharacterOffsetEnd>1022</CharacterOffsetEnd>
            <POS>NN</POS>
          </token>
          <token id="10">
            <word>to</word>
            <lemma>to</lemma>
            <CharacterOffsetBegin>1023</CharacterOffsetBegin>
            <CharacterOffsetEnd>1025</CharacterOffsetEnd>
            <POS>TO</POS>
          </token>
          <token id="11">
            <word>make</word>
            <lemma>make</lemma>
            <CharacterOffsetBegin>1026</CharacterOffsetBegin>
            <CharacterOffsetEnd>1030</CharacterOffsetEnd>
            <POS>VB</POS>
          </token>
          <token id="12">
            <word>a</word>
            <lemma>a</lemma>
            <CharacterOffsetBegin>1031</CharacterOffsetBegin>
            <CharacterOffsetEnd>1032</CharacterOffsetEnd>
            <POS>DT</POS>
          </token>
          <token id="13">
            <word>mould</word>
            <lemma>mould</lemma>
            <CharacterOffsetBegin>1033</CharacterOffsetBegin>
            <CharacterOffsetEnd>1038</CharacterOffsetEnd>
            <POS>NN</POS>
          </token>
          <token id="14">
            <word>of</word>
            <lemma>of</lemma>
            <CharacterOffsetBegin>1039</CharacterOffsetBegin>
            <CharacterOffsetEnd>1041</CharacterOffsetEnd>
            <POS>IN</POS>
          </token>
          <token id="15">
            <word>her</word>
            <lemma>she</lemma>
            <CharacterOffsetBegin>1042</CharacterOffsetBegin>
            <CharacterOffsetEnd>1045</CharacterOffsetEnd>
            <POS>PRP$</POS>
          </token>
          <token id="16">
            <word>pregnant</word>
            <lemma>pregnant</lemma>
            <CharacterOffsetBegin>1046</CharacterOffsetBegin>
            <CharacterOffsetEnd>1054</CharacterOffsetEnd>
            <POS>JJ</POS>
          </token>
          <token id="17">
            <word>tummy</word>
            <lemma>tummy</lemma>
            <CharacterOffsetBegin>1055</CharacterOffsetBegin>
            <CharacterOffsetEnd>1060</CharacterOffsetEnd>
            <POS>NN</POS>
          </token>
          <token id="18">
            <word>before</word>
            <lemma>before</lemma>
            <CharacterOffsetBegin>1061</CharacterOffsetBegin>
            <CharacterOffsetEnd>1067</CharacterOffsetEnd>
            <POS>IN</POS>
          </token>
          <token id="19">
            <word>putting</word>
            <lemma>put</lemma>
            <CharacterOffsetBegin>1068</CharacterOffsetBegin>
            <CharacterOffsetEnd>1075</CharacterOffsetEnd>
            <POS>VBG</POS>
          </token>
          <token id="20">
            <word>a</word>
            <lemma>a</lemma>
            <CharacterOffsetBegin>1076</CharacterOffsetBegin>
            <CharacterOffsetEnd>1077</CharacterOffsetEnd>
            <POS>DT</POS>
          </token>
          <token id="21">
            <word>picture</word>
            <lemma>picture</lemma>
            <CharacterOffsetBegin>1078</CharacterOffsetBegin>
            <CharacterOffsetEnd>1085</CharacterOffsetEnd>
            <POS>NN</POS>
          </token>
          <token id="22">
            <word>of</word>
            <lemma>of</lemma>
            <CharacterOffsetBegin>1086</CharacterOffsetBegin>
            <CharacterOffsetEnd>1088</CharacterOffsetEnd>
            <POS>IN</POS>
          </token>
          <token id="23">
            <word>it</word>
            <lemma>it</lemma>
            <CharacterOffsetBegin>1089</CharacterOffsetBegin>
            <CharacterOffsetEnd>1091</CharacterOffsetEnd>
            <POS>PRP</POS>
          </token>
          <token id="24">
            <word>on</word>
            <lemma>on</lemma>
            <CharacterOffsetBegin>1092</CharacterOffsetBegin>
            <CharacterOffsetEnd>1094</CharacterOffsetEnd>
            <POS>IN</POS>
          </token>
          <token id="25">
            <word>Twitter</word>
            <lemma>Twitter</lemma>
            <CharacterOffsetBegin>1095</CharacterOffsetBegin>
            <CharacterOffsetEnd>1102</CharacterOffsetEnd>
            <POS>NNP</POS>
          </token>
          <token id="26">
            <word>.</word>
            <lemma>.</lemma>
            <CharacterOffsetBegin>1102</CharacterOffsetBegin>
            <CharacterOffsetEnd>1103</CharacterOffsetEnd>
            <POS>.</POS>
          </token>
        </tokens>
      </sentence>
      <sentence id="14">
        <tokens>
          <token id="1">
            <word>She</word>
            <lemma>she</lemma>
            <CharacterOffsetBegin>1104</CharacterOffsetBegin>
            <CharacterOffsetEnd>1107</CharacterOffsetEnd>
            <POS>PRP</POS>
          </token>
          <token id="2">
            <word>wrote</word>
            <lemma>write</lemma>
            <CharacterOffsetBegin>1108</CharacterOffsetBegin>
            <CharacterOffsetEnd>1113</CharacterOffsetEnd>
            <POS>VBD</POS>
          </token>
          <token id="3">
            <word>:</word>
            <lemma>:</lemma>
            <CharacterOffsetBegin>1113</CharacterOffsetBegin>
            <CharacterOffsetEnd>1114</CharacterOffsetEnd>
            <POS>:</POS>
          </token>
          <token id="4">
            <word>Getting</word>
            <lemma>get</lemma>
            <CharacterOffsetBegin>1115</CharacterOffsetBegin>
            <CharacterOffsetEnd>1122</CharacterOffsetEnd>
            <POS>VBG</POS>
          </token>
          <token id="5">
            <word>completely</word>
            <lemma>completely</lemma>
            <CharacterOffsetBegin>1123</CharacterOffsetBegin>
            <CharacterOffsetEnd>1133</CharacterOffsetEnd>
            <POS>RB</POS>
          </token>
          <token id="6">
            <word>plastered</word>
            <lemma>plaster</lemma>
            <CharacterOffsetBegin>1134</CharacterOffsetBegin>
            <CharacterOffsetEnd>1143</CharacterOffsetEnd>
            <POS>VBN</POS>
          </token>
          <token id="7">
            <word>today</word>
            <lemma>today</lemma>
            <CharacterOffsetBegin>1144</CharacterOffsetBegin>
            <CharacterOffsetEnd>1149</CharacterOffsetEnd>
            <POS>NN</POS>
          </token>
          <token id="8">
            <word>!</word>
            <lemma>!</lemma>
            <CharacterOffsetBegin>1149</CharacterOffsetBegin>
            <CharacterOffsetEnd>1150</CharacterOffsetEnd>
            <POS>.</POS>
          </token>
        </tokens>
      </sentence>
    </sentences>
  </document>
</root>
