<?xml version="1.0" encoding="UTF-8"?>
<?xml-stylesheet href="CoreNLP-to-HTML.xsl" type="text/xsl"?>
<root>
  <document>
    <sentences>
      <sentence id="1">
        <tokens>
          <token id="1">
            <word>Acer</word>
            <lemma>Acer</lemma>
            <CharacterOffsetBegin>0</CharacterOffsetBegin>
            <CharacterOffsetEnd>4</CharacterOffsetEnd>
            <POS>NNP</POS>
          </token>
          <token id="2">
            <word>pledges</word>
            <lemma>pledge</lemma>
            <CharacterOffsetBegin>5</CharacterOffsetBegin>
            <CharacterOffsetEnd>12</CharacterOffsetEnd>
            <POS>VBZ</POS>
          </token>
          <token id="3">
            <word>efforts</word>
            <lemma>effort</lemma>
            <CharacterOffsetBegin>13</CharacterOffsetBegin>
            <CharacterOffsetEnd>20</CharacterOffsetEnd>
            <POS>NNS</POS>
          </token>
          <token id="4">
            <word>to</word>
            <lemma>to</lemma>
            <CharacterOffsetBegin>21</CharacterOffsetBegin>
            <CharacterOffsetEnd>23</CharacterOffsetEnd>
            <POS>TO</POS>
          </token>
          <token id="5">
            <word>rebound</word>
            <lemma>rebind</lemma>
            <CharacterOffsetBegin>24</CharacterOffsetBegin>
            <CharacterOffsetEnd>31</CharacterOffsetEnd>
            <POS>VB</POS>
          </token>
          <token id="6">
            <word>amid</word>
            <lemma>amid</lemma>
            <CharacterOffsetBegin>32</CharacterOffsetBegin>
            <CharacterOffsetEnd>36</CharacterOffsetEnd>
            <POS>IN</POS>
          </token>
          <token id="7">
            <word>slowing</word>
            <lemma>slow</lemma>
            <CharacterOffsetBegin>37</CharacterOffsetBegin>
            <CharacterOffsetEnd>44</CharacterOffsetEnd>
            <POS>VBG</POS>
          </token>
          <token id="8">
            <word>sales</word>
            <lemma>sale</lemma>
            <CharacterOffsetBegin>45</CharacterOffsetBegin>
            <CharacterOffsetEnd>50</CharacterOffsetEnd>
            <POS>NNS</POS>
          </token>
        </tokens>
      </sentence>
      <sentence id="2">
        <tokens>
          <token id="1">
            <word>TAIPEI</word>
            <lemma>TAIPEI</lemma>
            <CharacterOffsetBegin>52</CharacterOffsetBegin>
            <CharacterOffsetEnd>58</CharacterOffsetEnd>
            <POS>NNP</POS>
          </token>
          <token id="2">
            <word>,</word>
            <lemma>,</lemma>
            <CharacterOffsetBegin>58</CharacterOffsetBegin>
            <CharacterOffsetEnd>59</CharacterOffsetEnd>
            <POS>,</POS>
          </token>
          <token id="3">
            <word>Taiwan</word>
            <lemma>Taiwan</lemma>
            <CharacterOffsetBegin>60</CharacterOffsetBegin>
            <CharacterOffsetEnd>66</CharacterOffsetEnd>
            <POS>NNP</POS>
          </token>
          <token id="4">
            <word>-LRB-</word>
            <lemma>-lrb-</lemma>
            <CharacterOffsetBegin>67</CharacterOffsetBegin>
            <CharacterOffsetEnd>68</CharacterOffsetEnd>
            <POS>-LRB-</POS>
          </token>
          <token id="5">
            <word>AP</word>
            <lemma>AP</lemma>
            <CharacterOffsetBegin>68</CharacterOffsetBegin>
            <CharacterOffsetEnd>70</CharacterOffsetEnd>
            <POS>NNP</POS>
          </token>
          <token id="6">
            <word>-RRB-</word>
            <lemma>-rrb-</lemma>
            <CharacterOffsetBegin>70</CharacterOffsetBegin>
            <CharacterOffsetEnd>71</CharacterOffsetEnd>
            <POS>-RRB-</POS>
          </token>
          <token id="7">
            <word>--</word>
            <lemma>--</lemma>
            <CharacterOffsetBegin>72</CharacterOffsetBegin>
            <CharacterOffsetEnd>73</CharacterOffsetEnd>
            <POS>:</POS>
          </token>
          <token id="8">
            <word>Taiwan</word>
            <lemma>Taiwan</lemma>
            <CharacterOffsetBegin>74</CharacterOffsetBegin>
            <CharacterOffsetEnd>80</CharacterOffsetEnd>
            <POS>NNP</POS>
          </token>
          <token id="9">
            <word>'s</word>
            <lemma>'s</lemma>
            <CharacterOffsetBegin>80</CharacterOffsetBegin>
            <CharacterOffsetEnd>82</CharacterOffsetEnd>
            <POS>POS</POS>
          </token>
          <token id="10">
            <word>Acer</word>
            <lemma>Acer</lemma>
            <CharacterOffsetBegin>83</CharacterOffsetBegin>
            <CharacterOffsetEnd>87</CharacterOffsetEnd>
            <POS>NNP</POS>
          </token>
          <token id="11">
            <word>Inc.</word>
            <lemma>Inc.</lemma>
            <CharacterOffsetBegin>88</CharacterOffsetBegin>
            <CharacterOffsetEnd>92</CharacterOffsetEnd>
            <POS>NNP</POS>
          </token>
          <token id="12">
            <word>has</word>
            <lemma>have</lemma>
            <CharacterOffsetBegin>93</CharacterOffsetBegin>
            <CharacterOffsetEnd>96</CharacterOffsetEnd>
            <POS>VBZ</POS>
          </token>
          <token id="13">
            <word>pledged</word>
            <lemma>pledge</lemma>
            <CharacterOffsetBegin>97</CharacterOffsetBegin>
            <CharacterOffsetEnd>104</CharacterOffsetEnd>
            <POS>VBN</POS>
          </token>
          <token id="14">
            <word>to</word>
            <lemma>to</lemma>
            <CharacterOffsetBegin>105</CharacterOffsetBegin>
            <CharacterOffsetEnd>107</CharacterOffsetEnd>
            <POS>TO</POS>
          </token>
          <token id="15">
            <word>meet</word>
            <lemma>meet</lemma>
            <CharacterOffsetBegin>108</CharacterOffsetBegin>
            <CharacterOffsetEnd>112</CharacterOffsetEnd>
            <POS>VB</POS>
          </token>
          <token id="16">
            <word>new</word>
            <lemma>new</lemma>
            <CharacterOffsetBegin>113</CharacterOffsetBegin>
            <CharacterOffsetEnd>116</CharacterOffsetEnd>
            <POS>JJ</POS>
          </token>
          <token id="17">
            <word>challenges</word>
            <lemma>challenge</lemma>
            <CharacterOffsetBegin>117</CharacterOffsetBegin>
            <CharacterOffsetEnd>127</CharacterOffsetEnd>
            <POS>NNS</POS>
          </token>
          <token id="18">
            <word>in</word>
            <lemma>in</lemma>
            <CharacterOffsetBegin>128</CharacterOffsetBegin>
            <CharacterOffsetEnd>130</CharacterOffsetEnd>
            <POS>IN</POS>
          </token>
          <token id="19">
            <word>the</word>
            <lemma>the</lemma>
            <CharacterOffsetBegin>131</CharacterOffsetBegin>
            <CharacterOffsetEnd>134</CharacterOffsetEnd>
            <POS>DT</POS>
          </token>
          <token id="20">
            <word>slowing</word>
            <lemma>slow</lemma>
            <CharacterOffsetBegin>135</CharacterOffsetBegin>
            <CharacterOffsetEnd>142</CharacterOffsetEnd>
            <POS>VBG</POS>
          </token>
          <token id="21">
            <word>PC</word>
            <lemma>pc</lemma>
            <CharacterOffsetBegin>143</CharacterOffsetBegin>
            <CharacterOffsetEnd>145</CharacterOffsetEnd>
            <POS>NN</POS>
          </token>
          <token id="22">
            <word>market</word>
            <lemma>market</lemma>
            <CharacterOffsetBegin>146</CharacterOffsetBegin>
            <CharacterOffsetEnd>152</CharacterOffsetEnd>
            <POS>NN</POS>
          </token>
          <token id="23">
            <word>after</word>
            <lemma>after</lemma>
            <CharacterOffsetBegin>153</CharacterOffsetBegin>
            <CharacterOffsetEnd>158</CharacterOffsetEnd>
            <POS>IN</POS>
          </token>
          <token id="24">
            <word>it</word>
            <lemma>it</lemma>
            <CharacterOffsetBegin>159</CharacterOffsetBegin>
            <CharacterOffsetEnd>161</CharacterOffsetEnd>
            <POS>PRP</POS>
          </token>
          <token id="25">
            <word>replaced</word>
            <lemma>replace</lemma>
            <CharacterOffsetBegin>162</CharacterOffsetBegin>
            <CharacterOffsetEnd>170</CharacterOffsetEnd>
            <POS>VBD</POS>
          </token>
          <token id="26">
            <word>its</word>
            <lemma>its</lemma>
            <CharacterOffsetBegin>171</CharacterOffsetBegin>
            <CharacterOffsetEnd>174</CharacterOffsetEnd>
            <POS>PRP$</POS>
          </token>
          <token id="27">
            <word>top</word>
            <lemma>top</lemma>
            <CharacterOffsetBegin>175</CharacterOffsetBegin>
            <CharacterOffsetEnd>178</CharacterOffsetEnd>
            <POS>JJ</POS>
          </token>
          <token id="28">
            <word>executive</word>
            <lemma>executive</lemma>
            <CharacterOffsetBegin>179</CharacterOffsetBegin>
            <CharacterOffsetEnd>188</CharacterOffsetEnd>
            <POS>NN</POS>
          </token>
          <token id="29">
            <word>as</word>
            <lemma>as</lemma>
            <CharacterOffsetBegin>189</CharacterOffsetBegin>
            <CharacterOffsetEnd>191</CharacterOffsetEnd>
            <POS>IN</POS>
          </token>
          <token id="30">
            <word>sales</word>
            <lemma>sale</lemma>
            <CharacterOffsetBegin>192</CharacterOffsetBegin>
            <CharacterOffsetEnd>197</CharacterOffsetEnd>
            <POS>NNS</POS>
          </token>
          <token id="31">
            <word>fall</word>
            <lemma>fall</lemma>
            <CharacterOffsetBegin>198</CharacterOffsetBegin>
            <CharacterOffsetEnd>202</CharacterOffsetEnd>
            <POS>VBP</POS>
          </token>
          <token id="32">
            <word>amid</word>
            <lemma>amid</lemma>
            <CharacterOffsetBegin>203</CharacterOffsetBegin>
            <CharacterOffsetEnd>207</CharacterOffsetEnd>
            <POS>IN</POS>
          </token>
          <token id="33">
            <word>competition</word>
            <lemma>competition</lemma>
            <CharacterOffsetBegin>208</CharacterOffsetBegin>
            <CharacterOffsetEnd>219</CharacterOffsetEnd>
            <POS>NN</POS>
          </token>
          <token id="34">
            <word>from</word>
            <lemma>from</lemma>
            <CharacterOffsetBegin>220</CharacterOffsetBegin>
            <CharacterOffsetEnd>224</CharacterOffsetEnd>
            <POS>IN</POS>
          </token>
          <token id="35">
            <word>tablets</word>
            <lemma>tablet</lemma>
            <CharacterOffsetBegin>225</CharacterOffsetBegin>
            <CharacterOffsetEnd>232</CharacterOffsetEnd>
            <POS>NNS</POS>
          </token>
          <token id="36">
            <word>and</word>
            <lemma>and</lemma>
            <CharacterOffsetBegin>233</CharacterOffsetBegin>
            <CharacterOffsetEnd>236</CharacterOffsetEnd>
            <POS>CC</POS>
          </token>
          <token id="37">
            <word>other</word>
            <lemma>other</lemma>
            <CharacterOffsetBegin>237</CharacterOffsetBegin>
            <CharacterOffsetEnd>242</CharacterOffsetEnd>
            <POS>JJ</POS>
          </token>
          <token id="38">
            <word>devices</word>
            <lemma>device</lemma>
            <CharacterOffsetBegin>243</CharacterOffsetBegin>
            <CharacterOffsetEnd>250</CharacterOffsetEnd>
            <POS>NNS</POS>
          </token>
          <token id="39">
            <word>.</word>
            <lemma>.</lemma>
            <CharacterOffsetBegin>250</CharacterOffsetBegin>
            <CharacterOffsetEnd>251</CharacterOffsetEnd>
            <POS>.</POS>
          </token>
        </tokens>
      </sentence>
      <sentence id="3">
        <tokens>
          <token id="1">
            <word>Stan</word>
            <lemma>Stan</lemma>
            <CharacterOffsetBegin>252</CharacterOffsetBegin>
            <CharacterOffsetEnd>256</CharacterOffsetEnd>
            <POS>NNP</POS>
          </token>
          <token id="2">
            <word>Shih</word>
            <lemma>Shih</lemma>
            <CharacterOffsetBegin>257</CharacterOffsetBegin>
            <CharacterOffsetEnd>261</CharacterOffsetEnd>
            <POS>NNP</POS>
          </token>
          <token id="3">
            <word>,</word>
            <lemma>,</lemma>
            <CharacterOffsetBegin>261</CharacterOffsetBegin>
            <CharacterOffsetEnd>262</CharacterOffsetEnd>
            <POS>,</POS>
          </token>
          <token id="4">
            <word>Acer</word>
            <lemma>Acer</lemma>
            <CharacterOffsetBegin>263</CharacterOffsetBegin>
            <CharacterOffsetEnd>267</CharacterOffsetEnd>
            <POS>NNP</POS>
          </token>
          <token id="5">
            <word>'s</word>
            <lemma>'s</lemma>
            <CharacterOffsetBegin>267</CharacterOffsetBegin>
            <CharacterOffsetEnd>269</CharacterOffsetEnd>
            <POS>POS</POS>
          </token>
          <token id="6">
            <word>founder</word>
            <lemma>founder</lemma>
            <CharacterOffsetBegin>270</CharacterOffsetBegin>
            <CharacterOffsetEnd>277</CharacterOffsetEnd>
            <POS>NN</POS>
          </token>
          <token id="7">
            <word>and</word>
            <lemma>and</lemma>
            <CharacterOffsetBegin>278</CharacterOffsetBegin>
            <CharacterOffsetEnd>281</CharacterOffsetEnd>
            <POS>CC</POS>
          </token>
          <token id="8">
            <word>a</word>
            <lemma>a</lemma>
            <CharacterOffsetBegin>282</CharacterOffsetBegin>
            <CharacterOffsetEnd>283</CharacterOffsetEnd>
            <POS>DT</POS>
          </token>
          <token id="9">
            <word>board</word>
            <lemma>board</lemma>
            <CharacterOffsetBegin>284</CharacterOffsetBegin>
            <CharacterOffsetEnd>289</CharacterOffsetEnd>
            <POS>NN</POS>
          </token>
          <token id="10">
            <word>member</word>
            <lemma>member</lemma>
            <CharacterOffsetBegin>290</CharacterOffsetBegin>
            <CharacterOffsetEnd>296</CharacterOffsetEnd>
            <POS>NN</POS>
          </token>
          <token id="11">
            <word>,</word>
            <lemma>,</lemma>
            <CharacterOffsetBegin>296</CharacterOffsetBegin>
            <CharacterOffsetEnd>297</CharacterOffsetEnd>
            <POS>,</POS>
          </token>
          <token id="12">
            <word>acknowledged</word>
            <lemma>acknowledge</lemma>
            <CharacterOffsetBegin>298</CharacterOffsetBegin>
            <CharacterOffsetEnd>310</CharacterOffsetEnd>
            <POS>VBD</POS>
          </token>
          <token id="13">
            <word>smartphones</word>
            <lemma>smartphone</lemma>
            <CharacterOffsetBegin>311</CharacterOffsetBegin>
            <CharacterOffsetEnd>322</CharacterOffsetEnd>
            <POS>NNS</POS>
          </token>
          <token id="14">
            <word>and</word>
            <lemma>and</lemma>
            <CharacterOffsetBegin>323</CharacterOffsetBegin>
            <CharacterOffsetEnd>326</CharacterOffsetEnd>
            <POS>CC</POS>
          </token>
          <token id="15">
            <word>tablet</word>
            <lemma>tablet</lemma>
            <CharacterOffsetBegin>327</CharacterOffsetBegin>
            <CharacterOffsetEnd>333</CharacterOffsetEnd>
            <POS>NN</POS>
          </token>
          <token id="16">
            <word>computers</word>
            <lemma>computer</lemma>
            <CharacterOffsetBegin>334</CharacterOffsetBegin>
            <CharacterOffsetEnd>343</CharacterOffsetEnd>
            <POS>NNS</POS>
          </token>
          <token id="17">
            <word>such</word>
            <lemma>such</lemma>
            <CharacterOffsetBegin>344</CharacterOffsetBegin>
            <CharacterOffsetEnd>348</CharacterOffsetEnd>
            <POS>JJ</POS>
          </token>
          <token id="18">
            <word>as</word>
            <lemma>as</lemma>
            <CharacterOffsetBegin>349</CharacterOffsetBegin>
            <CharacterOffsetEnd>351</CharacterOffsetEnd>
            <POS>IN</POS>
          </token>
          <token id="19">
            <word>Apple</word>
            <lemma>Apple</lemma>
            <CharacterOffsetBegin>352</CharacterOffsetBegin>
            <CharacterOffsetEnd>357</CharacterOffsetEnd>
            <POS>NNP</POS>
          </token>
          <token id="20">
            <word>'s</word>
            <lemma>'s</lemma>
            <CharacterOffsetBegin>357</CharacterOffsetBegin>
            <CharacterOffsetEnd>359</CharacterOffsetEnd>
            <POS>POS</POS>
          </token>
          <token id="21">
            <word>iPad</word>
            <lemma>iPad</lemma>
            <CharacterOffsetBegin>360</CharacterOffsetBegin>
            <CharacterOffsetEnd>364</CharacterOffsetEnd>
            <POS>NNP</POS>
          </token>
          <token id="22">
            <word>have</word>
            <lemma>have</lemma>
            <CharacterOffsetBegin>365</CharacterOffsetBegin>
            <CharacterOffsetEnd>369</CharacterOffsetEnd>
            <POS>VBP</POS>
          </token>
          <token id="23">
            <word>brought</word>
            <lemma>bring</lemma>
            <CharacterOffsetBegin>370</CharacterOffsetBegin>
            <CharacterOffsetEnd>377</CharacterOffsetEnd>
            <POS>VBN</POS>
          </token>
          <token id="24">
            <word>''</word>
            <lemma>''</lemma>
            <CharacterOffsetBegin>378</CharacterOffsetBegin>
            <CharacterOffsetEnd>379</CharacterOffsetEnd>
            <POS>''</POS>
          </token>
          <token id="25">
            <word>``</word>
            <lemma>``</lemma>
            <CharacterOffsetBegin>379</CharacterOffsetBegin>
            <CharacterOffsetEnd>380</CharacterOffsetEnd>
            <POS>``</POS>
          </token>
          <token id="26">
            <word>a</word>
            <lemma>a</lemma>
            <CharacterOffsetBegin>380</CharacterOffsetBegin>
            <CharacterOffsetEnd>381</CharacterOffsetEnd>
            <POS>DT</POS>
          </token>
          <token id="27">
            <word>far</word>
            <lemma>far</lemma>
            <CharacterOffsetBegin>382</CharacterOffsetBegin>
            <CharacterOffsetEnd>385</CharacterOffsetEnd>
            <POS>RB</POS>
          </token>
          <token id="28">
            <word>greater</word>
            <lemma>greater</lemma>
            <CharacterOffsetBegin>386</CharacterOffsetBegin>
            <CharacterOffsetEnd>393</CharacterOffsetEnd>
            <POS>JJR</POS>
          </token>
          <token id="29">
            <word>impact</word>
            <lemma>impact</lemma>
            <CharacterOffsetBegin>394</CharacterOffsetBegin>
            <CharacterOffsetEnd>400</CharacterOffsetEnd>
            <POS>NN</POS>
          </token>
          <token id="30">
            <word>on</word>
            <lemma>on</lemma>
            <CharacterOffsetBegin>401</CharacterOffsetBegin>
            <CharacterOffsetEnd>403</CharacterOffsetEnd>
            <POS>IN</POS>
          </token>
          <token id="31">
            <word>the</word>
            <lemma>the</lemma>
            <CharacterOffsetBegin>404</CharacterOffsetBegin>
            <CharacterOffsetEnd>407</CharacterOffsetEnd>
            <POS>DT</POS>
          </token>
          <token id="32">
            <word>PC</word>
            <lemma>pc</lemma>
            <CharacterOffsetBegin>408</CharacterOffsetBegin>
            <CharacterOffsetEnd>410</CharacterOffsetEnd>
            <POS>NN</POS>
          </token>
          <token id="33">
            <word>industry</word>
            <lemma>industry</lemma>
            <CharacterOffsetBegin>411</CharacterOffsetBegin>
            <CharacterOffsetEnd>419</CharacterOffsetEnd>
            <POS>NN</POS>
          </token>
          <token id="34">
            <word>than</word>
            <lemma>than</lemma>
            <CharacterOffsetBegin>420</CharacterOffsetBegin>
            <CharacterOffsetEnd>424</CharacterOffsetEnd>
            <POS>IN</POS>
          </token>
          <token id="35">
            <word>we</word>
            <lemma>we</lemma>
            <CharacterOffsetBegin>425</CharacterOffsetBegin>
            <CharacterOffsetEnd>427</CharacterOffsetEnd>
            <POS>PRP</POS>
          </token>
          <token id="36">
            <word>had</word>
            <lemma>have</lemma>
            <CharacterOffsetBegin>428</CharacterOffsetBegin>
            <CharacterOffsetEnd>431</CharacterOffsetEnd>
            <POS>VBD</POS>
          </token>
          <token id="37">
            <word>anticipated</word>
            <lemma>anticipate</lemma>
            <CharacterOffsetBegin>432</CharacterOffsetBegin>
            <CharacterOffsetEnd>443</CharacterOffsetEnd>
            <POS>VBN</POS>
          </token>
          <token id="38">
            <word>.</word>
            <lemma>.</lemma>
            <CharacterOffsetBegin>443</CharacterOffsetBegin>
            <CharacterOffsetEnd>444</CharacterOffsetEnd>
            <POS>.</POS>
          </token>
          <token id="39">
            <word>''</word>
            <lemma>''</lemma>
            <CharacterOffsetBegin>444</CharacterOffsetBegin>
            <CharacterOffsetEnd>445</CharacterOffsetEnd>
            <POS>''</POS>
          </token>
          <token id="40">
            <word>''</word>
            <lemma>''</lemma>
            <CharacterOffsetBegin>445</CharacterOffsetBegin>
            <CharacterOffsetEnd>446</CharacterOffsetEnd>
            <POS>''</POS>
          </token>
          <token id="41">
            <word>''</word>
            <lemma>''</lemma>
            <CharacterOffsetBegin>447</CharacterOffsetBegin>
            <CharacterOffsetEnd>448</CharacterOffsetEnd>
            <POS>''</POS>
          </token>
        </tokens>
      </sentence>
      <sentence id="4">
        <tokens>
          <token id="1">
            <word>``</word>
            <lemma>``</lemma>
            <CharacterOffsetBegin>448</CharacterOffsetBegin>
            <CharacterOffsetEnd>449</CharacterOffsetEnd>
            <POS>``</POS>
          </token>
          <token id="2">
            <word>I</word>
            <lemma>I</lemma>
            <CharacterOffsetBegin>449</CharacterOffsetBegin>
            <CharacterOffsetEnd>450</CharacterOffsetEnd>
            <POS>PRP</POS>
          </token>
          <token id="3">
            <word>hope</word>
            <lemma>hope</lemma>
            <CharacterOffsetBegin>451</CharacterOffsetBegin>
            <CharacterOffsetEnd>455</CharacterOffsetEnd>
            <POS>VBP</POS>
          </token>
          <token id="4">
            <word>once</word>
            <lemma>once</lemma>
            <CharacterOffsetBegin>456</CharacterOffsetBegin>
            <CharacterOffsetEnd>460</CharacterOffsetEnd>
            <POS>RB</POS>
          </token>
          <token id="5">
            <word>again</word>
            <lemma>again</lemma>
            <CharacterOffsetBegin>461</CharacterOffsetBegin>
            <CharacterOffsetEnd>466</CharacterOffsetEnd>
            <POS>RB</POS>
          </token>
          <token id="6">
            <word>we</word>
            <lemma>we</lemma>
            <CharacterOffsetBegin>467</CharacterOffsetBegin>
            <CharacterOffsetEnd>469</CharacterOffsetEnd>
            <POS>PRP</POS>
          </token>
          <token id="7">
            <word>can</word>
            <lemma>can</lemma>
            <CharacterOffsetBegin>470</CharacterOffsetBegin>
            <CharacterOffsetEnd>473</CharacterOffsetEnd>
            <POS>MD</POS>
          </token>
          <token id="8">
            <word>face</word>
            <lemma>face</lemma>
            <CharacterOffsetBegin>474</CharacterOffsetBegin>
            <CharacterOffsetEnd>478</CharacterOffsetEnd>
            <POS>VB</POS>
          </token>
          <token id="9">
            <word>the</word>
            <lemma>the</lemma>
            <CharacterOffsetBegin>479</CharacterOffsetBegin>
            <CharacterOffsetEnd>482</CharacterOffsetEnd>
            <POS>DT</POS>
          </token>
          <token id="10">
            <word>challenges</word>
            <lemma>challenge</lemma>
            <CharacterOffsetBegin>483</CharacterOffsetBegin>
            <CharacterOffsetEnd>493</CharacterOffsetEnd>
            <POS>NNS</POS>
          </token>
          <token id="11">
            <word>with</word>
            <lemma>with</lemma>
            <CharacterOffsetBegin>494</CharacterOffsetBegin>
            <CharacterOffsetEnd>498</CharacterOffsetEnd>
            <POS>IN</POS>
          </token>
          <token id="12">
            <word>a</word>
            <lemma>a</lemma>
            <CharacterOffsetBegin>499</CharacterOffsetBegin>
            <CharacterOffsetEnd>500</CharacterOffsetEnd>
            <POS>DT</POS>
          </token>
          <token id="13">
            <word>new</word>
            <lemma>new</lemma>
            <CharacterOffsetBegin>501</CharacterOffsetBegin>
            <CharacterOffsetEnd>504</CharacterOffsetEnd>
            <POS>JJ</POS>
          </token>
          <token id="14">
            <word>strategy</word>
            <lemma>strategy</lemma>
            <CharacterOffsetBegin>505</CharacterOffsetBegin>
            <CharacterOffsetEnd>513</CharacterOffsetEnd>
            <POS>NN</POS>
          </token>
          <token id="15">
            <word>...</word>
            <lemma>...</lemma>
            <CharacterOffsetBegin>514</CharacterOffsetBegin>
            <CharacterOffsetEnd>517</CharacterOffsetEnd>
            <POS>:</POS>
          </token>
          <token id="16">
            <word>and</word>
            <lemma>and</lemma>
            <CharacterOffsetBegin>518</CharacterOffsetBegin>
            <CharacterOffsetEnd>521</CharacterOffsetEnd>
            <POS>CC</POS>
          </token>
          <token id="17">
            <word>push</word>
            <lemma>push</lemma>
            <CharacterOffsetBegin>522</CharacterOffsetBegin>
            <CharacterOffsetEnd>526</CharacterOffsetEnd>
            <POS>VB</POS>
          </token>
          <token id="18">
            <word>again</word>
            <lemma>again</lemma>
            <CharacterOffsetBegin>527</CharacterOffsetBegin>
            <CharacterOffsetEnd>532</CharacterOffsetEnd>
            <POS>RB</POS>
          </token>
          <token id="19">
            <word>for</word>
            <lemma>for</lemma>
            <CharacterOffsetBegin>533</CharacterOffsetBegin>
            <CharacterOffsetEnd>536</CharacterOffsetEnd>
            <POS>IN</POS>
          </token>
          <token id="20">
            <word>corporate</word>
            <lemma>corporate</lemma>
            <CharacterOffsetBegin>537</CharacterOffsetBegin>
            <CharacterOffsetEnd>546</CharacterOffsetEnd>
            <POS>JJ</POS>
          </token>
          <token id="21">
            <word>reconstruction</word>
            <lemma>reconstruction</lemma>
            <CharacterOffsetBegin>547</CharacterOffsetBegin>
            <CharacterOffsetEnd>561</CharacterOffsetEnd>
            <POS>NN</POS>
          </token>
          <token id="22">
            <word>,</word>
            <lemma>,</lemma>
            <CharacterOffsetBegin>561</CharacterOffsetBegin>
            <CharacterOffsetEnd>562</CharacterOffsetEnd>
            <POS>,</POS>
          </token>
          <token id="23">
            <word>''</word>
            <lemma>''</lemma>
            <CharacterOffsetBegin>562</CharacterOffsetBegin>
            <CharacterOffsetEnd>563</CharacterOffsetEnd>
            <POS>''</POS>
          </token>
          <token id="24">
            <word>''</word>
            <lemma>''</lemma>
            <CharacterOffsetBegin>563</CharacterOffsetBegin>
            <CharacterOffsetEnd>564</CharacterOffsetEnd>
            <POS>''</POS>
          </token>
          <token id="25">
            <word>Shih</word>
            <lemma>Shih</lemma>
            <CharacterOffsetBegin>565</CharacterOffsetBegin>
            <CharacterOffsetEnd>569</CharacterOffsetEnd>
            <POS>NNP</POS>
          </token>
          <token id="26">
            <word>said</word>
            <lemma>say</lemma>
            <CharacterOffsetBegin>570</CharacterOffsetBegin>
            <CharacterOffsetEnd>574</CharacterOffsetEnd>
            <POS>VBD</POS>
          </token>
          <token id="27">
            <word>in</word>
            <lemma>in</lemma>
            <CharacterOffsetBegin>575</CharacterOffsetBegin>
            <CharacterOffsetEnd>577</CharacterOffsetEnd>
            <POS>IN</POS>
          </token>
          <token id="28">
            <word>a</word>
            <lemma>a</lemma>
            <CharacterOffsetBegin>578</CharacterOffsetBegin>
            <CharacterOffsetEnd>579</CharacterOffsetEnd>
            <POS>DT</POS>
          </token>
          <token id="29">
            <word>statement</word>
            <lemma>statement</lemma>
            <CharacterOffsetBegin>580</CharacterOffsetBegin>
            <CharacterOffsetEnd>589</CharacterOffsetEnd>
            <POS>NN</POS>
          </token>
          <token id="30">
            <word>.</word>
            <lemma>.</lemma>
            <CharacterOffsetBegin>589</CharacterOffsetBegin>
            <CharacterOffsetEnd>590</CharacterOffsetEnd>
            <POS>.</POS>
          </token>
        </tokens>
      </sentence>
      <sentence id="5">
        <tokens>
          <token id="1">
            <word>Henry</word>
            <lemma>Henry</lemma>
            <CharacterOffsetBegin>591</CharacterOffsetBegin>
            <CharacterOffsetEnd>596</CharacterOffsetEnd>
            <POS>NNP</POS>
          </token>
          <token id="2">
            <word>Wang</word>
            <lemma>Wang</lemma>
            <CharacterOffsetBegin>597</CharacterOffsetBegin>
            <CharacterOffsetEnd>601</CharacterOffsetEnd>
            <POS>NNP</POS>
          </token>
          <token id="3">
            <word>,</word>
            <lemma>,</lemma>
            <CharacterOffsetBegin>601</CharacterOffsetBegin>
            <CharacterOffsetEnd>602</CharacterOffsetEnd>
            <POS>,</POS>
          </token>
          <token id="4">
            <word>director</word>
            <lemma>director</lemma>
            <CharacterOffsetBegin>603</CharacterOffsetBegin>
            <CharacterOffsetEnd>611</CharacterOffsetEnd>
            <POS>NN</POS>
          </token>
          <token id="5">
            <word>of</word>
            <lemma>of</lemma>
            <CharacterOffsetBegin>612</CharacterOffsetBegin>
            <CharacterOffsetEnd>614</CharacterOffsetEnd>
            <POS>IN</POS>
          </token>
          <token id="6">
            <word>Acer</word>
            <lemma>Acer</lemma>
            <CharacterOffsetBegin>615</CharacterOffsetBegin>
            <CharacterOffsetEnd>619</CharacterOffsetEnd>
            <POS>NNP</POS>
          </token>
          <token id="7">
            <word>'s</word>
            <lemma>'s</lemma>
            <CharacterOffsetBegin>619</CharacterOffsetBegin>
            <CharacterOffsetEnd>621</CharacterOffsetEnd>
            <POS>POS</POS>
          </token>
          <token id="8">
            <word>corporation</word>
            <lemma>corporation</lemma>
            <CharacterOffsetBegin>622</CharacterOffsetBegin>
            <CharacterOffsetEnd>633</CharacterOffsetEnd>
            <POS>NN</POS>
          </token>
          <token id="9">
            <word>relations</word>
            <lemma>relation</lemma>
            <CharacterOffsetBegin>634</CharacterOffsetBegin>
            <CharacterOffsetEnd>643</CharacterOffsetEnd>
            <POS>NNS</POS>
          </token>
          <token id="10">
            <word>,</word>
            <lemma>,</lemma>
            <CharacterOffsetBegin>643</CharacterOffsetBegin>
            <CharacterOffsetEnd>644</CharacterOffsetEnd>
            <POS>,</POS>
          </token>
          <token id="11">
            <word>said</word>
            <lemma>say</lemma>
            <CharacterOffsetBegin>645</CharacterOffsetBegin>
            <CharacterOffsetEnd>649</CharacterOffsetEnd>
            <POS>VBD</POS>
          </token>
          <token id="12">
            <word>the</word>
            <lemma>the</lemma>
            <CharacterOffsetBegin>650</CharacterOffsetBegin>
            <CharacterOffsetEnd>653</CharacterOffsetEnd>
            <POS>DT</POS>
          </token>
          <token id="13">
            <word>company</word>
            <lemma>company</lemma>
            <CharacterOffsetBegin>654</CharacterOffsetBegin>
            <CharacterOffsetEnd>661</CharacterOffsetEnd>
            <POS>NN</POS>
          </token>
          <token id="14">
            <word>will</word>
            <lemma>will</lemma>
            <CharacterOffsetBegin>662</CharacterOffsetBegin>
            <CharacterOffsetEnd>666</CharacterOffsetEnd>
            <POS>MD</POS>
          </token>
          <token id="15">
            <word>seek</word>
            <lemma>seek</lemma>
            <CharacterOffsetBegin>667</CharacterOffsetBegin>
            <CharacterOffsetEnd>671</CharacterOffsetEnd>
            <POS>VB</POS>
          </token>
          <token id="16">
            <word>to</word>
            <lemma>to</lemma>
            <CharacterOffsetBegin>672</CharacterOffsetBegin>
            <CharacterOffsetEnd>674</CharacterOffsetEnd>
            <POS>TO</POS>
          </token>
          <token id="17">
            <word>enhance</word>
            <lemma>enhance</lemma>
            <CharacterOffsetBegin>675</CharacterOffsetBegin>
            <CharacterOffsetEnd>682</CharacterOffsetEnd>
            <POS>VB</POS>
          </token>
          <token id="18">
            <word>its</word>
            <lemma>its</lemma>
            <CharacterOffsetBegin>683</CharacterOffsetBegin>
            <CharacterOffsetEnd>686</CharacterOffsetEnd>
            <POS>PRP$</POS>
          </token>
          <token id="19">
            <word>brand</word>
            <lemma>brand</lemma>
            <CharacterOffsetBegin>687</CharacterOffsetBegin>
            <CharacterOffsetEnd>692</CharacterOffsetEnd>
            <POS>NN</POS>
          </token>
          <token id="20">
            <word>by</word>
            <lemma>by</lemma>
            <CharacterOffsetBegin>693</CharacterOffsetBegin>
            <CharacterOffsetEnd>695</CharacterOffsetEnd>
            <POS>IN</POS>
          </token>
          <token id="21">
            <word>offering</word>
            <lemma>offer</lemma>
            <CharacterOffsetBegin>696</CharacterOffsetBegin>
            <CharacterOffsetEnd>704</CharacterOffsetEnd>
            <POS>VBG</POS>
          </token>
          <token id="22">
            <word>users</word>
            <lemma>user</lemma>
            <CharacterOffsetBegin>705</CharacterOffsetBegin>
            <CharacterOffsetEnd>710</CharacterOffsetEnd>
            <POS>NNS</POS>
          </token>
          <token id="23">
            <word>''</word>
            <lemma>''</lemma>
            <CharacterOffsetBegin>711</CharacterOffsetBegin>
            <CharacterOffsetEnd>712</CharacterOffsetEnd>
            <POS>''</POS>
          </token>
          <token id="24">
            <word>``</word>
            <lemma>``</lemma>
            <CharacterOffsetBegin>712</CharacterOffsetBegin>
            <CharacterOffsetEnd>713</CharacterOffsetEnd>
            <POS>``</POS>
          </token>
          <token id="25">
            <word>a</word>
            <lemma>a</lemma>
            <CharacterOffsetBegin>713</CharacterOffsetBegin>
            <CharacterOffsetEnd>714</CharacterOffsetEnd>
            <POS>DT</POS>
          </token>
          <token id="26">
            <word>different</word>
            <lemma>different</lemma>
            <CharacterOffsetBegin>715</CharacterOffsetBegin>
            <CharacterOffsetEnd>724</CharacterOffsetEnd>
            <POS>JJ</POS>
          </token>
          <token id="27">
            <word>experience</word>
            <lemma>experience</lemma>
            <CharacterOffsetBegin>725</CharacterOffsetBegin>
            <CharacterOffsetEnd>735</CharacterOffsetEnd>
            <POS>NN</POS>
          </token>
          <token id="28">
            <word>''</word>
            <lemma>''</lemma>
            <CharacterOffsetBegin>735</CharacterOffsetBegin>
            <CharacterOffsetEnd>736</CharacterOffsetEnd>
            <POS>''</POS>
          </token>
          <token id="29">
            <word>''</word>
            <lemma>''</lemma>
            <CharacterOffsetBegin>736</CharacterOffsetBegin>
            <CharacterOffsetEnd>737</CharacterOffsetEnd>
            <POS>''</POS>
          </token>
          <token id="30">
            <word>and</word>
            <lemma>and</lemma>
            <CharacterOffsetBegin>738</CharacterOffsetBegin>
            <CharacterOffsetEnd>741</CharacterOffsetEnd>
            <POS>CC</POS>
          </token>
          <token id="31">
            <word>better</word>
            <lemma>better</lemma>
            <CharacterOffsetBegin>742</CharacterOffsetBegin>
            <CharacterOffsetEnd>748</CharacterOffsetEnd>
            <POS>RBR</POS>
          </token>
          <token id="32">
            <word>services</word>
            <lemma>service</lemma>
            <CharacterOffsetBegin>749</CharacterOffsetBegin>
            <CharacterOffsetEnd>757</CharacterOffsetEnd>
            <POS>NNS</POS>
          </token>
          <token id="33">
            <word>.</word>
            <lemma>.</lemma>
            <CharacterOffsetBegin>757</CharacterOffsetBegin>
            <CharacterOffsetEnd>758</CharacterOffsetEnd>
            <POS>.</POS>
          </token>
        </tokens>
      </sentence>
      <sentence id="6">
        <tokens>
          <token id="1">
            <word>Acer</word>
            <lemma>Acer</lemma>
            <CharacterOffsetBegin>759</CharacterOffsetBegin>
            <CharacterOffsetEnd>763</CharacterOffsetEnd>
            <POS>NNP</POS>
          </token>
          <token id="2">
            <word>announced</word>
            <lemma>announce</lemma>
            <CharacterOffsetBegin>764</CharacterOffsetBegin>
            <CharacterOffsetEnd>773</CharacterOffsetEnd>
            <POS>VBD</POS>
          </token>
          <token id="3">
            <word>Thursday</word>
            <lemma>Thursday</lemma>
            <CharacterOffsetBegin>774</CharacterOffsetBegin>
            <CharacterOffsetEnd>782</CharacterOffsetEnd>
            <POS>NNP</POS>
          </token>
          <token id="4">
            <word>its</word>
            <lemma>its</lemma>
            <CharacterOffsetBegin>783</CharacterOffsetBegin>
            <CharacterOffsetEnd>786</CharacterOffsetEnd>
            <POS>PRP$</POS>
          </token>
          <token id="5">
            <word>chief</word>
            <lemma>chief</lemma>
            <CharacterOffsetBegin>787</CharacterOffsetBegin>
            <CharacterOffsetEnd>792</CharacterOffsetEnd>
            <POS>JJ</POS>
          </token>
          <token id="6">
            <word>executive</word>
            <lemma>executive</lemma>
            <CharacterOffsetBegin>793</CharacterOffsetBegin>
            <CharacterOffsetEnd>802</CharacterOffsetEnd>
            <POS>NN</POS>
          </token>
          <token id="7">
            <word>Gianfranco</word>
            <lemma>Gianfranco</lemma>
            <CharacterOffsetBegin>803</CharacterOffsetBegin>
            <CharacterOffsetEnd>813</CharacterOffsetEnd>
            <POS>NNP</POS>
          </token>
          <token id="8">
            <word>Lanci</word>
            <lemma>Lanci</lemma>
            <CharacterOffsetBegin>814</CharacterOffsetBegin>
            <CharacterOffsetEnd>819</CharacterOffsetEnd>
            <POS>NNP</POS>
          </token>
          <token id="9">
            <word>has</word>
            <lemma>have</lemma>
            <CharacterOffsetBegin>820</CharacterOffsetBegin>
            <CharacterOffsetEnd>823</CharacterOffsetEnd>
            <POS>VBZ</POS>
          </token>
          <token id="10">
            <word>resigned</word>
            <lemma>resign</lemma>
            <CharacterOffsetBegin>824</CharacterOffsetBegin>
            <CharacterOffsetEnd>832</CharacterOffsetEnd>
            <POS>VBN</POS>
          </token>
          <token id="11">
            <word>over</word>
            <lemma>over</lemma>
            <CharacterOffsetBegin>833</CharacterOffsetBegin>
            <CharacterOffsetEnd>837</CharacterOffsetEnd>
            <POS>IN</POS>
          </token>
          <token id="12">
            <word>differences</word>
            <lemma>difference</lemma>
            <CharacterOffsetBegin>838</CharacterOffsetBegin>
            <CharacterOffsetEnd>849</CharacterOffsetEnd>
            <POS>NNS</POS>
          </token>
          <token id="13">
            <word>with</word>
            <lemma>with</lemma>
            <CharacterOffsetBegin>850</CharacterOffsetBegin>
            <CharacterOffsetEnd>854</CharacterOffsetEnd>
            <POS>IN</POS>
          </token>
          <token id="14">
            <word>board</word>
            <lemma>board</lemma>
            <CharacterOffsetBegin>855</CharacterOffsetBegin>
            <CharacterOffsetEnd>860</CharacterOffsetEnd>
            <POS>NN</POS>
          </token>
          <token id="15">
            <word>members</word>
            <lemma>member</lemma>
            <CharacterOffsetBegin>861</CharacterOffsetBegin>
            <CharacterOffsetEnd>868</CharacterOffsetEnd>
            <POS>NNS</POS>
          </token>
          <token id="16">
            <word>about</word>
            <lemma>about</lemma>
            <CharacterOffsetBegin>869</CharacterOffsetBegin>
            <CharacterOffsetEnd>874</CharacterOffsetEnd>
            <POS>IN</POS>
          </token>
          <token id="17">
            <word>the</word>
            <lemma>the</lemma>
            <CharacterOffsetBegin>875</CharacterOffsetBegin>
            <CharacterOffsetEnd>878</CharacterOffsetEnd>
            <POS>DT</POS>
          </token>
          <token id="18">
            <word>company</word>
            <lemma>company</lemma>
            <CharacterOffsetBegin>879</CharacterOffsetBegin>
            <CharacterOffsetEnd>886</CharacterOffsetEnd>
            <POS>NN</POS>
          </token>
          <token id="19">
            <word>'s</word>
            <lemma>'s</lemma>
            <CharacterOffsetBegin>886</CharacterOffsetBegin>
            <CharacterOffsetEnd>888</CharacterOffsetEnd>
            <POS>POS</POS>
          </token>
          <token id="20">
            <word>future</word>
            <lemma>future</lemma>
            <CharacterOffsetBegin>889</CharacterOffsetBegin>
            <CharacterOffsetEnd>895</CharacterOffsetEnd>
            <POS>NN</POS>
          </token>
          <token id="21">
            <word>.</word>
            <lemma>.</lemma>
            <CharacterOffsetBegin>895</CharacterOffsetBegin>
            <CharacterOffsetEnd>896</CharacterOffsetEnd>
            <POS>.</POS>
          </token>
        </tokens>
      </sentence>
      <sentence id="7">
        <tokens>
          <token id="1">
            <word>The</word>
            <lemma>the</lemma>
            <CharacterOffsetBegin>897</CharacterOffsetBegin>
            <CharacterOffsetEnd>900</CharacterOffsetEnd>
            <POS>DT</POS>
          </token>
          <token id="2">
            <word>company</word>
            <lemma>company</lemma>
            <CharacterOffsetBegin>901</CharacterOffsetBegin>
            <CharacterOffsetEnd>908</CharacterOffsetEnd>
            <POS>NN</POS>
          </token>
          <token id="3">
            <word>announced</word>
            <lemma>announce</lemma>
            <CharacterOffsetBegin>909</CharacterOffsetBegin>
            <CharacterOffsetEnd>918</CharacterOffsetEnd>
            <POS>VBD</POS>
          </token>
          <token id="4">
            <word>last</word>
            <lemma>last</lemma>
            <CharacterOffsetBegin>919</CharacterOffsetBegin>
            <CharacterOffsetEnd>923</CharacterOffsetEnd>
            <POS>JJ</POS>
          </token>
          <token id="5">
            <word>week</word>
            <lemma>week</lemma>
            <CharacterOffsetBegin>924</CharacterOffsetBegin>
            <CharacterOffsetEnd>928</CharacterOffsetEnd>
            <POS>NN</POS>
          </token>
          <token id="6">
            <word>its</word>
            <lemma>its</lemma>
            <CharacterOffsetBegin>929</CharacterOffsetBegin>
            <CharacterOffsetEnd>932</CharacterOffsetEnd>
            <POS>PRP$</POS>
          </token>
          <token id="7">
            <word>first-quarter</word>
            <lemma>first-quarter</lemma>
            <CharacterOffsetBegin>933</CharacterOffsetBegin>
            <CharacterOffsetEnd>946</CharacterOffsetEnd>
            <POS>JJ</POS>
          </token>
          <token id="8">
            <word>results</word>
            <lemma>result</lemma>
            <CharacterOffsetBegin>947</CharacterOffsetBegin>
            <CharacterOffsetEnd>954</CharacterOffsetEnd>
            <POS>NNS</POS>
          </token>
          <token id="9">
            <word>would</word>
            <lemma>would</lemma>
            <CharacterOffsetBegin>955</CharacterOffsetBegin>
            <CharacterOffsetEnd>960</CharacterOffsetEnd>
            <POS>MD</POS>
          </token>
          <token id="10">
            <word>be</word>
            <lemma>be</lemma>
            <CharacterOffsetBegin>961</CharacterOffsetBegin>
            <CharacterOffsetEnd>963</CharacterOffsetEnd>
            <POS>VB</POS>
          </token>
          <token id="11">
            <word>worse</word>
            <lemma>worse</lemma>
            <CharacterOffsetBegin>964</CharacterOffsetBegin>
            <CharacterOffsetEnd>969</CharacterOffsetEnd>
            <POS>JJR</POS>
          </token>
          <token id="12">
            <word>than</word>
            <lemma>than</lemma>
            <CharacterOffsetBegin>970</CharacterOffsetBegin>
            <CharacterOffsetEnd>974</CharacterOffsetEnd>
            <POS>IN</POS>
          </token>
          <token id="13">
            <word>expected</word>
            <lemma>expect</lemma>
            <CharacterOffsetBegin>975</CharacterOffsetBegin>
            <CharacterOffsetEnd>983</CharacterOffsetEnd>
            <POS>VBN</POS>
          </token>
          <token id="14">
            <word>--</word>
            <lemma>--</lemma>
            <CharacterOffsetBegin>984</CharacterOffsetBegin>
            <CharacterOffsetEnd>985</CharacterOffsetEnd>
            <POS>:</POS>
          </token>
          <token id="15">
            <word>a</word>
            <lemma>a</lemma>
            <CharacterOffsetBegin>986</CharacterOffsetBegin>
            <CharacterOffsetEnd>987</CharacterOffsetEnd>
            <POS>DT</POS>
          </token>
          <token id="16">
            <word>10</word>
            <lemma>10</lemma>
            <CharacterOffsetBegin>988</CharacterOffsetBegin>
            <CharacterOffsetEnd>990</CharacterOffsetEnd>
            <POS>CD</POS>
          </token>
          <token id="17">
            <word>percent</word>
            <lemma>percent</lemma>
            <CharacterOffsetBegin>991</CharacterOffsetBegin>
            <CharacterOffsetEnd>998</CharacterOffsetEnd>
            <POS>NN</POS>
          </token>
          <token id="18">
            <word>quarter-on-quarter</word>
            <lemma>quarter-on-quarter</lemma>
            <CharacterOffsetBegin>999</CharacterOffsetBegin>
            <CharacterOffsetEnd>1017</CharacterOffsetEnd>
            <POS>JJ</POS>
          </token>
          <token id="19">
            <word>drop</word>
            <lemma>drop</lemma>
            <CharacterOffsetBegin>1018</CharacterOffsetBegin>
            <CharacterOffsetEnd>1022</CharacterOffsetEnd>
            <POS>NN</POS>
          </token>
          <token id="20">
            <word>in</word>
            <lemma>in</lemma>
            <CharacterOffsetBegin>1023</CharacterOffsetBegin>
            <CharacterOffsetEnd>1025</CharacterOffsetEnd>
            <POS>IN</POS>
          </token>
          <token id="21">
            <word>revenue</word>
            <lemma>revenue</lemma>
            <CharacterOffsetBegin>1026</CharacterOffsetBegin>
            <CharacterOffsetEnd>1033</CharacterOffsetEnd>
            <POS>NN</POS>
          </token>
          <token id="22">
            <word>against</word>
            <lemma>against</lemma>
            <CharacterOffsetBegin>1034</CharacterOffsetBegin>
            <CharacterOffsetEnd>1041</CharacterOffsetEnd>
            <POS>IN</POS>
          </token>
          <token id="23">
            <word>an</word>
            <lemma>a</lemma>
            <CharacterOffsetBegin>1042</CharacterOffsetBegin>
            <CharacterOffsetEnd>1044</CharacterOffsetEnd>
            <POS>DT</POS>
          </token>
          <token id="24">
            <word>earlier</word>
            <lemma>earlier</lemma>
            <CharacterOffsetBegin>1045</CharacterOffsetBegin>
            <CharacterOffsetEnd>1052</CharacterOffsetEnd>
            <POS>JJR</POS>
          </token>
          <token id="25">
            <word>forecast</word>
            <lemma>forecast</lemma>
            <CharacterOffsetBegin>1053</CharacterOffsetBegin>
            <CharacterOffsetEnd>1061</CharacterOffsetEnd>
            <POS>NN</POS>
          </token>
          <token id="26">
            <word>of</word>
            <lemma>of</lemma>
            <CharacterOffsetBegin>1062</CharacterOffsetBegin>
            <CharacterOffsetEnd>1064</CharacterOffsetEnd>
            <POS>IN</POS>
          </token>
          <token id="27">
            <word>a</word>
            <lemma>a</lemma>
            <CharacterOffsetBegin>1065</CharacterOffsetBegin>
            <CharacterOffsetEnd>1066</CharacterOffsetEnd>
            <POS>DT</POS>
          </token>
          <token id="28">
            <word>three</word>
            <lemma>three</lemma>
            <CharacterOffsetBegin>1067</CharacterOffsetBegin>
            <CharacterOffsetEnd>1072</CharacterOffsetEnd>
            <POS>CD</POS>
          </token>
          <token id="29">
            <word>percent</word>
            <lemma>percent</lemma>
            <CharacterOffsetBegin>1073</CharacterOffsetBegin>
            <CharacterOffsetEnd>1080</CharacterOffsetEnd>
            <POS>NN</POS>
          </token>
          <token id="30">
            <word>increase</word>
            <lemma>increase</lemma>
            <CharacterOffsetBegin>1081</CharacterOffsetBegin>
            <CharacterOffsetEnd>1089</CharacterOffsetEnd>
            <POS>NN</POS>
          </token>
          <token id="31">
            <word>.</word>
            <lemma>.</lemma>
            <CharacterOffsetBegin>1089</CharacterOffsetBegin>
            <CharacterOffsetEnd>1090</CharacterOffsetEnd>
            <POS>.</POS>
          </token>
        </tokens>
      </sentence>
      <sentence id="8">
        <tokens>
          <token id="1">
            <word>Acer</word>
            <lemma>Acer</lemma>
            <CharacterOffsetBegin>1091</CharacterOffsetBegin>
            <CharacterOffsetEnd>1095</CharacterOffsetEnd>
            <POS>NNP</POS>
          </token>
          <token id="2">
            <word>also</word>
            <lemma>also</lemma>
            <CharacterOffsetBegin>1096</CharacterOffsetBegin>
            <CharacterOffsetEnd>1100</CharacterOffsetEnd>
            <POS>RB</POS>
          </token>
          <token id="3">
            <word>missed</word>
            <lemma>miss</lemma>
            <CharacterOffsetBegin>1101</CharacterOffsetBegin>
            <CharacterOffsetEnd>1107</CharacterOffsetEnd>
            <POS>VBD</POS>
          </token>
          <token id="4">
            <word>its</word>
            <lemma>its</lemma>
            <CharacterOffsetBegin>1108</CharacterOffsetBegin>
            <CharacterOffsetEnd>1111</CharacterOffsetEnd>
            <POS>PRP$</POS>
          </token>
          <token id="5">
            <word>revenue</word>
            <lemma>revenue</lemma>
            <CharacterOffsetBegin>1112</CharacterOffsetBegin>
            <CharacterOffsetEnd>1119</CharacterOffsetEnd>
            <POS>NN</POS>
          </token>
          <token id="6">
            <word>target</word>
            <lemma>target</lemma>
            <CharacterOffsetBegin>1120</CharacterOffsetBegin>
            <CharacterOffsetEnd>1126</CharacterOffsetEnd>
            <POS>NN</POS>
          </token>
          <token id="7">
            <word>in</word>
            <lemma>in</lemma>
            <CharacterOffsetBegin>1127</CharacterOffsetBegin>
            <CharacterOffsetEnd>1129</CharacterOffsetEnd>
            <POS>IN</POS>
          </token>
          <token id="8">
            <word>the</word>
            <lemma>the</lemma>
            <CharacterOffsetBegin>1130</CharacterOffsetBegin>
            <CharacterOffsetEnd>1133</CharacterOffsetEnd>
            <POS>DT</POS>
          </token>
          <token id="9">
            <word>previous</word>
            <lemma>previous</lemma>
            <CharacterOffsetBegin>1134</CharacterOffsetBegin>
            <CharacterOffsetEnd>1142</CharacterOffsetEnd>
            <POS>JJ</POS>
          </token>
          <token id="10">
            <word>quarter</word>
            <lemma>quarter</lemma>
            <CharacterOffsetBegin>1143</CharacterOffsetBegin>
            <CharacterOffsetEnd>1150</CharacterOffsetEnd>
            <POS>NN</POS>
          </token>
          <token id="11">
            <word>.</word>
            <lemma>.</lemma>
            <CharacterOffsetBegin>1150</CharacterOffsetBegin>
            <CharacterOffsetEnd>1151</CharacterOffsetEnd>
            <POS>.</POS>
          </token>
        </tokens>
      </sentence>
      <sentence id="9">
        <tokens>
          <token id="1">
            <word>The</word>
            <lemma>the</lemma>
            <CharacterOffsetBegin>1152</CharacterOffsetBegin>
            <CharacterOffsetEnd>1155</CharacterOffsetEnd>
            <POS>DT</POS>
          </token>
          <token id="2">
            <word>company</word>
            <lemma>company</lemma>
            <CharacterOffsetBegin>1156</CharacterOffsetBegin>
            <CharacterOffsetEnd>1163</CharacterOffsetEnd>
            <POS>NN</POS>
          </token>
          <token id="3">
            <word>said</word>
            <lemma>say</lemma>
            <CharacterOffsetBegin>1164</CharacterOffsetBegin>
            <CharacterOffsetEnd>1168</CharacterOffsetEnd>
            <POS>VBD</POS>
          </token>
          <token id="4">
            <word>that</word>
            <lemma>that</lemma>
            <CharacterOffsetBegin>1169</CharacterOffsetBegin>
            <CharacterOffsetEnd>1173</CharacterOffsetEnd>
            <POS>IN</POS>
          </token>
          <token id="5">
            <word>board</word>
            <lemma>board</lemma>
            <CharacterOffsetBegin>1174</CharacterOffsetBegin>
            <CharacterOffsetEnd>1179</CharacterOffsetEnd>
            <POS>NN</POS>
          </token>
          <token id="6">
            <word>members</word>
            <lemma>member</lemma>
            <CharacterOffsetBegin>1180</CharacterOffsetBegin>
            <CharacterOffsetEnd>1187</CharacterOffsetEnd>
            <POS>NNS</POS>
          </token>
          <token id="7">
            <word>failed</word>
            <lemma>fail</lemma>
            <CharacterOffsetBegin>1188</CharacterOffsetBegin>
            <CharacterOffsetEnd>1194</CharacterOffsetEnd>
            <POS>VBD</POS>
          </token>
          <token id="8">
            <word>to</word>
            <lemma>to</lemma>
            <CharacterOffsetBegin>1195</CharacterOffsetBegin>
            <CharacterOffsetEnd>1197</CharacterOffsetEnd>
            <POS>TO</POS>
          </token>
          <token id="9">
            <word>agree</word>
            <lemma>agree</lemma>
            <CharacterOffsetBegin>1198</CharacterOffsetBegin>
            <CharacterOffsetEnd>1203</CharacterOffsetEnd>
            <POS>VB</POS>
          </token>
          <token id="10">
            <word>with</word>
            <lemma>with</lemma>
            <CharacterOffsetBegin>1204</CharacterOffsetBegin>
            <CharacterOffsetEnd>1208</CharacterOffsetEnd>
            <POS>IN</POS>
          </token>
          <token id="11">
            <word>Lanci</word>
            <lemma>Lanci</lemma>
            <CharacterOffsetBegin>1209</CharacterOffsetBegin>
            <CharacterOffsetEnd>1214</CharacterOffsetEnd>
            <POS>NNP</POS>
          </token>
          <token id="12">
            <word>on</word>
            <lemma>on</lemma>
            <CharacterOffsetBegin>1215</CharacterOffsetBegin>
            <CharacterOffsetEnd>1217</CharacterOffsetEnd>
            <POS>IN</POS>
          </token>
          <token id="13">
            <word>various</word>
            <lemma>various</lemma>
            <CharacterOffsetBegin>1218</CharacterOffsetBegin>
            <CharacterOffsetEnd>1225</CharacterOffsetEnd>
            <POS>JJ</POS>
          </token>
          <token id="14">
            <word>business</word>
            <lemma>business</lemma>
            <CharacterOffsetBegin>1226</CharacterOffsetBegin>
            <CharacterOffsetEnd>1234</CharacterOffsetEnd>
            <POS>NN</POS>
          </token>
          <token id="15">
            <word>priorities</word>
            <lemma>priority</lemma>
            <CharacterOffsetBegin>1235</CharacterOffsetBegin>
            <CharacterOffsetEnd>1245</CharacterOffsetEnd>
            <POS>NNS</POS>
          </token>
          <token id="16">
            <word>.</word>
            <lemma>.</lemma>
            <CharacterOffsetBegin>1245</CharacterOffsetBegin>
            <CharacterOffsetEnd>1246</CharacterOffsetEnd>
            <POS>.</POS>
          </token>
          <token id="17">
            <word>''</word>
            <lemma>''</lemma>
            <CharacterOffsetBegin>1247</CharacterOffsetBegin>
            <CharacterOffsetEnd>1248</CharacterOffsetEnd>
            <POS>''</POS>
          </token>
        </tokens>
      </sentence>
      <sentence id="10">
        <tokens>
          <token id="1">
            <word>``</word>
            <lemma>``</lemma>
            <CharacterOffsetBegin>1248</CharacterOffsetBegin>
            <CharacterOffsetEnd>1249</CharacterOffsetEnd>
            <POS>``</POS>
          </token>
          <token id="2">
            <word>The</word>
            <lemma>the</lemma>
            <CharacterOffsetBegin>1249</CharacterOffsetBegin>
            <CharacterOffsetEnd>1252</CharacterOffsetEnd>
            <POS>DT</POS>
          </token>
          <token id="3">
            <word>personal</word>
            <lemma>personal</lemma>
            <CharacterOffsetBegin>1253</CharacterOffsetBegin>
            <CharacterOffsetEnd>1261</CharacterOffsetEnd>
            <POS>JJ</POS>
          </token>
          <token id="4">
            <word>computer</word>
            <lemma>computer</lemma>
            <CharacterOffsetBegin>1262</CharacterOffsetBegin>
            <CharacterOffsetEnd>1270</CharacterOffsetEnd>
            <POS>NN</POS>
          </token>
          <token id="5">
            <word>remains</word>
            <lemma>remain</lemma>
            <CharacterOffsetBegin>1271</CharacterOffsetBegin>
            <CharacterOffsetEnd>1278</CharacterOffsetEnd>
            <POS>VBZ</POS>
          </token>
          <token id="6">
            <word>the</word>
            <lemma>the</lemma>
            <CharacterOffsetBegin>1279</CharacterOffsetBegin>
            <CharacterOffsetEnd>1282</CharacterOffsetEnd>
            <POS>DT</POS>
          </token>
          <token id="7">
            <word>core</word>
            <lemma>core</lemma>
            <CharacterOffsetBegin>1283</CharacterOffsetBegin>
            <CharacterOffsetEnd>1287</CharacterOffsetEnd>
            <POS>NN</POS>
          </token>
          <token id="8">
            <word>of</word>
            <lemma>of</lemma>
            <CharacterOffsetBegin>1288</CharacterOffsetBegin>
            <CharacterOffsetEnd>1290</CharacterOffsetEnd>
            <POS>IN</POS>
          </token>
          <token id="9">
            <word>our</word>
            <lemma>we</lemma>
            <CharacterOffsetBegin>1291</CharacterOffsetBegin>
            <CharacterOffsetEnd>1294</CharacterOffsetEnd>
            <POS>PRP$</POS>
          </token>
          <token id="10">
            <word>business</word>
            <lemma>business</lemma>
            <CharacterOffsetBegin>1295</CharacterOffsetBegin>
            <CharacterOffsetEnd>1303</CharacterOffsetEnd>
            <POS>NN</POS>
          </token>
          <token id="11">
            <word>,</word>
            <lemma>,</lemma>
            <CharacterOffsetBegin>1303</CharacterOffsetBegin>
            <CharacterOffsetEnd>1304</CharacterOffsetEnd>
            <POS>,</POS>
          </token>
          <token id="12">
            <word>''</word>
            <lemma>''</lemma>
            <CharacterOffsetBegin>1304</CharacterOffsetBegin>
            <CharacterOffsetEnd>1305</CharacterOffsetEnd>
            <POS>''</POS>
          </token>
          <token id="13">
            <word>''</word>
            <lemma>''</lemma>
            <CharacterOffsetBegin>1305</CharacterOffsetBegin>
            <CharacterOffsetEnd>1306</CharacterOffsetEnd>
            <POS>''</POS>
          </token>
          <token id="14">
            <word>J.T.</word>
            <lemma>J.T.</lemma>
            <CharacterOffsetBegin>1307</CharacterOffsetBegin>
            <CharacterOffsetEnd>1311</CharacterOffsetEnd>
            <POS>NNP</POS>
          </token>
          <token id="15">
            <word>Wang</word>
            <lemma>Wang</lemma>
            <CharacterOffsetBegin>1312</CharacterOffsetBegin>
            <CharacterOffsetEnd>1316</CharacterOffsetEnd>
            <POS>NNP</POS>
          </token>
          <token id="16">
            <word>,</word>
            <lemma>,</lemma>
            <CharacterOffsetBegin>1316</CharacterOffsetBegin>
            <CharacterOffsetEnd>1317</CharacterOffsetEnd>
            <POS>,</POS>
          </token>
          <token id="17">
            <word>who</word>
            <lemma>who</lemma>
            <CharacterOffsetBegin>1318</CharacterOffsetBegin>
            <CharacterOffsetEnd>1321</CharacterOffsetEnd>
            <POS>WP</POS>
          </token>
          <token id="18">
            <word>'s</word>
            <lemma>be</lemma>
            <CharacterOffsetBegin>1321</CharacterOffsetBegin>
            <CharacterOffsetEnd>1323</CharacterOffsetEnd>
            <POS>VBZ</POS>
          </token>
          <token id="19">
            <word>taking</word>
            <lemma>take</lemma>
            <CharacterOffsetBegin>1324</CharacterOffsetBegin>
            <CharacterOffsetEnd>1330</CharacterOffsetEnd>
            <POS>VBG</POS>
          </token>
          <token id="20">
            <word>over</word>
            <lemma>over</lemma>
            <CharacterOffsetBegin>1331</CharacterOffsetBegin>
            <CharacterOffsetEnd>1335</CharacterOffsetEnd>
            <POS>RP</POS>
          </token>
          <token id="21">
            <word>as</word>
            <lemma>as</lemma>
            <CharacterOffsetBegin>1336</CharacterOffsetBegin>
            <CharacterOffsetEnd>1338</CharacterOffsetEnd>
            <POS>IN</POS>
          </token>
          <token id="22">
            <word>interim</word>
            <lemma>interim</lemma>
            <CharacterOffsetBegin>1339</CharacterOffsetBegin>
            <CharacterOffsetEnd>1346</CharacterOffsetEnd>
            <POS>JJ</POS>
          </token>
          <token id="23">
            <word>chief</word>
            <lemma>chief</lemma>
            <CharacterOffsetBegin>1347</CharacterOffsetBegin>
            <CharacterOffsetEnd>1352</CharacterOffsetEnd>
            <POS>JJ</POS>
          </token>
          <token id="24">
            <word>executive</word>
            <lemma>executive</lemma>
            <CharacterOffsetBegin>1353</CharacterOffsetBegin>
            <CharacterOffsetEnd>1362</CharacterOffsetEnd>
            <POS>NN</POS>
          </token>
          <token id="25">
            <word>,</word>
            <lemma>,</lemma>
            <CharacterOffsetBegin>1362</CharacterOffsetBegin>
            <CharacterOffsetEnd>1363</CharacterOffsetEnd>
            <POS>,</POS>
          </token>
          <token id="26">
            <word>said</word>
            <lemma>say</lemma>
            <CharacterOffsetBegin>1364</CharacterOffsetBegin>
            <CharacterOffsetEnd>1368</CharacterOffsetEnd>
            <POS>VBD</POS>
          </token>
          <token id="27">
            <word>in</word>
            <lemma>in</lemma>
            <CharacterOffsetBegin>1369</CharacterOffsetBegin>
            <CharacterOffsetEnd>1371</CharacterOffsetEnd>
            <POS>IN</POS>
          </token>
          <token id="28">
            <word>the</word>
            <lemma>the</lemma>
            <CharacterOffsetBegin>1372</CharacterOffsetBegin>
            <CharacterOffsetEnd>1375</CharacterOffsetEnd>
            <POS>DT</POS>
          </token>
          <token id="29">
            <word>statement</word>
            <lemma>statement</lemma>
            <CharacterOffsetBegin>1376</CharacterOffsetBegin>
            <CharacterOffsetEnd>1385</CharacterOffsetEnd>
            <POS>NN</POS>
          </token>
          <token id="30">
            <word>.</word>
            <lemma>.</lemma>
            <CharacterOffsetBegin>1385</CharacterOffsetBegin>
            <CharacterOffsetEnd>1386</CharacterOffsetEnd>
            <POS>.</POS>
          </token>
          <token id="31">
            <word>''</word>
            <lemma>''</lemma>
            <CharacterOffsetBegin>1387</CharacterOffsetBegin>
            <CharacterOffsetEnd>1388</CharacterOffsetEnd>
            <POS>''</POS>
          </token>
        </tokens>
      </sentence>
      <sentence id="11">
        <tokens>
          <token id="1">
            <word>``</word>
            <lemma>``</lemma>
            <CharacterOffsetBegin>1388</CharacterOffsetBegin>
            <CharacterOffsetEnd>1389</CharacterOffsetEnd>
            <POS>``</POS>
          </token>
          <token id="2">
            <word>In</word>
            <lemma>in</lemma>
            <CharacterOffsetBegin>1389</CharacterOffsetBegin>
            <CharacterOffsetEnd>1391</CharacterOffsetEnd>
            <POS>IN</POS>
          </token>
          <token id="3">
            <word>addition</word>
            <lemma>addition</lemma>
            <CharacterOffsetBegin>1392</CharacterOffsetBegin>
            <CharacterOffsetEnd>1400</CharacterOffsetEnd>
            <POS>NN</POS>
          </token>
          <token id="4">
            <word>,</word>
            <lemma>,</lemma>
            <CharacterOffsetBegin>1400</CharacterOffsetBegin>
            <CharacterOffsetEnd>1401</CharacterOffsetEnd>
            <POS>,</POS>
          </token>
          <token id="5">
            <word>we</word>
            <lemma>we</lemma>
            <CharacterOffsetBegin>1402</CharacterOffsetBegin>
            <CharacterOffsetEnd>1404</CharacterOffsetEnd>
            <POS>PRP</POS>
          </token>
          <token id="6">
            <word>are</word>
            <lemma>be</lemma>
            <CharacterOffsetBegin>1405</CharacterOffsetBegin>
            <CharacterOffsetEnd>1408</CharacterOffsetEnd>
            <POS>VBP</POS>
          </token>
          <token id="7">
            <word>stepping</word>
            <lemma>step</lemma>
            <CharacterOffsetBegin>1409</CharacterOffsetBegin>
            <CharacterOffsetEnd>1417</CharacterOffsetEnd>
            <POS>VBG</POS>
          </token>
          <token id="8">
            <word>into</word>
            <lemma>into</lemma>
            <CharacterOffsetBegin>1418</CharacterOffsetBegin>
            <CharacterOffsetEnd>1422</CharacterOffsetEnd>
            <POS>IN</POS>
          </token>
          <token id="9">
            <word>the</word>
            <lemma>the</lemma>
            <CharacterOffsetBegin>1423</CharacterOffsetBegin>
            <CharacterOffsetEnd>1426</CharacterOffsetEnd>
            <POS>DT</POS>
          </token>
          <token id="10">
            <word>new</word>
            <lemma>new</lemma>
            <CharacterOffsetBegin>1427</CharacterOffsetBegin>
            <CharacterOffsetEnd>1430</CharacterOffsetEnd>
            <POS>JJ</POS>
          </token>
          <token id="11">
            <word>mobile</word>
            <lemma>mobile</lemma>
            <CharacterOffsetBegin>1431</CharacterOffsetBegin>
            <CharacterOffsetEnd>1437</CharacterOffsetEnd>
            <POS>JJ</POS>
          </token>
          <token id="12">
            <word>device</word>
            <lemma>device</lemma>
            <CharacterOffsetBegin>1438</CharacterOffsetBegin>
            <CharacterOffsetEnd>1444</CharacterOffsetEnd>
            <POS>NN</POS>
          </token>
          <token id="13">
            <word>market</word>
            <lemma>market</lemma>
            <CharacterOffsetBegin>1445</CharacterOffsetBegin>
            <CharacterOffsetEnd>1451</CharacterOffsetEnd>
            <POS>NN</POS>
          </token>
          <token id="14">
            <word>,</word>
            <lemma>,</lemma>
            <CharacterOffsetBegin>1451</CharacterOffsetBegin>
            <CharacterOffsetEnd>1452</CharacterOffsetEnd>
            <POS>,</POS>
          </token>
          <token id="15">
            <word>where</word>
            <lemma>where</lemma>
            <CharacterOffsetBegin>1453</CharacterOffsetBegin>
            <CharacterOffsetEnd>1458</CharacterOffsetEnd>
            <POS>WRB</POS>
          </token>
          <token id="16">
            <word>we</word>
            <lemma>we</lemma>
            <CharacterOffsetBegin>1459</CharacterOffsetBegin>
            <CharacterOffsetEnd>1461</CharacterOffsetEnd>
            <POS>PRP</POS>
          </token>
          <token id="17">
            <word>will</word>
            <lemma>will</lemma>
            <CharacterOffsetBegin>1462</CharacterOffsetBegin>
            <CharacterOffsetEnd>1466</CharacterOffsetEnd>
            <POS>MD</POS>
          </token>
          <token id="18">
            <word>invest</word>
            <lemma>invest</lemma>
            <CharacterOffsetBegin>1467</CharacterOffsetBegin>
            <CharacterOffsetEnd>1473</CharacterOffsetEnd>
            <POS>VB</POS>
          </token>
          <token id="19">
            <word>cautiously</word>
            <lemma>cautiously</lemma>
            <CharacterOffsetBegin>1474</CharacterOffsetBegin>
            <CharacterOffsetEnd>1484</CharacterOffsetEnd>
            <POS>RB</POS>
          </token>
          <token id="20">
            <word>and</word>
            <lemma>and</lemma>
            <CharacterOffsetBegin>1485</CharacterOffsetBegin>
            <CharacterOffsetEnd>1488</CharacterOffsetEnd>
            <POS>CC</POS>
          </token>
          <token id="21">
            <word>aim</word>
            <lemma>aim</lemma>
            <CharacterOffsetBegin>1489</CharacterOffsetBegin>
            <CharacterOffsetEnd>1492</CharacterOffsetEnd>
            <POS>NN</POS>
          </token>
          <token id="22">
            <word>to</word>
            <lemma>to</lemma>
            <CharacterOffsetBegin>1493</CharacterOffsetBegin>
            <CharacterOffsetEnd>1495</CharacterOffsetEnd>
            <POS>TO</POS>
          </token>
          <token id="23">
            <word>become</word>
            <lemma>become</lemma>
            <CharacterOffsetBegin>1496</CharacterOffsetBegin>
            <CharacterOffsetEnd>1502</CharacterOffsetEnd>
            <POS>VB</POS>
          </token>
          <token id="24">
            <word>one</word>
            <lemma>one</lemma>
            <CharacterOffsetBegin>1503</CharacterOffsetBegin>
            <CharacterOffsetEnd>1506</CharacterOffsetEnd>
            <POS>CD</POS>
          </token>
          <token id="25">
            <word>of</word>
            <lemma>of</lemma>
            <CharacterOffsetBegin>1507</CharacterOffsetBegin>
            <CharacterOffsetEnd>1509</CharacterOffsetEnd>
            <POS>IN</POS>
          </token>
          <token id="26">
            <word>the</word>
            <lemma>the</lemma>
            <CharacterOffsetBegin>1510</CharacterOffsetBegin>
            <CharacterOffsetEnd>1513</CharacterOffsetEnd>
            <POS>DT</POS>
          </token>
          <token id="27">
            <word>leading</word>
            <lemma>lead</lemma>
            <CharacterOffsetBegin>1514</CharacterOffsetBegin>
            <CharacterOffsetEnd>1521</CharacterOffsetEnd>
            <POS>VBG</POS>
          </token>
          <token id="28">
            <word>players</word>
            <lemma>player</lemma>
            <CharacterOffsetBegin>1522</CharacterOffsetBegin>
            <CharacterOffsetEnd>1529</CharacterOffsetEnd>
            <POS>NNS</POS>
          </token>
          <token id="29">
            <word>.</word>
            <lemma>.</lemma>
            <CharacterOffsetBegin>1529</CharacterOffsetBegin>
            <CharacterOffsetEnd>1530</CharacterOffsetEnd>
            <POS>.</POS>
          </token>
          <token id="30">
            <word>''</word>
            <lemma>''</lemma>
            <CharacterOffsetBegin>1530</CharacterOffsetBegin>
            <CharacterOffsetEnd>1531</CharacterOffsetEnd>
            <POS>''</POS>
          </token>
          <token id="31">
            <word>''</word>
            <lemma>''</lemma>
            <CharacterOffsetBegin>1531</CharacterOffsetBegin>
            <CharacterOffsetEnd>1532</CharacterOffsetEnd>
            <POS>''</POS>
          </token>
        </tokens>
      </sentence>
    </sentences>
  </document>
</root>
