<?xml version="1.0" encoding="UTF-8"?>
<?xml-stylesheet href="CoreNLP-to-HTML.xsl" type="text/xsl"?>
<root>
  <document>
    <sentences>
      <sentence id="1">
        <tokens>
          <token id="1">
            <word>US</word>
            <lemma>US</lemma>
            <CharacterOffsetBegin>0</CharacterOffsetBegin>
            <CharacterOffsetEnd>2</CharacterOffsetEnd>
            <POS>NNP</POS>
          </token>
          <token id="2">
            <word>Senate</word>
            <lemma>Senate</lemma>
            <CharacterOffsetBegin>3</CharacterOffsetBegin>
            <CharacterOffsetEnd>9</CharacterOffsetEnd>
            <POS>NNP</POS>
          </token>
          <token id="3">
            <word>report</word>
            <lemma>report</lemma>
            <CharacterOffsetBegin>10</CharacterOffsetBegin>
            <CharacterOffsetEnd>16</CharacterOffsetEnd>
            <POS>NN</POS>
          </token>
          <token id="4">
            <word>on</word>
            <lemma>on</lemma>
            <CharacterOffsetBegin>17</CharacterOffsetBegin>
            <CharacterOffsetEnd>19</CharacterOffsetEnd>
            <POS>IN</POS>
          </token>
          <token id="5">
            <word>subprime</word>
            <lemma>subprime</lemma>
            <CharacterOffsetBegin>20</CharacterOffsetBegin>
            <CharacterOffsetEnd>28</CharacterOffsetEnd>
            <POS>JJ</POS>
          </token>
          <token id="6">
            <word>mess</word>
            <lemma>mess</lemma>
            <CharacterOffsetBegin>29</CharacterOffsetBegin>
            <CharacterOffsetEnd>33</CharacterOffsetEnd>
            <POS>NN</POS>
          </token>
          <token id="7">
            <word>due</word>
            <lemma>due</lemma>
            <CharacterOffsetBegin>34</CharacterOffsetBegin>
            <CharacterOffsetEnd>37</CharacterOffsetEnd>
            <POS>JJ</POS>
          </token>
          <token id="8">
            <word>soon-report</word>
            <lemma>soon-report</lemma>
            <CharacterOffsetBegin>38</CharacterOffsetBegin>
            <CharacterOffsetEnd>49</CharacterOffsetEnd>
            <POS>NN</POS>
          </token>
        </tokens>
      </sentence>
      <sentence id="2">
        <tokens>
          <token id="1">
            <word>NEW</word>
            <lemma>NEW</lemma>
            <CharacterOffsetBegin>51</CharacterOffsetBegin>
            <CharacterOffsetEnd>54</CharacterOffsetEnd>
            <POS>NNP</POS>
          </token>
          <token id="2">
            <word>YORK</word>
            <lemma>YORK</lemma>
            <CharacterOffsetBegin>55</CharacterOffsetBegin>
            <CharacterOffsetEnd>59</CharacterOffsetEnd>
            <POS>NNP</POS>
          </token>
          <token id="3">
            <word>,</word>
            <lemma>,</lemma>
            <CharacterOffsetBegin>59</CharacterOffsetBegin>
            <CharacterOffsetEnd>60</CharacterOffsetEnd>
            <POS>,</POS>
          </token>
          <token id="4">
            <word>April</word>
            <lemma>April</lemma>
            <CharacterOffsetBegin>61</CharacterOffsetBegin>
            <CharacterOffsetEnd>66</CharacterOffsetEnd>
            <POS>NNP</POS>
          </token>
          <token id="5">
            <word>2</word>
            <lemma>2</lemma>
            <CharacterOffsetBegin>67</CharacterOffsetBegin>
            <CharacterOffsetEnd>68</CharacterOffsetEnd>
            <POS>CD</POS>
          </token>
          <token id="6">
            <word>-LRB-</word>
            <lemma>-lrb-</lemma>
            <CharacterOffsetBegin>69</CharacterOffsetBegin>
            <CharacterOffsetEnd>70</CharacterOffsetEnd>
            <POS>-LRB-</POS>
          </token>
          <token id="7">
            <word>Reuters</word>
            <lemma>Reuters</lemma>
            <CharacterOffsetBegin>70</CharacterOffsetBegin>
            <CharacterOffsetEnd>77</CharacterOffsetEnd>
            <POS>NNP</POS>
          </token>
          <token id="8">
            <word>-RRB-</word>
            <lemma>-rrb-</lemma>
            <CharacterOffsetBegin>77</CharacterOffsetBegin>
            <CharacterOffsetEnd>78</CharacterOffsetEnd>
            <POS>-RRB-</POS>
          </token>
          <token id="9">
            <word>-</word>
            <lemma>-</lemma>
            <CharacterOffsetBegin>79</CharacterOffsetBegin>
            <CharacterOffsetEnd>80</CharacterOffsetEnd>
            <POS>:</POS>
          </token>
          <token id="10">
            <word>A</word>
            <lemma>a</lemma>
            <CharacterOffsetBegin>81</CharacterOffsetBegin>
            <CharacterOffsetEnd>82</CharacterOffsetEnd>
            <POS>DT</POS>
          </token>
          <token id="11">
            <word>U.S.</word>
            <lemma>U.S.</lemma>
            <CharacterOffsetBegin>83</CharacterOffsetBegin>
            <CharacterOffsetEnd>87</CharacterOffsetEnd>
            <POS>NNP</POS>
          </token>
          <token id="12">
            <word>Senate</word>
            <lemma>Senate</lemma>
            <CharacterOffsetBegin>88</CharacterOffsetBegin>
            <CharacterOffsetEnd>94</CharacterOffsetEnd>
            <POS>NNP</POS>
          </token>
          <token id="13">
            <word>subcommittee</word>
            <lemma>subcommittee</lemma>
            <CharacterOffsetBegin>95</CharacterOffsetBegin>
            <CharacterOffsetEnd>107</CharacterOffsetEnd>
            <POS>NN</POS>
          </token>
          <token id="14">
            <word>is</word>
            <lemma>be</lemma>
            <CharacterOffsetBegin>108</CharacterOffsetBegin>
            <CharacterOffsetEnd>110</CharacterOffsetEnd>
            <POS>VBZ</POS>
          </token>
          <token id="15">
            <word>nearing</word>
            <lemma>near</lemma>
            <CharacterOffsetBegin>111</CharacterOffsetBegin>
            <CharacterOffsetEnd>118</CharacterOffsetEnd>
            <POS>VBG</POS>
          </token>
          <token id="16">
            <word>completion</word>
            <lemma>completion</lemma>
            <CharacterOffsetBegin>119</CharacterOffsetBegin>
            <CharacterOffsetEnd>129</CharacterOffsetEnd>
            <POS>NN</POS>
          </token>
          <token id="17">
            <word>of</word>
            <lemma>of</lemma>
            <CharacterOffsetBegin>130</CharacterOffsetBegin>
            <CharacterOffsetEnd>132</CharacterOffsetEnd>
            <POS>IN</POS>
          </token>
          <token id="18">
            <word>a</word>
            <lemma>a</lemma>
            <CharacterOffsetBegin>133</CharacterOffsetBegin>
            <CharacterOffsetEnd>134</CharacterOffsetEnd>
            <POS>DT</POS>
          </token>
          <token id="19">
            <word>long-awaited</word>
            <lemma>long-awaited</lemma>
            <CharacterOffsetBegin>135</CharacterOffsetBegin>
            <CharacterOffsetEnd>147</CharacterOffsetEnd>
            <POS>JJ</POS>
          </token>
          <token id="20">
            <word>report</word>
            <lemma>report</lemma>
            <CharacterOffsetBegin>148</CharacterOffsetBegin>
            <CharacterOffsetEnd>154</CharacterOffsetEnd>
            <POS>NN</POS>
          </token>
          <token id="21">
            <word>on</word>
            <lemma>on</lemma>
            <CharacterOffsetBegin>155</CharacterOffsetBegin>
            <CharacterOffsetEnd>157</CharacterOffsetEnd>
            <POS>IN</POS>
          </token>
          <token id="22">
            <word>the</word>
            <lemma>the</lemma>
            <CharacterOffsetBegin>158</CharacterOffsetBegin>
            <CharacterOffsetEnd>161</CharacterOffsetEnd>
            <POS>DT</POS>
          </token>
          <token id="23">
            <word>role</word>
            <lemma>role</lemma>
            <CharacterOffsetBegin>162</CharacterOffsetBegin>
            <CharacterOffsetEnd>166</CharacterOffsetEnd>
            <POS>NN</POS>
          </token>
          <token id="24">
            <word>Wall</word>
            <lemma>Wall</lemma>
            <CharacterOffsetBegin>167</CharacterOffsetBegin>
            <CharacterOffsetEnd>171</CharacterOffsetEnd>
            <POS>NNP</POS>
          </token>
          <token id="25">
            <word>Street</word>
            <lemma>Street</lemma>
            <CharacterOffsetBegin>172</CharacterOffsetBegin>
            <CharacterOffsetEnd>178</CharacterOffsetEnd>
            <POS>NNP</POS>
          </token>
          <token id="26">
            <word>banks</word>
            <lemma>bank</lemma>
            <CharacterOffsetBegin>179</CharacterOffsetBegin>
            <CharacterOffsetEnd>184</CharacterOffsetEnd>
            <POS>NNS</POS>
          </token>
          <token id="27">
            <word>played</word>
            <lemma>play</lemma>
            <CharacterOffsetBegin>185</CharacterOffsetBegin>
            <CharacterOffsetEnd>191</CharacterOffsetEnd>
            <POS>VBD</POS>
          </token>
          <token id="28">
            <word>in</word>
            <lemma>in</lemma>
            <CharacterOffsetBegin>192</CharacterOffsetBegin>
            <CharacterOffsetEnd>194</CharacterOffsetEnd>
            <POS>IN</POS>
          </token>
          <token id="29">
            <word>creating</word>
            <lemma>create</lemma>
            <CharacterOffsetBegin>195</CharacterOffsetBegin>
            <CharacterOffsetEnd>203</CharacterOffsetEnd>
            <POS>VBG</POS>
          </token>
          <token id="30">
            <word>complex</word>
            <lemma>complex</lemma>
            <CharacterOffsetBegin>204</CharacterOffsetBegin>
            <CharacterOffsetEnd>211</CharacterOffsetEnd>
            <POS>JJ</POS>
          </token>
          <token id="31">
            <word>securities</word>
            <lemma>security</lemma>
            <CharacterOffsetBegin>212</CharacterOffsetBegin>
            <CharacterOffsetEnd>222</CharacterOffsetEnd>
            <POS>NNS</POS>
          </token>
          <token id="32">
            <word>that</word>
            <lemma>that</lemma>
            <CharacterOffsetBegin>223</CharacterOffsetBegin>
            <CharacterOffsetEnd>227</CharacterOffsetEnd>
            <POS>WDT</POS>
          </token>
          <token id="33">
            <word>fueled</word>
            <lemma>fuel</lemma>
            <CharacterOffsetBegin>228</CharacterOffsetBegin>
            <CharacterOffsetEnd>234</CharacterOffsetEnd>
            <POS>VBD</POS>
          </token>
          <token id="34">
            <word>the</word>
            <lemma>the</lemma>
            <CharacterOffsetBegin>235</CharacterOffsetBegin>
            <CharacterOffsetEnd>238</CharacterOffsetEnd>
            <POS>DT</POS>
          </token>
          <token id="35">
            <word>meltdown</word>
            <lemma>meltdown</lemma>
            <CharacterOffsetBegin>239</CharacterOffsetBegin>
            <CharacterOffsetEnd>247</CharacterOffsetEnd>
            <POS>NN</POS>
          </token>
          <token id="36">
            <word>of</word>
            <lemma>of</lemma>
            <CharacterOffsetBegin>248</CharacterOffsetBegin>
            <CharacterOffsetEnd>250</CharacterOffsetEnd>
            <POS>IN</POS>
          </token>
          <token id="37">
            <word>the</word>
            <lemma>the</lemma>
            <CharacterOffsetBegin>251</CharacterOffsetBegin>
            <CharacterOffsetEnd>254</CharacterOffsetEnd>
            <POS>DT</POS>
          </token>
          <token id="38">
            <word>housing</word>
            <lemma>housing</lemma>
            <CharacterOffsetBegin>255</CharacterOffsetBegin>
            <CharacterOffsetEnd>262</CharacterOffsetEnd>
            <POS>NN</POS>
          </token>
          <token id="39">
            <word>market</word>
            <lemma>market</lemma>
            <CharacterOffsetBegin>263</CharacterOffsetBegin>
            <CharacterOffsetEnd>269</CharacterOffsetEnd>
            <POS>NN</POS>
          </token>
          <token id="40">
            <word>,</word>
            <lemma>,</lemma>
            <CharacterOffsetBegin>269</CharacterOffsetBegin>
            <CharacterOffsetEnd>270</CharacterOffsetEnd>
            <POS>,</POS>
          </token>
          <token id="41">
            <word>according</word>
            <lemma>accord</lemma>
            <CharacterOffsetBegin>271</CharacterOffsetBegin>
            <CharacterOffsetEnd>280</CharacterOffsetEnd>
            <POS>VBG</POS>
          </token>
          <token id="42">
            <word>to</word>
            <lemma>to</lemma>
            <CharacterOffsetBegin>281</CharacterOffsetBegin>
            <CharacterOffsetEnd>283</CharacterOffsetEnd>
            <POS>TO</POS>
          </token>
          <token id="43">
            <word>the</word>
            <lemma>the</lemma>
            <CharacterOffsetBegin>284</CharacterOffsetBegin>
            <CharacterOffsetEnd>287</CharacterOffsetEnd>
            <POS>DT</POS>
          </token>
          <token id="44">
            <word>Wall</word>
            <lemma>Wall</lemma>
            <CharacterOffsetBegin>288</CharacterOffsetBegin>
            <CharacterOffsetEnd>292</CharacterOffsetEnd>
            <POS>NNP</POS>
          </token>
          <token id="45">
            <word>Street</word>
            <lemma>Street</lemma>
            <CharacterOffsetBegin>293</CharacterOffsetBegin>
            <CharacterOffsetEnd>299</CharacterOffsetEnd>
            <POS>NNP</POS>
          </token>
          <token id="46">
            <word>Journal</word>
            <lemma>Journal</lemma>
            <CharacterOffsetBegin>300</CharacterOffsetBegin>
            <CharacterOffsetEnd>307</CharacterOffsetEnd>
            <POS>NNP</POS>
          </token>
          <token id="47">
            <word>.</word>
            <lemma>.</lemma>
            <CharacterOffsetBegin>307</CharacterOffsetBegin>
            <CharacterOffsetEnd>308</CharacterOffsetEnd>
            <POS>.</POS>
          </token>
        </tokens>
      </sentence>
      <sentence id="3">
        <tokens>
          <token id="1">
            <word>The</word>
            <lemma>the</lemma>
            <CharacterOffsetBegin>309</CharacterOffsetBegin>
            <CharacterOffsetEnd>312</CharacterOffsetEnd>
            <POS>DT</POS>
          </token>
          <token id="2">
            <word>report</word>
            <lemma>report</lemma>
            <CharacterOffsetBegin>313</CharacterOffsetBegin>
            <CharacterOffsetEnd>319</CharacterOffsetEnd>
            <POS>NN</POS>
          </token>
          <token id="3">
            <word>by</word>
            <lemma>by</lemma>
            <CharacterOffsetBegin>320</CharacterOffsetBegin>
            <CharacterOffsetEnd>322</CharacterOffsetEnd>
            <POS>IN</POS>
          </token>
          <token id="4">
            <word>the</word>
            <lemma>the</lemma>
            <CharacterOffsetBegin>323</CharacterOffsetBegin>
            <CharacterOffsetEnd>326</CharacterOffsetEnd>
            <POS>DT</POS>
          </token>
          <token id="5">
            <word>Senate</word>
            <lemma>Senate</lemma>
            <CharacterOffsetBegin>327</CharacterOffsetBegin>
            <CharacterOffsetEnd>333</CharacterOffsetEnd>
            <POS>NNP</POS>
          </token>
          <token id="6">
            <word>Permanent</word>
            <lemma>Permanent</lemma>
            <CharacterOffsetBegin>334</CharacterOffsetBegin>
            <CharacterOffsetEnd>343</CharacterOffsetEnd>
            <POS>NNP</POS>
          </token>
          <token id="7">
            <word>Subcommittee</word>
            <lemma>Subcommittee</lemma>
            <CharacterOffsetBegin>344</CharacterOffsetBegin>
            <CharacterOffsetEnd>356</CharacterOffsetEnd>
            <POS>NNP</POS>
          </token>
          <token id="8">
            <word>on</word>
            <lemma>on</lemma>
            <CharacterOffsetBegin>357</CharacterOffsetBegin>
            <CharacterOffsetEnd>359</CharacterOffsetEnd>
            <POS>IN</POS>
          </token>
          <token id="9">
            <word>Investigations</word>
            <lemma>Investigations</lemma>
            <CharacterOffsetBegin>360</CharacterOffsetBegin>
            <CharacterOffsetEnd>374</CharacterOffsetEnd>
            <POS>NNPS</POS>
          </token>
          <token id="10">
            <word>,</word>
            <lemma>,</lemma>
            <CharacterOffsetBegin>374</CharacterOffsetBegin>
            <CharacterOffsetEnd>375</CharacterOffsetEnd>
            <POS>,</POS>
          </token>
          <token id="11">
            <word>which</word>
            <lemma>which</lemma>
            <CharacterOffsetBegin>376</CharacterOffsetBegin>
            <CharacterOffsetEnd>381</CharacterOffsetEnd>
            <POS>WDT</POS>
          </token>
          <token id="12">
            <word>has</word>
            <lemma>have</lemma>
            <CharacterOffsetBegin>382</CharacterOffsetBegin>
            <CharacterOffsetEnd>385</CharacterOffsetEnd>
            <POS>VBZ</POS>
          </token>
          <token id="13">
            <word>been</word>
            <lemma>be</lemma>
            <CharacterOffsetBegin>386</CharacterOffsetBegin>
            <CharacterOffsetEnd>390</CharacterOffsetEnd>
            <POS>VBN</POS>
          </token>
          <token id="14">
            <word>in</word>
            <lemma>in</lemma>
            <CharacterOffsetBegin>391</CharacterOffsetBegin>
            <CharacterOffsetEnd>393</CharacterOffsetEnd>
            <POS>IN</POS>
          </token>
          <token id="15">
            <word>the</word>
            <lemma>the</lemma>
            <CharacterOffsetBegin>394</CharacterOffsetBegin>
            <CharacterOffsetEnd>397</CharacterOffsetEnd>
            <POS>DT</POS>
          </token>
          <token id="16">
            <word>works</word>
            <lemma>work</lemma>
            <CharacterOffsetBegin>398</CharacterOffsetBegin>
            <CharacterOffsetEnd>403</CharacterOffsetEnd>
            <POS>NNS</POS>
          </token>
          <token id="17">
            <word>for</word>
            <lemma>for</lemma>
            <CharacterOffsetBegin>404</CharacterOffsetBegin>
            <CharacterOffsetEnd>407</CharacterOffsetEnd>
            <POS>IN</POS>
          </token>
          <token id="18">
            <word>months</word>
            <lemma>month</lemma>
            <CharacterOffsetBegin>408</CharacterOffsetBegin>
            <CharacterOffsetEnd>414</CharacterOffsetEnd>
            <POS>NNS</POS>
          </token>
          <token id="19">
            <word>,</word>
            <lemma>,</lemma>
            <CharacterOffsetBegin>414</CharacterOffsetBegin>
            <CharacterOffsetEnd>415</CharacterOffsetEnd>
            <POS>,</POS>
          </token>
          <token id="20">
            <word>will</word>
            <lemma>will</lemma>
            <CharacterOffsetBegin>416</CharacterOffsetBegin>
            <CharacterOffsetEnd>420</CharacterOffsetEnd>
            <POS>MD</POS>
          </token>
          <token id="21">
            <word>include</word>
            <lemma>include</lemma>
            <CharacterOffsetBegin>421</CharacterOffsetBegin>
            <CharacterOffsetEnd>428</CharacterOffsetEnd>
            <POS>VB</POS>
          </token>
          <token id="22">
            <word>potentially</word>
            <lemma>potentially</lemma>
            <CharacterOffsetBegin>429</CharacterOffsetBegin>
            <CharacterOffsetEnd>440</CharacterOffsetEnd>
            <POS>RB</POS>
          </token>
          <token id="23">
            <word>embarrassing</word>
            <lemma>embarrassing</lemma>
            <CharacterOffsetBegin>441</CharacterOffsetBegin>
            <CharacterOffsetEnd>453</CharacterOffsetEnd>
            <POS>JJ</POS>
          </token>
          <token id="24">
            <word>emails</word>
            <lemma>email</lemma>
            <CharacterOffsetBegin>454</CharacterOffsetBegin>
            <CharacterOffsetEnd>460</CharacterOffsetEnd>
            <POS>NNS</POS>
          </token>
          <token id="25">
            <word>and</word>
            <lemma>and</lemma>
            <CharacterOffsetBegin>461</CharacterOffsetBegin>
            <CharacterOffsetEnd>464</CharacterOffsetEnd>
            <POS>CC</POS>
          </token>
          <token id="26">
            <word>internal</word>
            <lemma>internal</lemma>
            <CharacterOffsetBegin>465</CharacterOffsetBegin>
            <CharacterOffsetEnd>473</CharacterOffsetEnd>
            <POS>JJ</POS>
          </token>
          <token id="27">
            <word>communications</word>
            <lemma>communication</lemma>
            <CharacterOffsetBegin>474</CharacterOffsetBegin>
            <CharacterOffsetEnd>488</CharacterOffsetEnd>
            <POS>NNS</POS>
          </token>
          <token id="28">
            <word>from</word>
            <lemma>from</lemma>
            <CharacterOffsetBegin>489</CharacterOffsetBegin>
            <CharacterOffsetEnd>493</CharacterOffsetEnd>
            <POS>IN</POS>
          </token>
          <token id="29">
            <word>investment</word>
            <lemma>investment</lemma>
            <CharacterOffsetBegin>494</CharacterOffsetBegin>
            <CharacterOffsetEnd>504</CharacterOffsetEnd>
            <POS>NN</POS>
          </token>
          <token id="30">
            <word>banks</word>
            <lemma>bank</lemma>
            <CharacterOffsetBegin>505</CharacterOffsetBegin>
            <CharacterOffsetEnd>510</CharacterOffsetEnd>
            <POS>NNS</POS>
          </token>
          <token id="31">
            <word>such</word>
            <lemma>such</lemma>
            <CharacterOffsetBegin>511</CharacterOffsetBegin>
            <CharacterOffsetEnd>515</CharacterOffsetEnd>
            <POS>JJ</POS>
          </token>
          <token id="32">
            <word>as</word>
            <lemma>as</lemma>
            <CharacterOffsetBegin>516</CharacterOffsetBegin>
            <CharacterOffsetEnd>518</CharacterOffsetEnd>
            <POS>IN</POS>
          </token>
          <token id="33">
            <word>Goldman</word>
            <lemma>Goldman</lemma>
            <CharacterOffsetBegin>519</CharacterOffsetBegin>
            <CharacterOffsetEnd>526</CharacterOffsetEnd>
            <POS>NNP</POS>
          </token>
          <token id="34">
            <word>Sachs</word>
            <lemma>Sachs</lemma>
            <CharacterOffsetBegin>527</CharacterOffsetBegin>
            <CharacterOffsetEnd>532</CharacterOffsetEnd>
            <POS>NNP</POS>
          </token>
          <token id="35">
            <word>-LRB-</word>
            <lemma>-lrb-</lemma>
            <CharacterOffsetBegin>533</CharacterOffsetBegin>
            <CharacterOffsetEnd>534</CharacterOffsetEnd>
            <POS>-LRB-</POS>
          </token>
          <token id="36">
            <word>GS.N</word>
            <lemma>GS.N</lemma>
            <CharacterOffsetBegin>534</CharacterOffsetBegin>
            <CharacterOffsetEnd>538</CharacterOffsetEnd>
            <POS>NNP</POS>
          </token>
          <token id="37">
            <word>:</word>
            <lemma>:</lemma>
            <CharacterOffsetBegin>538</CharacterOffsetBegin>
            <CharacterOffsetEnd>539</CharacterOffsetEnd>
            <POS>:</POS>
          </token>
          <token id="38">
            <word>Quote</word>
            <lemma>Quote</lemma>
            <CharacterOffsetBegin>540</CharacterOffsetBegin>
            <CharacterOffsetEnd>545</CharacterOffsetEnd>
            <POS>NNP</POS>
          </token>
          <token id="39">
            <word>,</word>
            <lemma>,</lemma>
            <CharacterOffsetBegin>545</CharacterOffsetBegin>
            <CharacterOffsetEnd>546</CharacterOffsetEnd>
            <POS>,</POS>
          </token>
          <token id="40">
            <word>Profile</word>
            <lemma>Profile</lemma>
            <CharacterOffsetBegin>547</CharacterOffsetBegin>
            <CharacterOffsetEnd>554</CharacterOffsetEnd>
            <POS>NNP</POS>
          </token>
          <token id="41">
            <word>,</word>
            <lemma>,</lemma>
            <CharacterOffsetBegin>554</CharacterOffsetBegin>
            <CharacterOffsetEnd>555</CharacterOffsetEnd>
            <POS>,</POS>
          </token>
          <token id="42">
            <word>Research</word>
            <lemma>Research</lemma>
            <CharacterOffsetBegin>556</CharacterOffsetBegin>
            <CharacterOffsetEnd>564</CharacterOffsetEnd>
            <POS>NNP</POS>
          </token>
          <token id="43">
            <word>,</word>
            <lemma>,</lemma>
            <CharacterOffsetBegin>564</CharacterOffsetBegin>
            <CharacterOffsetEnd>565</CharacterOffsetEnd>
            <POS>,</POS>
          </token>
          <token id="44">
            <word>Stock</word>
            <lemma>Stock</lemma>
            <CharacterOffsetBegin>566</CharacterOffsetBegin>
            <CharacterOffsetEnd>571</CharacterOffsetEnd>
            <POS>NNP</POS>
          </token>
          <token id="45">
            <word>Buzz</word>
            <lemma>Buzz</lemma>
            <CharacterOffsetBegin>572</CharacterOffsetBegin>
            <CharacterOffsetEnd>576</CharacterOffsetEnd>
            <POS>NNP</POS>
          </token>
          <token id="46">
            <word>-RRB-</word>
            <lemma>-rrb-</lemma>
            <CharacterOffsetBegin>576</CharacterOffsetBegin>
            <CharacterOffsetEnd>577</CharacterOffsetEnd>
            <POS>-RRB-</POS>
          </token>
          <token id="47">
            <word>and</word>
            <lemma>and</lemma>
            <CharacterOffsetBegin>578</CharacterOffsetBegin>
            <CharacterOffsetEnd>581</CharacterOffsetEnd>
            <POS>CC</POS>
          </token>
          <token id="48">
            <word>Deutsche</word>
            <lemma>Deutsche</lemma>
            <CharacterOffsetBegin>582</CharacterOffsetBegin>
            <CharacterOffsetEnd>590</CharacterOffsetEnd>
            <POS>NNP</POS>
          </token>
          <token id="49">
            <word>Bank</word>
            <lemma>Bank</lemma>
            <CharacterOffsetBegin>591</CharacterOffsetBegin>
            <CharacterOffsetEnd>595</CharacterOffsetEnd>
            <POS>NNP</POS>
          </token>
          <token id="50">
            <word>AG</word>
            <lemma>AG</lemma>
            <CharacterOffsetBegin>596</CharacterOffsetBegin>
            <CharacterOffsetEnd>598</CharacterOffsetEnd>
            <POS>NNP</POS>
          </token>
          <token id="51">
            <word>-LRB-</word>
            <lemma>-lrb-</lemma>
            <CharacterOffsetBegin>599</CharacterOffsetBegin>
            <CharacterOffsetEnd>600</CharacterOffsetEnd>
            <POS>-LRB-</POS>
          </token>
          <token id="52">
            <word>DBKGn.DE</word>
            <lemma>DBKGn.DE</lemma>
            <CharacterOffsetBegin>600</CharacterOffsetBegin>
            <CharacterOffsetEnd>608</CharacterOffsetEnd>
            <POS>NNP</POS>
          </token>
          <token id="53">
            <word>:</word>
            <lemma>:</lemma>
            <CharacterOffsetBegin>608</CharacterOffsetBegin>
            <CharacterOffsetEnd>609</CharacterOffsetEnd>
            <POS>:</POS>
          </token>
          <token id="54">
            <word>Quote</word>
            <lemma>Quote</lemma>
            <CharacterOffsetBegin>610</CharacterOffsetBegin>
            <CharacterOffsetEnd>615</CharacterOffsetEnd>
            <POS>NNP</POS>
          </token>
          <token id="55">
            <word>,</word>
            <lemma>,</lemma>
            <CharacterOffsetBegin>615</CharacterOffsetBegin>
            <CharacterOffsetEnd>616</CharacterOffsetEnd>
            <POS>,</POS>
          </token>
          <token id="56">
            <word>Profile</word>
            <lemma>Profile</lemma>
            <CharacterOffsetBegin>617</CharacterOffsetBegin>
            <CharacterOffsetEnd>624</CharacterOffsetEnd>
            <POS>NNP</POS>
          </token>
          <token id="57">
            <word>,</word>
            <lemma>,</lemma>
            <CharacterOffsetBegin>624</CharacterOffsetBegin>
            <CharacterOffsetEnd>625</CharacterOffsetEnd>
            <POS>,</POS>
          </token>
          <token id="58">
            <word>Research</word>
            <lemma>Research</lemma>
            <CharacterOffsetBegin>626</CharacterOffsetBegin>
            <CharacterOffsetEnd>634</CharacterOffsetEnd>
            <POS>NNP</POS>
          </token>
          <token id="59">
            <word>,</word>
            <lemma>,</lemma>
            <CharacterOffsetBegin>634</CharacterOffsetBegin>
            <CharacterOffsetEnd>635</CharacterOffsetEnd>
            <POS>,</POS>
          </token>
          <token id="60">
            <word>Stock</word>
            <lemma>Stock</lemma>
            <CharacterOffsetBegin>636</CharacterOffsetBegin>
            <CharacterOffsetEnd>641</CharacterOffsetEnd>
            <POS>NNP</POS>
          </token>
          <token id="61">
            <word>Buzz</word>
            <lemma>Buzz</lemma>
            <CharacterOffsetBegin>642</CharacterOffsetBegin>
            <CharacterOffsetEnd>646</CharacterOffsetEnd>
            <POS>NNP</POS>
          </token>
          <token id="62">
            <word>-RRB-</word>
            <lemma>-rrb-</lemma>
            <CharacterOffsetBegin>646</CharacterOffsetBegin>
            <CharacterOffsetEnd>647</CharacterOffsetEnd>
            <POS>-RRB-</POS>
          </token>
          <token id="63">
            <word>,</word>
            <lemma>,</lemma>
            <CharacterOffsetBegin>647</CharacterOffsetBegin>
            <CharacterOffsetEnd>648</CharacterOffsetEnd>
            <POS>,</POS>
          </token>
          <token id="64">
            <word>the</word>
            <lemma>the</lemma>
            <CharacterOffsetBegin>649</CharacterOffsetBegin>
            <CharacterOffsetEnd>652</CharacterOffsetEnd>
            <POS>DT</POS>
          </token>
          <token id="65">
            <word>Journal</word>
            <lemma>Journal</lemma>
            <CharacterOffsetBegin>653</CharacterOffsetBegin>
            <CharacterOffsetEnd>660</CharacterOffsetEnd>
            <POS>NNP</POS>
          </token>
          <token id="66">
            <word>said</word>
            <lemma>say</lemma>
            <CharacterOffsetBegin>661</CharacterOffsetBegin>
            <CharacterOffsetEnd>665</CharacterOffsetEnd>
            <POS>VBD</POS>
          </token>
          <token id="67">
            <word>.</word>
            <lemma>.</lemma>
            <CharacterOffsetBegin>665</CharacterOffsetBegin>
            <CharacterOffsetEnd>666</CharacterOffsetEnd>
            <POS>.</POS>
          </token>
        </tokens>
      </sentence>
      <sentence id="4">
        <tokens>
          <token id="1">
            <word>It</word>
            <lemma>it</lemma>
            <CharacterOffsetBegin>667</CharacterOffsetBegin>
            <CharacterOffsetEnd>669</CharacterOffsetEnd>
            <POS>PRP</POS>
          </token>
          <token id="2">
            <word>also</word>
            <lemma>also</lemma>
            <CharacterOffsetBegin>670</CharacterOffsetBegin>
            <CharacterOffsetEnd>674</CharacterOffsetEnd>
            <POS>RB</POS>
          </token>
          <token id="3">
            <word>will</word>
            <lemma>will</lemma>
            <CharacterOffsetBegin>675</CharacterOffsetBegin>
            <CharacterOffsetEnd>679</CharacterOffsetEnd>
            <POS>MD</POS>
          </token>
          <token id="4">
            <word>discuss</word>
            <lemma>discuss</lemma>
            <CharacterOffsetBegin>680</CharacterOffsetBegin>
            <CharacterOffsetEnd>687</CharacterOffsetEnd>
            <POS>VB</POS>
          </token>
          <token id="5">
            <word>a</word>
            <lemma>a</lemma>
            <CharacterOffsetBegin>688</CharacterOffsetBegin>
            <CharacterOffsetEnd>689</CharacterOffsetEnd>
            <POS>DT</POS>
          </token>
          <token id="6">
            <word>little-known</word>
            <lemma>little-known</lemma>
            <CharacterOffsetBegin>690</CharacterOffsetBegin>
            <CharacterOffsetEnd>702</CharacterOffsetEnd>
            <POS>JJ</POS>
          </token>
          <token id="7">
            <word>dispute</word>
            <lemma>dispute</lemma>
            <CharacterOffsetBegin>703</CharacterOffsetBegin>
            <CharacterOffsetEnd>710</CharacterOffsetEnd>
            <POS>NN</POS>
          </token>
          <token id="8">
            <word>between</word>
            <lemma>between</lemma>
            <CharacterOffsetBegin>711</CharacterOffsetBegin>
            <CharacterOffsetEnd>718</CharacterOffsetEnd>
            <POS>IN</POS>
          </token>
          <token id="9">
            <word>Goldman</word>
            <lemma>Goldman</lemma>
            <CharacterOffsetBegin>719</CharacterOffsetBegin>
            <CharacterOffsetEnd>726</CharacterOffsetEnd>
            <POS>NNP</POS>
          </token>
          <token id="10">
            <word>and</word>
            <lemma>and</lemma>
            <CharacterOffsetBegin>727</CharacterOffsetBegin>
            <CharacterOffsetEnd>730</CharacterOffsetEnd>
            <POS>CC</POS>
          </token>
          <token id="11">
            <word>Morgan</word>
            <lemma>Morgan</lemma>
            <CharacterOffsetBegin>731</CharacterOffsetBegin>
            <CharacterOffsetEnd>737</CharacterOffsetEnd>
            <POS>NNP</POS>
          </token>
          <token id="12">
            <word>Stanley</word>
            <lemma>Stanley</lemma>
            <CharacterOffsetBegin>738</CharacterOffsetBegin>
            <CharacterOffsetEnd>745</CharacterOffsetEnd>
            <POS>NNP</POS>
          </token>
          <token id="13">
            <word>-LRB-</word>
            <lemma>-lrb-</lemma>
            <CharacterOffsetBegin>746</CharacterOffsetBegin>
            <CharacterOffsetEnd>747</CharacterOffsetEnd>
            <POS>-LRB-</POS>
          </token>
          <token id="14">
            <word>MS.N</word>
            <lemma>MS.N</lemma>
            <CharacterOffsetBegin>747</CharacterOffsetBegin>
            <CharacterOffsetEnd>751</CharacterOffsetEnd>
            <POS>NNP</POS>
          </token>
          <token id="15">
            <word>:</word>
            <lemma>:</lemma>
            <CharacterOffsetBegin>751</CharacterOffsetBegin>
            <CharacterOffsetEnd>752</CharacterOffsetEnd>
            <POS>:</POS>
          </token>
          <token id="16">
            <word>Quote</word>
            <lemma>Quote</lemma>
            <CharacterOffsetBegin>753</CharacterOffsetBegin>
            <CharacterOffsetEnd>758</CharacterOffsetEnd>
            <POS>NNP</POS>
          </token>
          <token id="17">
            <word>,</word>
            <lemma>,</lemma>
            <CharacterOffsetBegin>758</CharacterOffsetBegin>
            <CharacterOffsetEnd>759</CharacterOffsetEnd>
            <POS>,</POS>
          </token>
          <token id="18">
            <word>Profile</word>
            <lemma>Profile</lemma>
            <CharacterOffsetBegin>760</CharacterOffsetBegin>
            <CharacterOffsetEnd>767</CharacterOffsetEnd>
            <POS>NNP</POS>
          </token>
          <token id="19">
            <word>,</word>
            <lemma>,</lemma>
            <CharacterOffsetBegin>767</CharacterOffsetBegin>
            <CharacterOffsetEnd>768</CharacterOffsetEnd>
            <POS>,</POS>
          </token>
          <token id="20">
            <word>Research</word>
            <lemma>Research</lemma>
            <CharacterOffsetBegin>769</CharacterOffsetBegin>
            <CharacterOffsetEnd>777</CharacterOffsetEnd>
            <POS>NNP</POS>
          </token>
          <token id="21">
            <word>,</word>
            <lemma>,</lemma>
            <CharacterOffsetBegin>777</CharacterOffsetBegin>
            <CharacterOffsetEnd>778</CharacterOffsetEnd>
            <POS>,</POS>
          </token>
          <token id="22">
            <word>Stock</word>
            <lemma>Stock</lemma>
            <CharacterOffsetBegin>779</CharacterOffsetBegin>
            <CharacterOffsetEnd>784</CharacterOffsetEnd>
            <POS>NNP</POS>
          </token>
          <token id="23">
            <word>Buzz</word>
            <lemma>Buzz</lemma>
            <CharacterOffsetBegin>785</CharacterOffsetBegin>
            <CharacterOffsetEnd>789</CharacterOffsetEnd>
            <POS>NNP</POS>
          </token>
          <token id="24">
            <word>-RRB-</word>
            <lemma>-rrb-</lemma>
            <CharacterOffsetBegin>789</CharacterOffsetBegin>
            <CharacterOffsetEnd>790</CharacterOffsetEnd>
            <POS>-RRB-</POS>
          </token>
          <token id="25">
            <word>that</word>
            <lemma>that</lemma>
            <CharacterOffsetBegin>791</CharacterOffsetBegin>
            <CharacterOffsetEnd>795</CharacterOffsetEnd>
            <POS>WDT</POS>
          </token>
          <token id="26">
            <word>developed</word>
            <lemma>develop</lemma>
            <CharacterOffsetBegin>796</CharacterOffsetBegin>
            <CharacterOffsetEnd>805</CharacterOffsetEnd>
            <POS>VBD</POS>
          </token>
          <token id="27">
            <word>in</word>
            <lemma>in</lemma>
            <CharacterOffsetBegin>806</CharacterOffsetBegin>
            <CharacterOffsetEnd>808</CharacterOffsetEnd>
            <POS>IN</POS>
          </token>
          <token id="28">
            <word>2008</word>
            <lemma>2008</lemma>
            <CharacterOffsetBegin>809</CharacterOffsetBegin>
            <CharacterOffsetEnd>813</CharacterOffsetEnd>
            <POS>CD</POS>
          </token>
          <token id="29">
            <word>over</word>
            <lemma>over</lemma>
            <CharacterOffsetBegin>814</CharacterOffsetBegin>
            <CharacterOffsetEnd>818</CharacterOffsetEnd>
            <POS>IN</POS>
          </token>
          <token id="30">
            <word>one</word>
            <lemma>one</lemma>
            <CharacterOffsetBegin>819</CharacterOffsetBegin>
            <CharacterOffsetEnd>822</CharacterOffsetEnd>
            <POS>CD</POS>
          </token>
          <token id="31">
            <word>complex</word>
            <lemma>complex</lemma>
            <CharacterOffsetBegin>823</CharacterOffsetBegin>
            <CharacterOffsetEnd>830</CharacterOffsetEnd>
            <POS>NN</POS>
          </token>
          <token id="32">
            <word>subprime-mortgage</word>
            <lemma>subprime-mortgage</lemma>
            <CharacterOffsetBegin>831</CharacterOffsetBegin>
            <CharacterOffsetEnd>848</CharacterOffsetEnd>
            <POS>NN</POS>
          </token>
          <token id="33">
            <word>backed</word>
            <lemma>back</lemma>
            <CharacterOffsetBegin>849</CharacterOffsetBegin>
            <CharacterOffsetEnd>855</CharacterOffsetEnd>
            <POS>VBD</POS>
          </token>
          <token id="34">
            <word>security</word>
            <lemma>security</lemma>
            <CharacterOffsetBegin>856</CharacterOffsetBegin>
            <CharacterOffsetEnd>864</CharacterOffsetEnd>
            <POS>NN</POS>
          </token>
          <token id="35">
            <word>called</word>
            <lemma>call</lemma>
            <CharacterOffsetBegin>865</CharacterOffsetBegin>
            <CharacterOffsetEnd>871</CharacterOffsetEnd>
            <POS>VBN</POS>
          </token>
          <token id="36">
            <word>Hudson</word>
            <lemma>Hudson</lemma>
            <CharacterOffsetBegin>872</CharacterOffsetBegin>
            <CharacterOffsetEnd>878</CharacterOffsetEnd>
            <POS>NNP</POS>
          </token>
          <token id="37">
            <word>Mezzanine</word>
            <lemma>Mezzanine</lemma>
            <CharacterOffsetBegin>879</CharacterOffsetBegin>
            <CharacterOffsetEnd>888</CharacterOffsetEnd>
            <POS>NNP</POS>
          </token>
          <token id="38">
            <word>Funding</word>
            <lemma>Funding</lemma>
            <CharacterOffsetBegin>889</CharacterOffsetBegin>
            <CharacterOffsetEnd>896</CharacterOffsetEnd>
            <POS>NNP</POS>
          </token>
          <token id="39">
            <word>,</word>
            <lemma>,</lemma>
            <CharacterOffsetBegin>896</CharacterOffsetBegin>
            <CharacterOffsetEnd>897</CharacterOffsetEnd>
            <POS>,</POS>
          </token>
          <token id="40">
            <word>the</word>
            <lemma>the</lemma>
            <CharacterOffsetBegin>898</CharacterOffsetBegin>
            <CharacterOffsetEnd>901</CharacterOffsetEnd>
            <POS>DT</POS>
          </token>
          <token id="41">
            <word>newspaper</word>
            <lemma>newspaper</lemma>
            <CharacterOffsetBegin>902</CharacterOffsetBegin>
            <CharacterOffsetEnd>911</CharacterOffsetEnd>
            <POS>NN</POS>
          </token>
          <token id="42">
            <word>said</word>
            <lemma>say</lemma>
            <CharacterOffsetBegin>912</CharacterOffsetBegin>
            <CharacterOffsetEnd>916</CharacterOffsetEnd>
            <POS>VBD</POS>
          </token>
          <token id="43">
            <word>.</word>
            <lemma>.</lemma>
            <CharacterOffsetBegin>916</CharacterOffsetBegin>
            <CharacterOffsetEnd>917</CharacterOffsetEnd>
            <POS>.</POS>
          </token>
        </tokens>
      </sentence>
      <sentence id="5">
        <tokens>
          <token id="1">
            <word>The</word>
            <lemma>the</lemma>
            <CharacterOffsetBegin>918</CharacterOffsetBegin>
            <CharacterOffsetEnd>921</CharacterOffsetEnd>
            <POS>DT</POS>
          </token>
          <token id="2">
            <word>subcommittee</word>
            <lemma>subcommittee</lemma>
            <CharacterOffsetBegin>922</CharacterOffsetBegin>
            <CharacterOffsetEnd>934</CharacterOffsetEnd>
            <POS>NN</POS>
          </token>
          <token id="3">
            <word>learned</word>
            <lemma>learn</lemma>
            <CharacterOffsetBegin>935</CharacterOffsetBegin>
            <CharacterOffsetEnd>942</CharacterOffsetEnd>
            <POS>VBD</POS>
          </token>
          <token id="4">
            <word>that</word>
            <lemma>that</lemma>
            <CharacterOffsetBegin>943</CharacterOffsetBegin>
            <CharacterOffsetEnd>947</CharacterOffsetEnd>
            <POS>IN</POS>
          </token>
          <token id="5">
            <word>Morgan</word>
            <lemma>Morgan</lemma>
            <CharacterOffsetBegin>948</CharacterOffsetBegin>
            <CharacterOffsetEnd>954</CharacterOffsetEnd>
            <POS>NNP</POS>
          </token>
          <token id="6">
            <word>Stanley</word>
            <lemma>Stanley</lemma>
            <CharacterOffsetBegin>955</CharacterOffsetBegin>
            <CharacterOffsetEnd>962</CharacterOffsetEnd>
            <POS>NNP</POS>
          </token>
          <token id="7">
            <word>lost</word>
            <lemma>lose</lemma>
            <CharacterOffsetBegin>963</CharacterOffsetBegin>
            <CharacterOffsetEnd>967</CharacterOffsetEnd>
            <POS>VBD</POS>
          </token>
          <token id="8">
            <word>money</word>
            <lemma>money</lemma>
            <CharacterOffsetBegin>968</CharacterOffsetBegin>
            <CharacterOffsetEnd>973</CharacterOffsetEnd>
            <POS>NN</POS>
          </token>
          <token id="9">
            <word>on</word>
            <lemma>on</lemma>
            <CharacterOffsetBegin>974</CharacterOffsetBegin>
            <CharacterOffsetEnd>976</CharacterOffsetEnd>
            <POS>IN</POS>
          </token>
          <token id="10">
            <word>the</word>
            <lemma>the</lemma>
            <CharacterOffsetBegin>977</CharacterOffsetBegin>
            <CharacterOffsetEnd>980</CharacterOffsetEnd>
            <POS>DT</POS>
          </token>
          <token id="11">
            <word>collateralized</word>
            <lemma>collateralized</lemma>
            <CharacterOffsetBegin>981</CharacterOffsetBegin>
            <CharacterOffsetEnd>995</CharacterOffsetEnd>
            <POS>JJ</POS>
          </token>
          <token id="12">
            <word>debt</word>
            <lemma>debt</lemma>
            <CharacterOffsetBegin>996</CharacterOffsetBegin>
            <CharacterOffsetEnd>1000</CharacterOffsetEnd>
            <POS>NN</POS>
          </token>
          <token id="13">
            <word>obligation</word>
            <lemma>obligation</lemma>
            <CharacterOffsetBegin>1001</CharacterOffsetBegin>
            <CharacterOffsetEnd>1011</CharacterOffsetEnd>
            <POS>NN</POS>
          </token>
          <token id="14">
            <word>that</word>
            <lemma>that</lemma>
            <CharacterOffsetBegin>1012</CharacterOffsetBegin>
            <CharacterOffsetEnd>1016</CharacterOffsetEnd>
            <POS>WDT</POS>
          </token>
          <token id="15">
            <word>Goldman</word>
            <lemma>Goldman</lemma>
            <CharacterOffsetBegin>1017</CharacterOffsetBegin>
            <CharacterOffsetEnd>1024</CharacterOffsetEnd>
            <POS>NNP</POS>
          </token>
          <token id="16">
            <word>had</word>
            <lemma>have</lemma>
            <CharacterOffsetBegin>1025</CharacterOffsetBegin>
            <CharacterOffsetEnd>1028</CharacterOffsetEnd>
            <POS>VBD</POS>
          </token>
          <token id="17">
            <word>a</word>
            <lemma>a</lemma>
            <CharacterOffsetBegin>1029</CharacterOffsetBegin>
            <CharacterOffsetEnd>1030</CharacterOffsetEnd>
            <POS>DT</POS>
          </token>
          <token id="18">
            <word>hand</word>
            <lemma>hand</lemma>
            <CharacterOffsetBegin>1031</CharacterOffsetBegin>
            <CharacterOffsetEnd>1035</CharacterOffsetEnd>
            <POS>NN</POS>
          </token>
          <token id="19">
            <word>in</word>
            <lemma>in</lemma>
            <CharacterOffsetBegin>1036</CharacterOffsetBegin>
            <CharacterOffsetEnd>1038</CharacterOffsetEnd>
            <POS>IN</POS>
          </token>
          <token id="20">
            <word>arranging</word>
            <lemma>arrange</lemma>
            <CharacterOffsetBegin>1039</CharacterOffsetBegin>
            <CharacterOffsetEnd>1048</CharacterOffsetEnd>
            <POS>VBG</POS>
          </token>
          <token id="21">
            <word>and</word>
            <lemma>and</lemma>
            <CharacterOffsetBegin>1049</CharacterOffsetBegin>
            <CharacterOffsetEnd>1052</CharacterOffsetEnd>
            <POS>CC</POS>
          </token>
          <token id="22">
            <word>marketing</word>
            <lemma>marketing</lemma>
            <CharacterOffsetBegin>1053</CharacterOffsetBegin>
            <CharacterOffsetEnd>1062</CharacterOffsetEnd>
            <POS>NN</POS>
          </token>
          <token id="23">
            <word>,</word>
            <lemma>,</lemma>
            <CharacterOffsetBegin>1062</CharacterOffsetBegin>
            <CharacterOffsetEnd>1063</CharacterOffsetEnd>
            <POS>,</POS>
          </token>
          <token id="24">
            <word>the</word>
            <lemma>the</lemma>
            <CharacterOffsetBegin>1064</CharacterOffsetBegin>
            <CharacterOffsetEnd>1067</CharacterOffsetEnd>
            <POS>DT</POS>
          </token>
          <token id="25">
            <word>Journal</word>
            <lemma>Journal</lemma>
            <CharacterOffsetBegin>1068</CharacterOffsetBegin>
            <CharacterOffsetEnd>1075</CharacterOffsetEnd>
            <POS>NNP</POS>
          </token>
          <token id="26">
            <word>said</word>
            <lemma>say</lemma>
            <CharacterOffsetBegin>1076</CharacterOffsetBegin>
            <CharacterOffsetEnd>1080</CharacterOffsetEnd>
            <POS>VBD</POS>
          </token>
          <token id="27">
            <word>.</word>
            <lemma>.</lemma>
            <CharacterOffsetBegin>1080</CharacterOffsetBegin>
            <CharacterOffsetEnd>1081</CharacterOffsetEnd>
            <POS>.</POS>
          </token>
        </tokens>
      </sentence>
      <sentence id="6">
        <tokens>
          <token id="1">
            <word>The</word>
            <lemma>the</lemma>
            <CharacterOffsetBegin>1082</CharacterOffsetBegin>
            <CharacterOffsetEnd>1085</CharacterOffsetEnd>
            <POS>DT</POS>
          </token>
          <token id="2">
            <word>dispute</word>
            <lemma>dispute</lemma>
            <CharacterOffsetBegin>1086</CharacterOffsetBegin>
            <CharacterOffsetEnd>1093</CharacterOffsetEnd>
            <POS>NN</POS>
          </token>
          <token id="3">
            <word>between</word>
            <lemma>between</lemma>
            <CharacterOffsetBegin>1094</CharacterOffsetBegin>
            <CharacterOffsetEnd>1101</CharacterOffsetEnd>
            <POS>IN</POS>
          </token>
          <token id="4">
            <word>the</word>
            <lemma>the</lemma>
            <CharacterOffsetBegin>1102</CharacterOffsetBegin>
            <CharacterOffsetEnd>1105</CharacterOffsetEnd>
            <POS>DT</POS>
          </token>
          <token id="5">
            <word>rival</word>
            <lemma>rival</lemma>
            <CharacterOffsetBegin>1106</CharacterOffsetBegin>
            <CharacterOffsetEnd>1111</CharacterOffsetEnd>
            <POS>JJ</POS>
          </token>
          <token id="6">
            <word>investment</word>
            <lemma>investment</lemma>
            <CharacterOffsetBegin>1112</CharacterOffsetBegin>
            <CharacterOffsetEnd>1122</CharacterOffsetEnd>
            <POS>NN</POS>
          </token>
          <token id="7">
            <word>banks</word>
            <lemma>bank</lemma>
            <CharacterOffsetBegin>1123</CharacterOffsetBegin>
            <CharacterOffsetEnd>1128</CharacterOffsetEnd>
            <POS>NNS</POS>
          </token>
          <token id="8">
            <word>got</word>
            <lemma>get</lemma>
            <CharacterOffsetBegin>1129</CharacterOffsetBegin>
            <CharacterOffsetEnd>1132</CharacterOffsetEnd>
            <POS>VBD</POS>
          </token>
          <token id="9">
            <word>so</word>
            <lemma>so</lemma>
            <CharacterOffsetBegin>1133</CharacterOffsetBegin>
            <CharacterOffsetEnd>1135</CharacterOffsetEnd>
            <POS>RB</POS>
          </token>
          <token id="10">
            <word>heated</word>
            <lemma>heated</lemma>
            <CharacterOffsetBegin>1136</CharacterOffsetBegin>
            <CharacterOffsetEnd>1142</CharacterOffsetEnd>
            <POS>JJ</POS>
          </token>
          <token id="11">
            <word>that</word>
            <lemma>that</lemma>
            <CharacterOffsetBegin>1143</CharacterOffsetBegin>
            <CharacterOffsetEnd>1147</CharacterOffsetEnd>
            <POS>IN</POS>
          </token>
          <token id="12">
            <word>Morgan</word>
            <lemma>Morgan</lemma>
            <CharacterOffsetBegin>1148</CharacterOffsetBegin>
            <CharacterOffsetEnd>1154</CharacterOffsetEnd>
            <POS>NNP</POS>
          </token>
          <token id="13">
            <word>Stanley</word>
            <lemma>Stanley</lemma>
            <CharacterOffsetBegin>1155</CharacterOffsetBegin>
            <CharacterOffsetEnd>1162</CharacterOffsetEnd>
            <POS>NNP</POS>
          </token>
          <token id="14">
            <word>considered</word>
            <lemma>consider</lemma>
            <CharacterOffsetBegin>1163</CharacterOffsetBegin>
            <CharacterOffsetEnd>1173</CharacterOffsetEnd>
            <POS>VBD</POS>
          </token>
          <token id="15">
            <word>suing</word>
            <lemma>sue</lemma>
            <CharacterOffsetBegin>1174</CharacterOffsetBegin>
            <CharacterOffsetEnd>1179</CharacterOffsetEnd>
            <POS>VBG</POS>
          </token>
          <token id="16">
            <word>Goldman</word>
            <lemma>Goldman</lemma>
            <CharacterOffsetBegin>1180</CharacterOffsetBegin>
            <CharacterOffsetEnd>1187</CharacterOffsetEnd>
            <POS>NNP</POS>
          </token>
          <token id="17">
            <word>over</word>
            <lemma>over</lemma>
            <CharacterOffsetBegin>1188</CharacterOffsetBegin>
            <CharacterOffsetEnd>1192</CharacterOffsetEnd>
            <POS>IN</POS>
          </token>
          <token id="18">
            <word>its</word>
            <lemma>its</lemma>
            <CharacterOffsetBegin>1193</CharacterOffsetBegin>
            <CharacterOffsetEnd>1196</CharacterOffsetEnd>
            <POS>PRP$</POS>
          </token>
          <token id="19">
            <word>losses</word>
            <lemma>loss</lemma>
            <CharacterOffsetBegin>1197</CharacterOffsetBegin>
            <CharacterOffsetEnd>1203</CharacterOffsetEnd>
            <POS>NNS</POS>
          </token>
          <token id="20">
            <word>,</word>
            <lemma>,</lemma>
            <CharacterOffsetBegin>1203</CharacterOffsetBegin>
            <CharacterOffsetEnd>1204</CharacterOffsetEnd>
            <POS>,</POS>
          </token>
          <token id="21">
            <word>it</word>
            <lemma>it</lemma>
            <CharacterOffsetBegin>1205</CharacterOffsetBegin>
            <CharacterOffsetEnd>1207</CharacterOffsetEnd>
            <POS>PRP</POS>
          </token>
          <token id="22">
            <word>said</word>
            <lemma>say</lemma>
            <CharacterOffsetBegin>1208</CharacterOffsetBegin>
            <CharacterOffsetEnd>1212</CharacterOffsetEnd>
            <POS>VBD</POS>
          </token>
          <token id="23">
            <word>.</word>
            <lemma>.</lemma>
            <CharacterOffsetBegin>1212</CharacterOffsetBegin>
            <CharacterOffsetEnd>1213</CharacterOffsetEnd>
            <POS>.</POS>
          </token>
        </tokens>
      </sentence>
      <sentence id="7">
        <tokens>
          <token id="1">
            <word>The</word>
            <lemma>the</lemma>
            <CharacterOffsetBegin>1214</CharacterOffsetBegin>
            <CharacterOffsetEnd>1217</CharacterOffsetEnd>
            <POS>DT</POS>
          </token>
          <token id="2">
            <word>Senate</word>
            <lemma>Senate</lemma>
            <CharacterOffsetBegin>1218</CharacterOffsetBegin>
            <CharacterOffsetEnd>1224</CharacterOffsetEnd>
            <POS>NNP</POS>
          </token>
          <token id="3">
            <word>'s</word>
            <lemma>'s</lemma>
            <CharacterOffsetBegin>1224</CharacterOffsetBegin>
            <CharacterOffsetEnd>1226</CharacterOffsetEnd>
            <POS>POS</POS>
          </token>
          <token id="4">
            <word>investigations</word>
            <lemma>investigation</lemma>
            <CharacterOffsetBegin>1227</CharacterOffsetBegin>
            <CharacterOffsetEnd>1241</CharacterOffsetEnd>
            <POS>NNS</POS>
          </token>
          <token id="5">
            <word>subcommittee</word>
            <lemma>subcommittee</lemma>
            <CharacterOffsetBegin>1242</CharacterOffsetBegin>
            <CharacterOffsetEnd>1254</CharacterOffsetEnd>
            <POS>NN</POS>
          </token>
          <token id="6">
            <word>normally</word>
            <lemma>normally</lemma>
            <CharacterOffsetBegin>1255</CharacterOffsetBegin>
            <CharacterOffsetEnd>1263</CharacterOffsetEnd>
            <POS>RB</POS>
          </token>
          <token id="7">
            <word>follows</word>
            <lemma>follow</lemma>
            <CharacterOffsetBegin>1264</CharacterOffsetBegin>
            <CharacterOffsetEnd>1271</CharacterOffsetEnd>
            <POS>VBZ</POS>
          </token>
          <token id="8">
            <word>up</word>
            <lemma>up</lemma>
            <CharacterOffsetBegin>1272</CharacterOffsetBegin>
            <CharacterOffsetEnd>1274</CharacterOffsetEnd>
            <POS>RP</POS>
          </token>
          <token id="9">
            <word>its</word>
            <lemma>its</lemma>
            <CharacterOffsetBegin>1275</CharacterOffsetBegin>
            <CharacterOffsetEnd>1278</CharacterOffsetEnd>
            <POS>PRP$</POS>
          </token>
          <token id="10">
            <word>hearings</word>
            <lemma>hearing</lemma>
            <CharacterOffsetBegin>1279</CharacterOffsetBegin>
            <CharacterOffsetEnd>1287</CharacterOffsetEnd>
            <POS>NNS</POS>
          </token>
          <token id="11">
            <word>with</word>
            <lemma>with</lemma>
            <CharacterOffsetBegin>1288</CharacterOffsetBegin>
            <CharacterOffsetEnd>1292</CharacterOffsetEnd>
            <POS>IN</POS>
          </token>
          <token id="12">
            <word>reports</word>
            <lemma>report</lemma>
            <CharacterOffsetBegin>1293</CharacterOffsetBegin>
            <CharacterOffsetEnd>1300</CharacterOffsetEnd>
            <POS>NNS</POS>
          </token>
          <token id="13">
            <word>that</word>
            <lemma>that</lemma>
            <CharacterOffsetBegin>1301</CharacterOffsetBegin>
            <CharacterOffsetEnd>1305</CharacterOffsetEnd>
            <POS>IN</POS>
          </token>
          <token id="14">
            <word>outline</word>
            <lemma>outline</lemma>
            <CharacterOffsetBegin>1306</CharacterOffsetBegin>
            <CharacterOffsetEnd>1313</CharacterOffsetEnd>
            <POS>VBP</POS>
          </token>
          <token id="15">
            <word>the</word>
            <lemma>the</lemma>
            <CharacterOffsetBegin>1314</CharacterOffsetBegin>
            <CharacterOffsetEnd>1317</CharacterOffsetEnd>
            <POS>DT</POS>
          </token>
          <token id="16">
            <word>findings</word>
            <lemma>finding</lemma>
            <CharacterOffsetBegin>1318</CharacterOffsetBegin>
            <CharacterOffsetEnd>1326</CharacterOffsetEnd>
            <POS>NNS</POS>
          </token>
          <token id="17">
            <word>and</word>
            <lemma>and</lemma>
            <CharacterOffsetBegin>1327</CharacterOffsetBegin>
            <CharacterOffsetEnd>1330</CharacterOffsetEnd>
            <POS>CC</POS>
          </token>
          <token id="18">
            <word>recommend</word>
            <lemma>recommend</lemma>
            <CharacterOffsetBegin>1331</CharacterOffsetBegin>
            <CharacterOffsetEnd>1340</CharacterOffsetEnd>
            <POS>VB</POS>
          </token>
          <token id="19">
            <word>legislative</word>
            <lemma>legislative</lemma>
            <CharacterOffsetBegin>1341</CharacterOffsetBegin>
            <CharacterOffsetEnd>1352</CharacterOffsetEnd>
            <POS>JJ</POS>
          </token>
          <token id="20">
            <word>reforms</word>
            <lemma>reform</lemma>
            <CharacterOffsetBegin>1353</CharacterOffsetBegin>
            <CharacterOffsetEnd>1360</CharacterOffsetEnd>
            <POS>NNS</POS>
          </token>
          <token id="21">
            <word>.</word>
            <lemma>.</lemma>
            <CharacterOffsetBegin>1360</CharacterOffsetBegin>
            <CharacterOffsetEnd>1361</CharacterOffsetEnd>
            <POS>.</POS>
          </token>
        </tokens>
      </sentence>
      <sentence id="8">
        <tokens>
          <token id="1">
            <word>An</word>
            <lemma>a</lemma>
            <CharacterOffsetBegin>1362</CharacterOffsetBegin>
            <CharacterOffsetEnd>1364</CharacterOffsetEnd>
            <POS>DT</POS>
          </token>
          <token id="2">
            <word>aide</word>
            <lemma>aide</lemma>
            <CharacterOffsetBegin>1365</CharacterOffsetBegin>
            <CharacterOffsetEnd>1369</CharacterOffsetEnd>
            <POS>NN</POS>
          </token>
          <token id="3">
            <word>to</word>
            <lemma>to</lemma>
            <CharacterOffsetBegin>1370</CharacterOffsetBegin>
            <CharacterOffsetEnd>1372</CharacterOffsetEnd>
            <POS>TO</POS>
          </token>
          <token id="4">
            <word>Senator</word>
            <lemma>Senator</lemma>
            <CharacterOffsetBegin>1373</CharacterOffsetBegin>
            <CharacterOffsetEnd>1380</CharacterOffsetEnd>
            <POS>NNP</POS>
          </token>
          <token id="5">
            <word>Carl</word>
            <lemma>Carl</lemma>
            <CharacterOffsetBegin>1381</CharacterOffsetBegin>
            <CharacterOffsetEnd>1385</CharacterOffsetEnd>
            <POS>NNP</POS>
          </token>
          <token id="6">
            <word>Levin</word>
            <lemma>Levin</lemma>
            <CharacterOffsetBegin>1386</CharacterOffsetBegin>
            <CharacterOffsetEnd>1391</CharacterOffsetEnd>
            <POS>NNP</POS>
          </token>
          <token id="7">
            <word>,</word>
            <lemma>,</lemma>
            <CharacterOffsetBegin>1391</CharacterOffsetBegin>
            <CharacterOffsetEnd>1392</CharacterOffsetEnd>
            <POS>,</POS>
          </token>
          <token id="8">
            <word>a</word>
            <lemma>a</lemma>
            <CharacterOffsetBegin>1393</CharacterOffsetBegin>
            <CharacterOffsetEnd>1394</CharacterOffsetEnd>
            <POS>DT</POS>
          </token>
          <token id="9">
            <word>Democrat</word>
            <lemma>Democrat</lemma>
            <CharacterOffsetBegin>1395</CharacterOffsetBegin>
            <CharacterOffsetEnd>1403</CharacterOffsetEnd>
            <POS>NNP</POS>
          </token>
          <token id="10">
            <word>who</word>
            <lemma>who</lemma>
            <CharacterOffsetBegin>1404</CharacterOffsetBegin>
            <CharacterOffsetEnd>1407</CharacterOffsetEnd>
            <POS>WP</POS>
          </token>
          <token id="11">
            <word>heads</word>
            <lemma>head</lemma>
            <CharacterOffsetBegin>1408</CharacterOffsetBegin>
            <CharacterOffsetEnd>1413</CharacterOffsetEnd>
            <POS>VBZ</POS>
          </token>
          <token id="12">
            <word>the</word>
            <lemma>the</lemma>
            <CharacterOffsetBegin>1414</CharacterOffsetBegin>
            <CharacterOffsetEnd>1417</CharacterOffsetEnd>
            <POS>DT</POS>
          </token>
          <token id="13">
            <word>subcommittee</word>
            <lemma>subcommittee</lemma>
            <CharacterOffsetBegin>1418</CharacterOffsetBegin>
            <CharacterOffsetEnd>1430</CharacterOffsetEnd>
            <POS>NN</POS>
          </token>
          <token id="14">
            <word>,</word>
            <lemma>,</lemma>
            <CharacterOffsetBegin>1430</CharacterOffsetBegin>
            <CharacterOffsetEnd>1431</CharacterOffsetEnd>
            <POS>,</POS>
          </token>
          <token id="15">
            <word>declined</word>
            <lemma>decline</lemma>
            <CharacterOffsetBegin>1432</CharacterOffsetBegin>
            <CharacterOffsetEnd>1440</CharacterOffsetEnd>
            <POS>VBD</POS>
          </token>
          <token id="16">
            <word>to</word>
            <lemma>to</lemma>
            <CharacterOffsetBegin>1441</CharacterOffsetBegin>
            <CharacterOffsetEnd>1443</CharacterOffsetEnd>
            <POS>TO</POS>
          </token>
          <token id="17">
            <word>comment</word>
            <lemma>comment</lemma>
            <CharacterOffsetBegin>1444</CharacterOffsetBegin>
            <CharacterOffsetEnd>1451</CharacterOffsetEnd>
            <POS>VB</POS>
          </token>
          <token id="18">
            <word>on</word>
            <lemma>on</lemma>
            <CharacterOffsetBegin>1452</CharacterOffsetBegin>
            <CharacterOffsetEnd>1454</CharacterOffsetEnd>
            <POS>IN</POS>
          </token>
          <token id="19">
            <word>the</word>
            <lemma>the</lemma>
            <CharacterOffsetBegin>1455</CharacterOffsetBegin>
            <CharacterOffsetEnd>1458</CharacterOffsetEnd>
            <POS>DT</POS>
          </token>
          <token id="20">
            <word>report</word>
            <lemma>report</lemma>
            <CharacterOffsetBegin>1459</CharacterOffsetBegin>
            <CharacterOffsetEnd>1465</CharacterOffsetEnd>
            <POS>NN</POS>
          </token>
          <token id="21">
            <word>.</word>
            <lemma>.</lemma>
            <CharacterOffsetBegin>1465</CharacterOffsetBegin>
            <CharacterOffsetEnd>1466</CharacterOffsetEnd>
            <POS>.</POS>
          </token>
        </tokens>
      </sentence>
      <sentence id="9">
        <tokens>
          <token id="1">
            <word>Late</word>
            <lemma>late</lemma>
            <CharacterOffsetBegin>1467</CharacterOffsetBegin>
            <CharacterOffsetEnd>1471</CharacterOffsetEnd>
            <POS>RB</POS>
          </token>
          <token id="2">
            <word>last</word>
            <lemma>last</lemma>
            <CharacterOffsetBegin>1472</CharacterOffsetBegin>
            <CharacterOffsetEnd>1476</CharacterOffsetEnd>
            <POS>JJ</POS>
          </token>
          <token id="3">
            <word>year</word>
            <lemma>year</lemma>
            <CharacterOffsetBegin>1477</CharacterOffsetBegin>
            <CharacterOffsetEnd>1481</CharacterOffsetEnd>
            <POS>NN</POS>
          </token>
          <token id="4">
            <word>,</word>
            <lemma>,</lemma>
            <CharacterOffsetBegin>1481</CharacterOffsetBegin>
            <CharacterOffsetEnd>1482</CharacterOffsetEnd>
            <POS>,</POS>
          </token>
          <token id="5">
            <word>two</word>
            <lemma>two</lemma>
            <CharacterOffsetBegin>1483</CharacterOffsetBegin>
            <CharacterOffsetEnd>1486</CharacterOffsetEnd>
            <POS>CD</POS>
          </token>
          <token id="6">
            <word>people</word>
            <lemma>people</lemma>
            <CharacterOffsetBegin>1487</CharacterOffsetBegin>
            <CharacterOffsetEnd>1493</CharacterOffsetEnd>
            <POS>NNS</POS>
          </token>
          <token id="7">
            <word>familiar</word>
            <lemma>familiar</lemma>
            <CharacterOffsetBegin>1494</CharacterOffsetBegin>
            <CharacterOffsetEnd>1502</CharacterOffsetEnd>
            <POS>JJ</POS>
          </token>
          <token id="8">
            <word>with</word>
            <lemma>with</lemma>
            <CharacterOffsetBegin>1503</CharacterOffsetBegin>
            <CharacterOffsetEnd>1507</CharacterOffsetEnd>
            <POS>IN</POS>
          </token>
          <token id="9">
            <word>the</word>
            <lemma>the</lemma>
            <CharacterOffsetBegin>1508</CharacterOffsetBegin>
            <CharacterOffsetEnd>1511</CharacterOffsetEnd>
            <POS>DT</POS>
          </token>
          <token id="10">
            <word>subcommittee</word>
            <lemma>subcommittee</lemma>
            <CharacterOffsetBegin>1512</CharacterOffsetBegin>
            <CharacterOffsetEnd>1524</CharacterOffsetEnd>
            <POS>NN</POS>
          </token>
          <token id="11">
            <word>told</word>
            <lemma>tell</lemma>
            <CharacterOffsetBegin>1525</CharacterOffsetBegin>
            <CharacterOffsetEnd>1529</CharacterOffsetEnd>
            <POS>VBD</POS>
          </token>
          <token id="12">
            <word>Reuters</word>
            <lemma>Reuters</lemma>
            <CharacterOffsetBegin>1530</CharacterOffsetBegin>
            <CharacterOffsetEnd>1537</CharacterOffsetEnd>
            <POS>NNP</POS>
          </token>
          <token id="13">
            <word>that</word>
            <lemma>that</lemma>
            <CharacterOffsetBegin>1538</CharacterOffsetBegin>
            <CharacterOffsetEnd>1542</CharacterOffsetEnd>
            <POS>IN</POS>
          </token>
          <token id="14">
            <word>they</word>
            <lemma>they</lemma>
            <CharacterOffsetBegin>1543</CharacterOffsetBegin>
            <CharacterOffsetEnd>1547</CharacterOffsetEnd>
            <POS>PRP</POS>
          </token>
          <token id="15">
            <word>expected</word>
            <lemma>expect</lemma>
            <CharacterOffsetBegin>1548</CharacterOffsetBegin>
            <CharacterOffsetEnd>1556</CharacterOffsetEnd>
            <POS>VBD</POS>
          </token>
          <token id="16">
            <word>the</word>
            <lemma>the</lemma>
            <CharacterOffsetBegin>1557</CharacterOffsetBegin>
            <CharacterOffsetEnd>1560</CharacterOffsetEnd>
            <POS>DT</POS>
          </token>
          <token id="17">
            <word>report</word>
            <lemma>report</lemma>
            <CharacterOffsetBegin>1561</CharacterOffsetBegin>
            <CharacterOffsetEnd>1567</CharacterOffsetEnd>
            <POS>NN</POS>
          </token>
          <token id="18">
            <word>to</word>
            <lemma>to</lemma>
            <CharacterOffsetBegin>1568</CharacterOffsetBegin>
            <CharacterOffsetEnd>1570</CharacterOffsetEnd>
            <POS>TO</POS>
          </token>
          <token id="19">
            <word>be</word>
            <lemma>be</lemma>
            <CharacterOffsetBegin>1571</CharacterOffsetBegin>
            <CharacterOffsetEnd>1573</CharacterOffsetEnd>
            <POS>VB</POS>
          </token>
          <token id="20">
            <word>finished</word>
            <lemma>finish</lemma>
            <CharacterOffsetBegin>1574</CharacterOffsetBegin>
            <CharacterOffsetEnd>1582</CharacterOffsetEnd>
            <POS>VBN</POS>
          </token>
          <token id="21">
            <word>in</word>
            <lemma>in</lemma>
            <CharacterOffsetBegin>1583</CharacterOffsetBegin>
            <CharacterOffsetEnd>1585</CharacterOffsetEnd>
            <POS>IN</POS>
          </token>
          <token id="22">
            <word>early</word>
            <lemma>early</lemma>
            <CharacterOffsetBegin>1586</CharacterOffsetBegin>
            <CharacterOffsetEnd>1591</CharacterOffsetEnd>
            <POS>JJ</POS>
          </token>
          <token id="23">
            <word>2011</word>
            <lemma>2011</lemma>
            <CharacterOffsetBegin>1592</CharacterOffsetBegin>
            <CharacterOffsetEnd>1596</CharacterOffsetEnd>
            <POS>CD</POS>
          </token>
          <token id="24">
            <word>and</word>
            <lemma>and</lemma>
            <CharacterOffsetBegin>1597</CharacterOffsetBegin>
            <CharacterOffsetEnd>1600</CharacterOffsetEnd>
            <POS>CC</POS>
          </token>
          <token id="25">
            <word>said</word>
            <lemma>say</lemma>
            <CharacterOffsetBegin>1601</CharacterOffsetBegin>
            <CharacterOffsetEnd>1605</CharacterOffsetEnd>
            <POS>VBD</POS>
          </token>
          <token id="26">
            <word>it</word>
            <lemma>it</lemma>
            <CharacterOffsetBegin>1606</CharacterOffsetBegin>
            <CharacterOffsetEnd>1608</CharacterOffsetEnd>
            <POS>PRP</POS>
          </token>
          <token id="27">
            <word>would</word>
            <lemma>would</lemma>
            <CharacterOffsetBegin>1609</CharacterOffsetBegin>
            <CharacterOffsetEnd>1614</CharacterOffsetEnd>
            <POS>MD</POS>
          </token>
          <token id="28">
            <word>contain</word>
            <lemma>contain</lemma>
            <CharacterOffsetBegin>1615</CharacterOffsetBegin>
            <CharacterOffsetEnd>1622</CharacterOffsetEnd>
            <POS>VB</POS>
          </token>
          <token id="29">
            <word>more</word>
            <lemma>more</lemma>
            <CharacterOffsetBegin>1623</CharacterOffsetBegin>
            <CharacterOffsetEnd>1627</CharacterOffsetEnd>
            <POS>JJR</POS>
          </token>
          <token id="30">
            <word>information</word>
            <lemma>information</lemma>
            <CharacterOffsetBegin>1628</CharacterOffsetBegin>
            <CharacterOffsetEnd>1639</CharacterOffsetEnd>
            <POS>NN</POS>
          </token>
          <token id="31">
            <word>than</word>
            <lemma>than</lemma>
            <CharacterOffsetBegin>1640</CharacterOffsetBegin>
            <CharacterOffsetEnd>1644</CharacterOffsetEnd>
            <POS>IN</POS>
          </token>
          <token id="32">
            <word>surfaced</word>
            <lemma>surface</lemma>
            <CharacterOffsetBegin>1645</CharacterOffsetBegin>
            <CharacterOffsetEnd>1653</CharacterOffsetEnd>
            <POS>VBD</POS>
          </token>
          <token id="33">
            <word>during</word>
            <lemma>during</lemma>
            <CharacterOffsetBegin>1654</CharacterOffsetBegin>
            <CharacterOffsetEnd>1660</CharacterOffsetEnd>
            <POS>IN</POS>
          </token>
          <token id="34">
            <word>last</word>
            <lemma>last</lemma>
            <CharacterOffsetBegin>1661</CharacterOffsetBegin>
            <CharacterOffsetEnd>1665</CharacterOffsetEnd>
            <POS>JJ</POS>
          </token>
          <token id="35">
            <word>year</word>
            <lemma>year</lemma>
            <CharacterOffsetBegin>1666</CharacterOffsetBegin>
            <CharacterOffsetEnd>1670</CharacterOffsetEnd>
            <POS>NN</POS>
          </token>
          <token id="36">
            <word>'s</word>
            <lemma>'s</lemma>
            <CharacterOffsetBegin>1670</CharacterOffsetBegin>
            <CharacterOffsetEnd>1672</CharacterOffsetEnd>
            <POS>POS</POS>
          </token>
          <token id="37">
            <word>series</word>
            <lemma>series</lemma>
            <CharacterOffsetBegin>1673</CharacterOffsetBegin>
            <CharacterOffsetEnd>1679</CharacterOffsetEnd>
            <POS>NN</POS>
          </token>
          <token id="38">
            <word>of</word>
            <lemma>of</lemma>
            <CharacterOffsetBegin>1680</CharacterOffsetBegin>
            <CharacterOffsetEnd>1682</CharacterOffsetEnd>
            <POS>IN</POS>
          </token>
          <token id="39">
            <word>subcommittee</word>
            <lemma>subcommittee</lemma>
            <CharacterOffsetBegin>1683</CharacterOffsetBegin>
            <CharacterOffsetEnd>1695</CharacterOffsetEnd>
            <POS>NN</POS>
          </token>
          <token id="40">
            <word>hearings</word>
            <lemma>hearing</lemma>
            <CharacterOffsetBegin>1696</CharacterOffsetBegin>
            <CharacterOffsetEnd>1704</CharacterOffsetEnd>
            <POS>NNS</POS>
          </token>
          <token id="41">
            <word>.</word>
            <lemma>.</lemma>
            <CharacterOffsetBegin>1704</CharacterOffsetBegin>
            <CharacterOffsetEnd>1705</CharacterOffsetEnd>
            <POS>.</POS>
          </token>
        </tokens>
      </sentence>
      <sentence id="10">
        <tokens>
          <token id="1">
            <word>An</word>
            <lemma>a</lemma>
            <CharacterOffsetBegin>1706</CharacterOffsetBegin>
            <CharacterOffsetEnd>1708</CharacterOffsetEnd>
            <POS>DT</POS>
          </token>
          <token id="2">
            <word>all-day</word>
            <lemma>all-day</lemma>
            <CharacterOffsetBegin>1709</CharacterOffsetBegin>
            <CharacterOffsetEnd>1716</CharacterOffsetEnd>
            <POS>JJ</POS>
          </token>
          <token id="3">
            <word>hearing</word>
            <lemma>hearing</lemma>
            <CharacterOffsetBegin>1717</CharacterOffsetBegin>
            <CharacterOffsetEnd>1724</CharacterOffsetEnd>
            <POS>NN</POS>
          </token>
          <token id="4">
            <word>last</word>
            <lemma>last</lemma>
            <CharacterOffsetBegin>1725</CharacterOffsetBegin>
            <CharacterOffsetEnd>1729</CharacterOffsetEnd>
            <POS>JJ</POS>
          </token>
          <token id="5">
            <word>spring</word>
            <lemma>spring</lemma>
            <CharacterOffsetBegin>1730</CharacterOffsetBegin>
            <CharacterOffsetEnd>1736</CharacterOffsetEnd>
            <POS>NN</POS>
          </token>
          <token id="6">
            <word>on</word>
            <lemma>on</lemma>
            <CharacterOffsetBegin>1737</CharacterOffsetBegin>
            <CharacterOffsetEnd>1739</CharacterOffsetEnd>
            <POS>IN</POS>
          </token>
          <token id="7">
            <word>the</word>
            <lemma>the</lemma>
            <CharacterOffsetBegin>1740</CharacterOffsetBegin>
            <CharacterOffsetEnd>1743</CharacterOffsetEnd>
            <POS>DT</POS>
          </token>
          <token id="8">
            <word>role</word>
            <lemma>role</lemma>
            <CharacterOffsetBegin>1744</CharacterOffsetBegin>
            <CharacterOffsetEnd>1748</CharacterOffsetEnd>
            <POS>NN</POS>
          </token>
          <token id="9">
            <word>Goldman</word>
            <lemma>Goldman</lemma>
            <CharacterOffsetBegin>1749</CharacterOffsetBegin>
            <CharacterOffsetEnd>1756</CharacterOffsetEnd>
            <POS>NNP</POS>
          </token>
          <token id="10">
            <word>played</word>
            <lemma>play</lemma>
            <CharacterOffsetBegin>1757</CharacterOffsetBegin>
            <CharacterOffsetEnd>1763</CharacterOffsetEnd>
            <POS>VBD</POS>
          </token>
          <token id="11">
            <word>in</word>
            <lemma>in</lemma>
            <CharacterOffsetBegin>1764</CharacterOffsetBegin>
            <CharacterOffsetEnd>1766</CharacterOffsetEnd>
            <POS>IN</POS>
          </token>
          <token id="12">
            <word>creating</word>
            <lemma>create</lemma>
            <CharacterOffsetBegin>1767</CharacterOffsetBegin>
            <CharacterOffsetEnd>1775</CharacterOffsetEnd>
            <POS>VBG</POS>
          </token>
          <token id="13">
            <word>and</word>
            <lemma>and</lemma>
            <CharacterOffsetBegin>1776</CharacterOffsetBegin>
            <CharacterOffsetEnd>1779</CharacterOffsetEnd>
            <POS>CC</POS>
          </token>
          <token id="14">
            <word>marketing</word>
            <lemma>market</lemma>
            <CharacterOffsetBegin>1780</CharacterOffsetBegin>
            <CharacterOffsetEnd>1789</CharacterOffsetEnd>
            <POS>VBG</POS>
          </token>
          <token id="15">
            <word>several</word>
            <lemma>several</lemma>
            <CharacterOffsetBegin>1790</CharacterOffsetBegin>
            <CharacterOffsetEnd>1797</CharacterOffsetEnd>
            <POS>JJ</POS>
          </token>
          <token id="16">
            <word>CDOs</word>
            <lemma>cdo</lemma>
            <CharacterOffsetBegin>1798</CharacterOffsetBegin>
            <CharacterOffsetEnd>1802</CharacterOffsetEnd>
            <POS>NNS</POS>
          </token>
          <token id="17">
            <word>-</word>
            <lemma>-</lemma>
            <CharacterOffsetBegin>1803</CharacterOffsetBegin>
            <CharacterOffsetEnd>1804</CharacterOffsetEnd>
            <POS>:</POS>
          </token>
          <token id="18">
            <word>complex</word>
            <lemma>complex</lemma>
            <CharacterOffsetBegin>1805</CharacterOffsetBegin>
            <CharacterOffsetEnd>1812</CharacterOffsetEnd>
            <POS>JJ</POS>
          </token>
          <token id="19">
            <word>securities</word>
            <lemma>security</lemma>
            <CharacterOffsetBegin>1813</CharacterOffsetBegin>
            <CharacterOffsetEnd>1823</CharacterOffsetEnd>
            <POS>NNS</POS>
          </token>
          <token id="20">
            <word>constructed</word>
            <lemma>construct</lemma>
            <CharacterOffsetBegin>1824</CharacterOffsetBegin>
            <CharacterOffsetEnd>1835</CharacterOffsetEnd>
            <POS>VBN</POS>
          </token>
          <token id="21">
            <word>from</word>
            <lemma>from</lemma>
            <CharacterOffsetBegin>1836</CharacterOffsetBegin>
            <CharacterOffsetEnd>1840</CharacterOffsetEnd>
            <POS>IN</POS>
          </token>
          <token id="22">
            <word>a</word>
            <lemma>a</lemma>
            <CharacterOffsetBegin>1841</CharacterOffsetBegin>
            <CharacterOffsetEnd>1842</CharacterOffsetEnd>
            <POS>DT</POS>
          </token>
          <token id="23">
            <word>pool</word>
            <lemma>pool</lemma>
            <CharacterOffsetBegin>1843</CharacterOffsetBegin>
            <CharacterOffsetEnd>1847</CharacterOffsetEnd>
            <POS>NN</POS>
          </token>
          <token id="24">
            <word>of</word>
            <lemma>of</lemma>
            <CharacterOffsetBegin>1848</CharacterOffsetBegin>
            <CharacterOffsetEnd>1850</CharacterOffsetEnd>
            <POS>IN</POS>
          </token>
          <token id="25">
            <word>subprime</word>
            <lemma>subprime</lemma>
            <CharacterOffsetBegin>1851</CharacterOffsetBegin>
            <CharacterOffsetEnd>1859</CharacterOffsetEnd>
            <POS>JJ</POS>
          </token>
          <token id="26">
            <word>mortgaged-backed</word>
            <lemma>mortgaged-backed</lemma>
            <CharacterOffsetBegin>1860</CharacterOffsetBegin>
            <CharacterOffsetEnd>1876</CharacterOffsetEnd>
            <POS>JJ</POS>
          </token>
          <token id="27">
            <word>bonds</word>
            <lemma>bond</lemma>
            <CharacterOffsetBegin>1877</CharacterOffsetBegin>
            <CharacterOffsetEnd>1882</CharacterOffsetEnd>
            <POS>NNS</POS>
          </token>
          <token id="28">
            <word>-</word>
            <lemma>-</lemma>
            <CharacterOffsetBegin>1883</CharacterOffsetBegin>
            <CharacterOffsetEnd>1884</CharacterOffsetEnd>
            <POS>:</POS>
          </token>
          <token id="29">
            <word>drew</word>
            <lemma>draw</lemma>
            <CharacterOffsetBegin>1885</CharacterOffsetBegin>
            <CharacterOffsetEnd>1889</CharacterOffsetEnd>
            <POS>VBD</POS>
          </token>
          <token id="30">
            <word>particular</word>
            <lemma>particular</lemma>
            <CharacterOffsetBegin>1890</CharacterOffsetBegin>
            <CharacterOffsetEnd>1900</CharacterOffsetEnd>
            <POS>JJ</POS>
          </token>
          <token id="31">
            <word>attention</word>
            <lemma>attention</lemma>
            <CharacterOffsetBegin>1901</CharacterOffsetBegin>
            <CharacterOffsetEnd>1910</CharacterOffsetEnd>
            <POS>NN</POS>
          </token>
          <token id="32">
            <word>.</word>
            <lemma>.</lemma>
            <CharacterOffsetBegin>1910</CharacterOffsetBegin>
            <CharacterOffsetEnd>1911</CharacterOffsetEnd>
            <POS>.</POS>
          </token>
        </tokens>
      </sentence>
      <sentence id="11">
        <tokens>
          <token id="1">
            <word>A</word>
            <lemma>a</lemma>
            <CharacterOffsetBegin>1912</CharacterOffsetBegin>
            <CharacterOffsetEnd>1913</CharacterOffsetEnd>
            <POS>DT</POS>
          </token>
          <token id="2">
            <word>number</word>
            <lemma>number</lemma>
            <CharacterOffsetBegin>1914</CharacterOffsetBegin>
            <CharacterOffsetEnd>1920</CharacterOffsetEnd>
            <POS>NN</POS>
          </token>
          <token id="3">
            <word>of</word>
            <lemma>of</lemma>
            <CharacterOffsetBegin>1921</CharacterOffsetBegin>
            <CharacterOffsetEnd>1923</CharacterOffsetEnd>
            <POS>IN</POS>
          </token>
          <token id="4">
            <word>current</word>
            <lemma>current</lemma>
            <CharacterOffsetBegin>1924</CharacterOffsetBegin>
            <CharacterOffsetEnd>1931</CharacterOffsetEnd>
            <POS>JJ</POS>
          </token>
          <token id="5">
            <word>and</word>
            <lemma>and</lemma>
            <CharacterOffsetBegin>1932</CharacterOffsetBegin>
            <CharacterOffsetEnd>1935</CharacterOffsetEnd>
            <POS>CC</POS>
          </token>
          <token id="6">
            <word>former</word>
            <lemma>former</lemma>
            <CharacterOffsetBegin>1936</CharacterOffsetBegin>
            <CharacterOffsetEnd>1942</CharacterOffsetEnd>
            <POS>JJ</POS>
          </token>
          <token id="7">
            <word>Goldman</word>
            <lemma>Goldman</lemma>
            <CharacterOffsetBegin>1943</CharacterOffsetBegin>
            <CharacterOffsetEnd>1950</CharacterOffsetEnd>
            <POS>NNP</POS>
          </token>
          <token id="8">
            <word>executives</word>
            <lemma>executive</lemma>
            <CharacterOffsetBegin>1951</CharacterOffsetBegin>
            <CharacterOffsetEnd>1961</CharacterOffsetEnd>
            <POS>NNS</POS>
          </token>
          <token id="9">
            <word>testified</word>
            <lemma>testify</lemma>
            <CharacterOffsetBegin>1962</CharacterOffsetBegin>
            <CharacterOffsetEnd>1971</CharacterOffsetEnd>
            <POS>VBD</POS>
          </token>
          <token id="10">
            <word>at</word>
            <lemma>at</lemma>
            <CharacterOffsetBegin>1972</CharacterOffsetBegin>
            <CharacterOffsetEnd>1974</CharacterOffsetEnd>
            <POS>IN</POS>
          </token>
          <token id="11">
            <word>the</word>
            <lemma>the</lemma>
            <CharacterOffsetBegin>1975</CharacterOffsetBegin>
            <CharacterOffsetEnd>1978</CharacterOffsetEnd>
            <POS>DT</POS>
          </token>
          <token id="12">
            <word>hearing</word>
            <lemma>hearing</lemma>
            <CharacterOffsetBegin>1979</CharacterOffsetBegin>
            <CharacterOffsetEnd>1986</CharacterOffsetEnd>
            <POS>NN</POS>
          </token>
          <token id="13">
            <word>,</word>
            <lemma>,</lemma>
            <CharacterOffsetBegin>1986</CharacterOffsetBegin>
            <CharacterOffsetEnd>1987</CharacterOffsetEnd>
            <POS>,</POS>
          </token>
          <token id="14">
            <word>including</word>
            <lemma>include</lemma>
            <CharacterOffsetBegin>1988</CharacterOffsetBegin>
            <CharacterOffsetEnd>1997</CharacterOffsetEnd>
            <POS>VBG</POS>
          </token>
          <token id="15">
            <word>Goldman</word>
            <lemma>Goldman</lemma>
            <CharacterOffsetBegin>1998</CharacterOffsetBegin>
            <CharacterOffsetEnd>2005</CharacterOffsetEnd>
            <POS>NNP</POS>
          </token>
          <token id="16">
            <word>CEO</word>
            <lemma>CEO</lemma>
            <CharacterOffsetBegin>2006</CharacterOffsetBegin>
            <CharacterOffsetEnd>2009</CharacterOffsetEnd>
            <POS>NNP</POS>
          </token>
          <token id="17">
            <word>Lloyd</word>
            <lemma>Lloyd</lemma>
            <CharacterOffsetBegin>2010</CharacterOffsetBegin>
            <CharacterOffsetEnd>2015</CharacterOffsetEnd>
            <POS>NNP</POS>
          </token>
          <token id="18">
            <word>Blankfein</word>
            <lemma>Blankfein</lemma>
            <CharacterOffsetBegin>2016</CharacterOffsetBegin>
            <CharacterOffsetEnd>2025</CharacterOffsetEnd>
            <POS>NNP</POS>
          </token>
          <token id="19">
            <word>.</word>
            <lemma>.</lemma>
            <CharacterOffsetBegin>2025</CharacterOffsetBegin>
            <CharacterOffsetEnd>2026</CharacterOffsetEnd>
            <POS>.</POS>
          </token>
        </tokens>
      </sentence>
      <sentence id="12">
        <tokens>
          <token id="1">
            <word>-LRB-</word>
            <lemma>-lrb-</lemma>
            <CharacterOffsetBegin>2027</CharacterOffsetBegin>
            <CharacterOffsetEnd>2028</CharacterOffsetEnd>
            <POS>-LRB-</POS>
          </token>
          <token id="2">
            <word>Editing</word>
            <lemma>editing</lemma>
            <CharacterOffsetBegin>2028</CharacterOffsetBegin>
            <CharacterOffsetEnd>2035</CharacterOffsetEnd>
            <POS>NN</POS>
          </token>
          <token id="3">
            <word>by</word>
            <lemma>by</lemma>
            <CharacterOffsetBegin>2036</CharacterOffsetBegin>
            <CharacterOffsetEnd>2038</CharacterOffsetEnd>
            <POS>IN</POS>
          </token>
          <token id="4">
            <word>Vicki</word>
            <lemma>Vicki</lemma>
            <CharacterOffsetBegin>2039</CharacterOffsetBegin>
            <CharacterOffsetEnd>2044</CharacterOffsetEnd>
            <POS>NNP</POS>
          </token>
          <token id="5">
            <word>Allen</word>
            <lemma>Allen</lemma>
            <CharacterOffsetBegin>2045</CharacterOffsetBegin>
            <CharacterOffsetEnd>2050</CharacterOffsetEnd>
            <POS>NNP</POS>
          </token>
          <token id="6">
            <word>-RRB-</word>
            <lemma>-rrb-</lemma>
            <CharacterOffsetBegin>2050</CharacterOffsetBegin>
            <CharacterOffsetEnd>2051</CharacterOffsetEnd>
            <POS>-RRB-</POS>
          </token>
        </tokens>
      </sentence>
    </sentences>
  </document>
</root>
