<?xml version="1.0" encoding="UTF-8"?>
<?xml-stylesheet href="CoreNLP-to-HTML.xsl" type="text/xsl"?>
<root>
  <document>
    <sentences>
      <sentence id="1">
        <tokens>
          <token id="1">
            <word>Arrest</word>
            <lemma>arrest</lemma>
            <CharacterOffsetBegin>0</CharacterOffsetBegin>
            <CharacterOffsetEnd>6</CharacterOffsetEnd>
            <POS>NN</POS>
          </token>
          <token id="2">
            <word>after</word>
            <lemma>after</lemma>
            <CharacterOffsetBegin>7</CharacterOffsetBegin>
            <CharacterOffsetEnd>12</CharacterOffsetEnd>
            <POS>IN</POS>
          </token>
          <token id="3">
            <word>severed</word>
            <lemma>sever</lemma>
            <CharacterOffsetBegin>13</CharacterOffsetBegin>
            <CharacterOffsetEnd>20</CharacterOffsetEnd>
            <POS>VBN</POS>
          </token>
          <token id="4">
            <word>arm</word>
            <lemma>arm</lemma>
            <CharacterOffsetBegin>21</CharacterOffsetBegin>
            <CharacterOffsetEnd>24</CharacterOffsetEnd>
            <POS>NN</POS>
          </token>
          <token id="5">
            <word>found</word>
            <lemma>find</lemma>
            <CharacterOffsetBegin>25</CharacterOffsetBegin>
            <CharacterOffsetEnd>30</CharacterOffsetEnd>
            <POS>VBN</POS>
          </token>
          <token id="6">
            <word>in</word>
            <lemma>in</lemma>
            <CharacterOffsetBegin>31</CharacterOffsetBegin>
            <CharacterOffsetEnd>33</CharacterOffsetEnd>
            <POS>IN</POS>
          </token>
          <token id="7">
            <word>lake</word>
            <lemma>lake</lemma>
            <CharacterOffsetBegin>34</CharacterOffsetBegin>
            <CharacterOffsetEnd>38</CharacterOffsetEnd>
            <POS>NN</POS>
          </token>
        </tokens>
      </sentence>
      <sentence id="2">
        <tokens>
          <token id="1">
            <word>Police</word>
            <lemma>police</lemma>
            <CharacterOffsetBegin>40</CharacterOffsetBegin>
            <CharacterOffsetEnd>46</CharacterOffsetEnd>
            <POS>NNS</POS>
          </token>
          <token id="2">
            <word>have</word>
            <lemma>have</lemma>
            <CharacterOffsetBegin>47</CharacterOffsetBegin>
            <CharacterOffsetEnd>51</CharacterOffsetEnd>
            <POS>VBP</POS>
          </token>
          <token id="3">
            <word>arrested</word>
            <lemma>arrest</lemma>
            <CharacterOffsetBegin>52</CharacterOffsetBegin>
            <CharacterOffsetEnd>60</CharacterOffsetEnd>
            <POS>VBN</POS>
          </token>
          <token id="4">
            <word>a</word>
            <lemma>a</lemma>
            <CharacterOffsetBegin>61</CharacterOffsetBegin>
            <CharacterOffsetEnd>62</CharacterOffsetEnd>
            <POS>DT</POS>
          </token>
          <token id="5">
            <word>man</word>
            <lemma>man</lemma>
            <CharacterOffsetBegin>63</CharacterOffsetBegin>
            <CharacterOffsetEnd>66</CharacterOffsetEnd>
            <POS>NN</POS>
          </token>
          <token id="6">
            <word>on</word>
            <lemma>on</lemma>
            <CharacterOffsetBegin>67</CharacterOffsetBegin>
            <CharacterOffsetEnd>69</CharacterOffsetEnd>
            <POS>IN</POS>
          </token>
          <token id="7">
            <word>suspicion</word>
            <lemma>suspicion</lemma>
            <CharacterOffsetBegin>70</CharacterOffsetBegin>
            <CharacterOffsetEnd>79</CharacterOffsetEnd>
            <POS>NN</POS>
          </token>
          <token id="8">
            <word>of</word>
            <lemma>of</lemma>
            <CharacterOffsetBegin>80</CharacterOffsetBegin>
            <CharacterOffsetEnd>82</CharacterOffsetEnd>
            <POS>IN</POS>
          </token>
          <token id="9">
            <word>murder</word>
            <lemma>murder</lemma>
            <CharacterOffsetBegin>83</CharacterOffsetBegin>
            <CharacterOffsetEnd>89</CharacterOffsetEnd>
            <POS>NN</POS>
          </token>
          <token id="10">
            <word>after</word>
            <lemma>after</lemma>
            <CharacterOffsetBegin>90</CharacterOffsetBegin>
            <CharacterOffsetEnd>95</CharacterOffsetEnd>
            <POS>IN</POS>
          </token>
          <token id="11">
            <word>fishermen</word>
            <lemma>fisherman</lemma>
            <CharacterOffsetBegin>96</CharacterOffsetBegin>
            <CharacterOffsetEnd>105</CharacterOffsetEnd>
            <POS>NNS</POS>
          </token>
          <token id="12">
            <word>found</word>
            <lemma>find</lemma>
            <CharacterOffsetBegin>106</CharacterOffsetBegin>
            <CharacterOffsetEnd>111</CharacterOffsetEnd>
            <POS>VBD</POS>
          </token>
          <token id="13">
            <word>a</word>
            <lemma>a</lemma>
            <CharacterOffsetBegin>112</CharacterOffsetBegin>
            <CharacterOffsetEnd>113</CharacterOffsetEnd>
            <POS>DT</POS>
          </token>
          <token id="14">
            <word>severed</word>
            <lemma>sever</lemma>
            <CharacterOffsetBegin>114</CharacterOffsetBegin>
            <CharacterOffsetEnd>121</CharacterOffsetEnd>
            <POS>VBN</POS>
          </token>
          <token id="15">
            <word>arm</word>
            <lemma>arm</lemma>
            <CharacterOffsetBegin>122</CharacterOffsetBegin>
            <CharacterOffsetEnd>125</CharacterOffsetEnd>
            <POS>NN</POS>
          </token>
          <token id="16">
            <word>in</word>
            <lemma>in</lemma>
            <CharacterOffsetBegin>126</CharacterOffsetBegin>
            <CharacterOffsetEnd>128</CharacterOffsetEnd>
            <POS>IN</POS>
          </token>
          <token id="17">
            <word>a</word>
            <lemma>a</lemma>
            <CharacterOffsetBegin>129</CharacterOffsetBegin>
            <CharacterOffsetEnd>130</CharacterOffsetEnd>
            <POS>DT</POS>
          </token>
          <token id="18">
            <word>lake</word>
            <lemma>lake</lemma>
            <CharacterOffsetBegin>131</CharacterOffsetBegin>
            <CharacterOffsetEnd>135</CharacterOffsetEnd>
            <POS>NN</POS>
          </token>
          <token id="19">
            <word>.</word>
            <lemma>.</lemma>
            <CharacterOffsetBegin>135</CharacterOffsetBegin>
            <CharacterOffsetEnd>136</CharacterOffsetEnd>
            <POS>.</POS>
          </token>
        </tokens>
      </sentence>
      <sentence id="3">
        <tokens>
          <token id="1">
            <word>The</word>
            <lemma>the</lemma>
            <CharacterOffsetBegin>137</CharacterOffsetBegin>
            <CharacterOffsetEnd>140</CharacterOffsetEnd>
            <POS>DT</POS>
          </token>
          <token id="2">
            <word>arm</word>
            <lemma>arm</lemma>
            <CharacterOffsetBegin>141</CharacterOffsetBegin>
            <CharacterOffsetEnd>144</CharacterOffsetEnd>
            <POS>NN</POS>
          </token>
          <token id="3">
            <word>,</word>
            <lemma>,</lemma>
            <CharacterOffsetBegin>144</CharacterOffsetBegin>
            <CharacterOffsetEnd>145</CharacterOffsetEnd>
            <POS>,</POS>
          </token>
          <token id="4">
            <word>which</word>
            <lemma>which</lemma>
            <CharacterOffsetBegin>146</CharacterOffsetBegin>
            <CharacterOffsetEnd>151</CharacterOffsetEnd>
            <POS>WDT</POS>
          </token>
          <token id="5">
            <word>police</word>
            <lemma>police</lemma>
            <CharacterOffsetBegin>152</CharacterOffsetBegin>
            <CharacterOffsetEnd>158</CharacterOffsetEnd>
            <POS>NN</POS>
          </token>
          <token id="6">
            <word>confirmed</word>
            <lemma>confirm</lemma>
            <CharacterOffsetBegin>159</CharacterOffsetBegin>
            <CharacterOffsetEnd>168</CharacterOffsetEnd>
            <POS>VBD</POS>
          </token>
          <token id="7">
            <word>belonged</word>
            <lemma>belong</lemma>
            <CharacterOffsetBegin>169</CharacterOffsetBegin>
            <CharacterOffsetEnd>177</CharacterOffsetEnd>
            <POS>VBN</POS>
          </token>
          <token id="8">
            <word>to</word>
            <lemma>to</lemma>
            <CharacterOffsetBegin>178</CharacterOffsetBegin>
            <CharacterOffsetEnd>180</CharacterOffsetEnd>
            <POS>TO</POS>
          </token>
          <token id="9">
            <word>a</word>
            <lemma>a</lemma>
            <CharacterOffsetBegin>181</CharacterOffsetBegin>
            <CharacterOffsetEnd>182</CharacterOffsetEnd>
            <POS>DT</POS>
          </token>
          <token id="10">
            <word>man</word>
            <lemma>man</lemma>
            <CharacterOffsetBegin>183</CharacterOffsetBegin>
            <CharacterOffsetEnd>186</CharacterOffsetEnd>
            <POS>NN</POS>
          </token>
          <token id="11">
            <word>,</word>
            <lemma>,</lemma>
            <CharacterOffsetBegin>186</CharacterOffsetBegin>
            <CharacterOffsetEnd>187</CharacterOffsetEnd>
            <POS>,</POS>
          </token>
          <token id="12">
            <word>was</word>
            <lemma>be</lemma>
            <CharacterOffsetBegin>188</CharacterOffsetBegin>
            <CharacterOffsetEnd>191</CharacterOffsetEnd>
            <POS>VBD</POS>
          </token>
          <token id="13">
            <word>discovered</word>
            <lemma>discover</lemma>
            <CharacterOffsetBegin>192</CharacterOffsetBegin>
            <CharacterOffsetEnd>202</CharacterOffsetEnd>
            <POS>VBN</POS>
          </token>
          <token id="14">
            <word>at</word>
            <lemma>at</lemma>
            <CharacterOffsetBegin>203</CharacterOffsetBegin>
            <CharacterOffsetEnd>205</CharacterOffsetEnd>
            <POS>IN</POS>
          </token>
          <token id="15">
            <word>2.50</word>
            <lemma>2.50</lemma>
            <CharacterOffsetBegin>206</CharacterOffsetBegin>
            <CharacterOffsetEnd>210</CharacterOffsetEnd>
            <POS>CD</POS>
          </token>
          <token id="16">
            <word>pm</word>
            <lemma>pm</lemma>
            <CharacterOffsetBegin>210</CharacterOffsetBegin>
            <CharacterOffsetEnd>212</CharacterOffsetEnd>
            <POS>NN</POS>
          </token>
          <token id="17">
            <word>on</word>
            <lemma>on</lemma>
            <CharacterOffsetBegin>213</CharacterOffsetBegin>
            <CharacterOffsetEnd>215</CharacterOffsetEnd>
            <POS>IN</POS>
          </token>
          <token id="18">
            <word>Thursday</word>
            <lemma>Thursday</lemma>
            <CharacterOffsetBegin>216</CharacterOffsetBegin>
            <CharacterOffsetEnd>224</CharacterOffsetEnd>
            <POS>NNP</POS>
          </token>
          <token id="19">
            <word>at</word>
            <lemma>at</lemma>
            <CharacterOffsetBegin>225</CharacterOffsetBegin>
            <CharacterOffsetEnd>227</CharacterOffsetEnd>
            <POS>IN</POS>
          </token>
          <token id="20">
            <word>a</word>
            <lemma>a</lemma>
            <CharacterOffsetBegin>228</CharacterOffsetBegin>
            <CharacterOffsetEnd>229</CharacterOffsetEnd>
            <POS>DT</POS>
          </token>
          <token id="21">
            <word>lake</word>
            <lemma>lake</lemma>
            <CharacterOffsetBegin>230</CharacterOffsetBegin>
            <CharacterOffsetEnd>234</CharacterOffsetEnd>
            <POS>NN</POS>
          </token>
          <token id="22">
            <word>off</word>
            <lemma>off</lemma>
            <CharacterOffsetBegin>235</CharacterOffsetBegin>
            <CharacterOffsetEnd>238</CharacterOffsetEnd>
            <POS>IN</POS>
          </token>
          <token id="23">
            <word>Roding</word>
            <lemma>Roding</lemma>
            <CharacterOffsetBegin>239</CharacterOffsetBegin>
            <CharacterOffsetEnd>245</CharacterOffsetEnd>
            <POS>NNP</POS>
          </token>
          <token id="24">
            <word>Lane</word>
            <lemma>Lane</lemma>
            <CharacterOffsetBegin>246</CharacterOffsetBegin>
            <CharacterOffsetEnd>250</CharacterOffsetEnd>
            <POS>NNP</POS>
          </token>
          <token id="25">
            <word>in</word>
            <lemma>in</lemma>
            <CharacterOffsetBegin>251</CharacterOffsetBegin>
            <CharacterOffsetEnd>253</CharacterOffsetEnd>
            <POS>IN</POS>
          </token>
          <token id="26">
            <word>Buckhurst</word>
            <lemma>Buckhurst</lemma>
            <CharacterOffsetBegin>254</CharacterOffsetBegin>
            <CharacterOffsetEnd>263</CharacterOffsetEnd>
            <POS>NNP</POS>
          </token>
          <token id="27">
            <word>Hill</word>
            <lemma>Hill</lemma>
            <CharacterOffsetBegin>264</CharacterOffsetBegin>
            <CharacterOffsetEnd>268</CharacterOffsetEnd>
            <POS>NNP</POS>
          </token>
          <token id="28">
            <word>,</word>
            <lemma>,</lemma>
            <CharacterOffsetBegin>268</CharacterOffsetBegin>
            <CharacterOffsetEnd>269</CharacterOffsetEnd>
            <POS>,</POS>
          </token>
          <token id="29">
            <word>Essex</word>
            <lemma>Essex</lemma>
            <CharacterOffsetBegin>270</CharacterOffsetBegin>
            <CharacterOffsetEnd>275</CharacterOffsetEnd>
            <POS>NNP</POS>
          </token>
          <token id="30">
            <word>.</word>
            <lemma>.</lemma>
            <CharacterOffsetBegin>275</CharacterOffsetBegin>
            <CharacterOffsetEnd>276</CharacterOffsetEnd>
            <POS>.</POS>
          </token>
        </tokens>
      </sentence>
      <sentence id="4">
        <tokens>
          <token id="1">
            <word>A</word>
            <lemma>a</lemma>
            <CharacterOffsetBegin>277</CharacterOffsetBegin>
            <CharacterOffsetEnd>278</CharacterOffsetEnd>
            <POS>DT</POS>
          </token>
          <token id="2">
            <word>police</word>
            <lemma>police</lemma>
            <CharacterOffsetBegin>279</CharacterOffsetBegin>
            <CharacterOffsetEnd>285</CharacterOffsetEnd>
            <POS>NN</POS>
          </token>
          <token id="3">
            <word>spokesman</word>
            <lemma>spokesman</lemma>
            <CharacterOffsetBegin>286</CharacterOffsetBegin>
            <CharacterOffsetEnd>295</CharacterOffsetEnd>
            <POS>NN</POS>
          </token>
          <token id="4">
            <word>said</word>
            <lemma>say</lemma>
            <CharacterOffsetBegin>296</CharacterOffsetBegin>
            <CharacterOffsetEnd>300</CharacterOffsetEnd>
            <POS>VBD</POS>
          </token>
          <token id="5">
            <word>:</word>
            <lemma>:</lemma>
            <CharacterOffsetBegin>300</CharacterOffsetBegin>
            <CharacterOffsetEnd>301</CharacterOffsetEnd>
            <POS>:</POS>
          </token>
          <token id="6">
            <word>''</word>
            <lemma>''</lemma>
            <CharacterOffsetBegin>302</CharacterOffsetBegin>
            <CharacterOffsetEnd>303</CharacterOffsetEnd>
            <POS>''</POS>
          </token>
          <token id="7">
            <word>``</word>
            <lemma>``</lemma>
            <CharacterOffsetBegin>303</CharacterOffsetBegin>
            <CharacterOffsetEnd>304</CharacterOffsetEnd>
            <POS>``</POS>
          </token>
          <token id="8">
            <word>A</word>
            <lemma>a</lemma>
            <CharacterOffsetBegin>304</CharacterOffsetBegin>
            <CharacterOffsetEnd>305</CharacterOffsetEnd>
            <POS>DT</POS>
          </token>
          <token id="9">
            <word>53-year-old</word>
            <lemma>53-year-old</lemma>
            <CharacterOffsetBegin>306</CharacterOffsetBegin>
            <CharacterOffsetEnd>317</CharacterOffsetEnd>
            <POS>JJ</POS>
          </token>
          <token id="10">
            <word>man</word>
            <lemma>man</lemma>
            <CharacterOffsetBegin>318</CharacterOffsetBegin>
            <CharacterOffsetEnd>321</CharacterOffsetEnd>
            <POS>NN</POS>
          </token>
          <token id="11">
            <word>was</word>
            <lemma>be</lemma>
            <CharacterOffsetBegin>322</CharacterOffsetBegin>
            <CharacterOffsetEnd>325</CharacterOffsetEnd>
            <POS>VBD</POS>
          </token>
          <token id="12">
            <word>last</word>
            <lemma>last</lemma>
            <CharacterOffsetBegin>326</CharacterOffsetBegin>
            <CharacterOffsetEnd>330</CharacterOffsetEnd>
            <POS>JJ</POS>
          </token>
          <token id="13">
            <word>night</word>
            <lemma>night</lemma>
            <CharacterOffsetBegin>331</CharacterOffsetBegin>
            <CharacterOffsetEnd>336</CharacterOffsetEnd>
            <POS>NN</POS>
          </token>
          <token id="14">
            <word>-LSB-</word>
            <lemma>-lsb-</lemma>
            <CharacterOffsetBegin>337</CharacterOffsetBegin>
            <CharacterOffsetEnd>338</CharacterOffsetEnd>
            <POS>-LRB-</POS>
          </token>
          <token id="15">
            <word>Friday</word>
            <lemma>Friday</lemma>
            <CharacterOffsetBegin>338</CharacterOffsetBegin>
            <CharacterOffsetEnd>344</CharacterOffsetEnd>
            <POS>NNP</POS>
          </token>
          <token id="16">
            <word>-RSB-</word>
            <lemma>-rsb-</lemma>
            <CharacterOffsetBegin>344</CharacterOffsetBegin>
            <CharacterOffsetEnd>345</CharacterOffsetEnd>
            <POS>-RRB-</POS>
          </token>
          <token id="17">
            <word>arrested</word>
            <lemma>arrest</lemma>
            <CharacterOffsetBegin>346</CharacterOffsetBegin>
            <CharacterOffsetEnd>354</CharacterOffsetEnd>
            <POS>VBN</POS>
          </token>
          <token id="18">
            <word>on</word>
            <lemma>on</lemma>
            <CharacterOffsetBegin>355</CharacterOffsetBegin>
            <CharacterOffsetEnd>357</CharacterOffsetEnd>
            <POS>IN</POS>
          </token>
          <token id="19">
            <word>suspicion</word>
            <lemma>suspicion</lemma>
            <CharacterOffsetBegin>358</CharacterOffsetBegin>
            <CharacterOffsetEnd>367</CharacterOffsetEnd>
            <POS>NN</POS>
          </token>
          <token id="20">
            <word>of</word>
            <lemma>of</lemma>
            <CharacterOffsetBegin>368</CharacterOffsetBegin>
            <CharacterOffsetEnd>370</CharacterOffsetEnd>
            <POS>IN</POS>
          </token>
          <token id="21">
            <word>murder</word>
            <lemma>murder</lemma>
            <CharacterOffsetBegin>371</CharacterOffsetBegin>
            <CharacterOffsetEnd>377</CharacterOffsetEnd>
            <POS>NN</POS>
          </token>
          <token id="22">
            <word>in</word>
            <lemma>in</lemma>
            <CharacterOffsetBegin>378</CharacterOffsetBegin>
            <CharacterOffsetEnd>380</CharacterOffsetEnd>
            <POS>IN</POS>
          </token>
          <token id="23">
            <word>connection</word>
            <lemma>connection</lemma>
            <CharacterOffsetBegin>381</CharacterOffsetBegin>
            <CharacterOffsetEnd>391</CharacterOffsetEnd>
            <POS>NN</POS>
          </token>
          <token id="24">
            <word>with</word>
            <lemma>with</lemma>
            <CharacterOffsetBegin>392</CharacterOffsetBegin>
            <CharacterOffsetEnd>396</CharacterOffsetEnd>
            <POS>IN</POS>
          </token>
          <token id="25">
            <word>the</word>
            <lemma>the</lemma>
            <CharacterOffsetBegin>397</CharacterOffsetBegin>
            <CharacterOffsetEnd>400</CharacterOffsetEnd>
            <POS>DT</POS>
          </token>
          <token id="26">
            <word>discovery</word>
            <lemma>discovery</lemma>
            <CharacterOffsetBegin>401</CharacterOffsetBegin>
            <CharacterOffsetEnd>410</CharacterOffsetEnd>
            <POS>NN</POS>
          </token>
          <token id="27">
            <word>of</word>
            <lemma>of</lemma>
            <CharacterOffsetBegin>411</CharacterOffsetBegin>
            <CharacterOffsetEnd>413</CharacterOffsetEnd>
            <POS>IN</POS>
          </token>
          <token id="28">
            <word>a</word>
            <lemma>a</lemma>
            <CharacterOffsetBegin>414</CharacterOffsetBegin>
            <CharacterOffsetEnd>415</CharacterOffsetEnd>
            <POS>DT</POS>
          </token>
          <token id="29">
            <word>severed</word>
            <lemma>sever</lemma>
            <CharacterOffsetBegin>416</CharacterOffsetBegin>
            <CharacterOffsetEnd>423</CharacterOffsetEnd>
            <POS>VBN</POS>
          </token>
          <token id="30">
            <word>arm</word>
            <lemma>arm</lemma>
            <CharacterOffsetBegin>424</CharacterOffsetBegin>
            <CharacterOffsetEnd>427</CharacterOffsetEnd>
            <POS>NN</POS>
          </token>
          <token id="31">
            <word>.</word>
            <lemma>.</lemma>
            <CharacterOffsetBegin>427</CharacterOffsetBegin>
            <CharacterOffsetEnd>428</CharacterOffsetEnd>
            <POS>.</POS>
          </token>
          <token id="32">
            <word>''</word>
            <lemma>''</lemma>
            <CharacterOffsetBegin>429</CharacterOffsetBegin>
            <CharacterOffsetEnd>430</CharacterOffsetEnd>
            <POS>''</POS>
          </token>
        </tokens>
      </sentence>
      <sentence id="5">
        <tokens>
          <token id="1">
            <word>``</word>
            <lemma>``</lemma>
            <CharacterOffsetBegin>430</CharacterOffsetBegin>
            <CharacterOffsetEnd>431</CharacterOffsetEnd>
            <POS>``</POS>
          </token>
          <token id="2">
            <word>The</word>
            <lemma>the</lemma>
            <CharacterOffsetBegin>431</CharacterOffsetBegin>
            <CharacterOffsetEnd>434</CharacterOffsetEnd>
            <POS>DT</POS>
          </token>
          <token id="3">
            <word>53-year-old</word>
            <lemma>53-year-old</lemma>
            <CharacterOffsetBegin>435</CharacterOffsetBegin>
            <CharacterOffsetEnd>446</CharacterOffsetEnd>
            <POS>JJ</POS>
          </token>
          <token id="4">
            <word>man</word>
            <lemma>man</lemma>
            <CharacterOffsetBegin>447</CharacterOffsetBegin>
            <CharacterOffsetEnd>450</CharacterOffsetEnd>
            <POS>NN</POS>
          </token>
          <token id="5">
            <word>remains</word>
            <lemma>remain</lemma>
            <CharacterOffsetBegin>451</CharacterOffsetBegin>
            <CharacterOffsetEnd>458</CharacterOffsetEnd>
            <POS>VBZ</POS>
          </token>
          <token id="6">
            <word>in</word>
            <lemma>in</lemma>
            <CharacterOffsetBegin>459</CharacterOffsetBegin>
            <CharacterOffsetEnd>461</CharacterOffsetEnd>
            <POS>IN</POS>
          </token>
          <token id="7">
            <word>police</word>
            <lemma>police</lemma>
            <CharacterOffsetBegin>462</CharacterOffsetBegin>
            <CharacterOffsetEnd>468</CharacterOffsetEnd>
            <POS>NN</POS>
          </token>
          <token id="8">
            <word>custody</word>
            <lemma>custody</lemma>
            <CharacterOffsetBegin>469</CharacterOffsetBegin>
            <CharacterOffsetEnd>476</CharacterOffsetEnd>
            <POS>NN</POS>
          </token>
          <token id="9">
            <word>.</word>
            <lemma>.</lemma>
            <CharacterOffsetBegin>476</CharacterOffsetBegin>
            <CharacterOffsetEnd>477</CharacterOffsetEnd>
            <POS>.</POS>
          </token>
          <token id="10">
            <word>''</word>
            <lemma>''</lemma>
            <CharacterOffsetBegin>478</CharacterOffsetBegin>
            <CharacterOffsetEnd>479</CharacterOffsetEnd>
            <POS>''</POS>
          </token>
        </tokens>
      </sentence>
      <sentence id="6">
        <tokens>
          <token id="1">
            <word>``</word>
            <lemma>``</lemma>
            <CharacterOffsetBegin>479</CharacterOffsetBegin>
            <CharacterOffsetEnd>480</CharacterOffsetEnd>
            <POS>``</POS>
          </token>
          <token id="2">
            <word>Police</word>
            <lemma>police</lemma>
            <CharacterOffsetBegin>480</CharacterOffsetBegin>
            <CharacterOffsetEnd>486</CharacterOffsetEnd>
            <POS>NNS</POS>
          </token>
          <token id="3">
            <word>are</word>
            <lemma>be</lemma>
            <CharacterOffsetBegin>487</CharacterOffsetBegin>
            <CharacterOffsetEnd>490</CharacterOffsetEnd>
            <POS>VBP</POS>
          </token>
          <token id="4">
            <word>continuing</word>
            <lemma>continue</lemma>
            <CharacterOffsetBegin>491</CharacterOffsetBegin>
            <CharacterOffsetEnd>501</CharacterOffsetEnd>
            <POS>VBG</POS>
          </token>
          <token id="5">
            <word>to</word>
            <lemma>to</lemma>
            <CharacterOffsetBegin>502</CharacterOffsetBegin>
            <CharacterOffsetEnd>504</CharacterOffsetEnd>
            <POS>TO</POS>
          </token>
          <token id="6">
            <word>appeal</word>
            <lemma>appeal</lemma>
            <CharacterOffsetBegin>505</CharacterOffsetBegin>
            <CharacterOffsetEnd>511</CharacterOffsetEnd>
            <POS>VB</POS>
          </token>
          <token id="7">
            <word>to</word>
            <lemma>to</lemma>
            <CharacterOffsetBegin>512</CharacterOffsetBegin>
            <CharacterOffsetEnd>514</CharacterOffsetEnd>
            <POS>TO</POS>
          </token>
          <token id="8">
            <word>anyone</word>
            <lemma>anyone</lemma>
            <CharacterOffsetBegin>515</CharacterOffsetBegin>
            <CharacterOffsetEnd>521</CharacterOffsetEnd>
            <POS>NN</POS>
          </token>
          <token id="9">
            <word>who</word>
            <lemma>who</lemma>
            <CharacterOffsetBegin>522</CharacterOffsetBegin>
            <CharacterOffsetEnd>525</CharacterOffsetEnd>
            <POS>WP</POS>
          </token>
          <token id="10">
            <word>may</word>
            <lemma>may</lemma>
            <CharacterOffsetBegin>526</CharacterOffsetBegin>
            <CharacterOffsetEnd>529</CharacterOffsetEnd>
            <POS>MD</POS>
          </token>
          <token id="11">
            <word>have</word>
            <lemma>have</lemma>
            <CharacterOffsetBegin>530</CharacterOffsetBegin>
            <CharacterOffsetEnd>534</CharacterOffsetEnd>
            <POS>VB</POS>
          </token>
          <token id="12">
            <word>any</word>
            <lemma>any</lemma>
            <CharacterOffsetBegin>535</CharacterOffsetBegin>
            <CharacterOffsetEnd>538</CharacterOffsetEnd>
            <POS>DT</POS>
          </token>
          <token id="13">
            <word>information</word>
            <lemma>information</lemma>
            <CharacterOffsetBegin>539</CharacterOffsetBegin>
            <CharacterOffsetEnd>550</CharacterOffsetEnd>
            <POS>NN</POS>
          </token>
          <token id="14">
            <word>to</word>
            <lemma>to</lemma>
            <CharacterOffsetBegin>551</CharacterOffsetBegin>
            <CharacterOffsetEnd>553</CharacterOffsetEnd>
            <POS>TO</POS>
          </token>
          <token id="15">
            <word>contact</word>
            <lemma>contact</lemma>
            <CharacterOffsetBegin>554</CharacterOffsetBegin>
            <CharacterOffsetEnd>561</CharacterOffsetEnd>
            <POS>VB</POS>
          </token>
          <token id="16">
            <word>them</word>
            <lemma>they</lemma>
            <CharacterOffsetBegin>562</CharacterOffsetBegin>
            <CharacterOffsetEnd>566</CharacterOffsetEnd>
            <POS>PRP</POS>
          </token>
          <token id="17">
            <word>at</word>
            <lemma>at</lemma>
            <CharacterOffsetBegin>567</CharacterOffsetBegin>
            <CharacterOffsetEnd>569</CharacterOffsetEnd>
            <POS>IN</POS>
          </token>
          <token id="18">
            <word>their</word>
            <lemma>they</lemma>
            <CharacterOffsetBegin>570</CharacterOffsetBegin>
            <CharacterOffsetEnd>575</CharacterOffsetEnd>
            <POS>PRP$</POS>
          </token>
          <token id="19">
            <word>Harlow</word>
            <lemma>Harlow</lemma>
            <CharacterOffsetBegin>576</CharacterOffsetBegin>
            <CharacterOffsetEnd>582</CharacterOffsetEnd>
            <POS>NNP</POS>
          </token>
          <token id="20">
            <word>major</word>
            <lemma>major</lemma>
            <CharacterOffsetBegin>583</CharacterOffsetBegin>
            <CharacterOffsetEnd>588</CharacterOffsetEnd>
            <POS>JJ</POS>
          </token>
          <token id="21">
            <word>investigation</word>
            <lemma>investigation</lemma>
            <CharacterOffsetBegin>589</CharacterOffsetBegin>
            <CharacterOffsetEnd>602</CharacterOffsetEnd>
            <POS>NN</POS>
          </token>
          <token id="22">
            <word>team</word>
            <lemma>team</lemma>
            <CharacterOffsetBegin>603</CharacterOffsetBegin>
            <CharacterOffsetEnd>607</CharacterOffsetEnd>
            <POS>NN</POS>
          </token>
          <token id="23">
            <word>on</word>
            <lemma>on</lemma>
            <CharacterOffsetBegin>608</CharacterOffsetBegin>
            <CharacterOffsetEnd>610</CharacterOffsetEnd>
            <POS>IN</POS>
          </token>
          <token id="24">
            <word>0300 333 4444</word>
            <lemma>0300 333 4444</lemma>
            <CharacterOffsetBegin>611</CharacterOffsetBegin>
            <CharacterOffsetEnd>624</CharacterOffsetEnd>
            <POS>CD</POS>
          </token>
          <token id="25">
            <word>.</word>
            <lemma>.</lemma>
            <CharacterOffsetBegin>624</CharacterOffsetBegin>
            <CharacterOffsetEnd>625</CharacterOffsetEnd>
            <POS>.</POS>
          </token>
          <token id="26">
            <word>''</word>
            <lemma>''</lemma>
            <CharacterOffsetBegin>625</CharacterOffsetBegin>
            <CharacterOffsetEnd>626</CharacterOffsetEnd>
            <POS>''</POS>
          </token>
          <token id="27">
            <word>''</word>
            <lemma>''</lemma>
            <CharacterOffsetBegin>626</CharacterOffsetBegin>
            <CharacterOffsetEnd>627</CharacterOffsetEnd>
            <POS>''</POS>
          </token>
        </tokens>
      </sentence>
      <sentence id="7">
        <tokens>
          <token id="1">
            <word>He</word>
            <lemma>he</lemma>
            <CharacterOffsetBegin>628</CharacterOffsetBegin>
            <CharacterOffsetEnd>630</CharacterOffsetEnd>
            <POS>PRP</POS>
          </token>
          <token id="2">
            <word>added</word>
            <lemma>add</lemma>
            <CharacterOffsetBegin>631</CharacterOffsetBegin>
            <CharacterOffsetEnd>636</CharacterOffsetEnd>
            <POS>VBD</POS>
          </token>
          <token id="3">
            <word>that</word>
            <lemma>that</lemma>
            <CharacterOffsetBegin>637</CharacterOffsetBegin>
            <CharacterOffsetEnd>641</CharacterOffsetEnd>
            <POS>IN</POS>
          </token>
          <token id="4">
            <word>they</word>
            <lemma>they</lemma>
            <CharacterOffsetBegin>642</CharacterOffsetBegin>
            <CharacterOffsetEnd>646</CharacterOffsetEnd>
            <POS>PRP</POS>
          </token>
          <token id="5">
            <word>hoped</word>
            <lemma>hope</lemma>
            <CharacterOffsetBegin>647</CharacterOffsetBegin>
            <CharacterOffsetEnd>652</CharacterOffsetEnd>
            <POS>VBD</POS>
          </token>
          <token id="6">
            <word>to</word>
            <lemma>to</lemma>
            <CharacterOffsetBegin>653</CharacterOffsetBegin>
            <CharacterOffsetEnd>655</CharacterOffsetEnd>
            <POS>TO</POS>
          </token>
          <token id="7">
            <word>name</word>
            <lemma>name</lemma>
            <CharacterOffsetBegin>656</CharacterOffsetBegin>
            <CharacterOffsetEnd>660</CharacterOffsetEnd>
            <POS>VB</POS>
          </token>
          <token id="8">
            <word>the</word>
            <lemma>the</lemma>
            <CharacterOffsetBegin>661</CharacterOffsetBegin>
            <CharacterOffsetEnd>664</CharacterOffsetEnd>
            <POS>DT</POS>
          </token>
          <token id="9">
            <word>victim</word>
            <lemma>victim</lemma>
            <CharacterOffsetBegin>665</CharacterOffsetBegin>
            <CharacterOffsetEnd>671</CharacterOffsetEnd>
            <POS>NN</POS>
          </token>
          <token id="10">
            <word>on</word>
            <lemma>on</lemma>
            <CharacterOffsetBegin>672</CharacterOffsetBegin>
            <CharacterOffsetEnd>674</CharacterOffsetEnd>
            <POS>IN</POS>
          </token>
          <token id="11">
            <word>Saturday</word>
            <lemma>Saturday</lemma>
            <CharacterOffsetBegin>675</CharacterOffsetBegin>
            <CharacterOffsetEnd>683</CharacterOffsetEnd>
            <POS>NNP</POS>
          </token>
          <token id="12">
            <word>afternoon</word>
            <lemma>afternoon</lemma>
            <CharacterOffsetBegin>684</CharacterOffsetBegin>
            <CharacterOffsetEnd>693</CharacterOffsetEnd>
            <POS>NN</POS>
          </token>
          <token id="13">
            <word>.</word>
            <lemma>.</lemma>
            <CharacterOffsetBegin>693</CharacterOffsetBegin>
            <CharacterOffsetEnd>694</CharacterOffsetEnd>
            <POS>.</POS>
          </token>
        </tokens>
      </sentence>
      <sentence id="8">
        <tokens>
          <token id="1">
            <word>The</word>
            <lemma>the</lemma>
            <CharacterOffsetBegin>695</CharacterOffsetBegin>
            <CharacterOffsetEnd>698</CharacterOffsetEnd>
            <POS>DT</POS>
          </token>
          <token id="2">
            <word>area</word>
            <lemma>area</lemma>
            <CharacterOffsetBegin>699</CharacterOffsetBegin>
            <CharacterOffsetEnd>703</CharacterOffsetEnd>
            <POS>NN</POS>
          </token>
          <token id="3">
            <word>surrounding</word>
            <lemma>surround</lemma>
            <CharacterOffsetBegin>704</CharacterOffsetBegin>
            <CharacterOffsetEnd>715</CharacterOffsetEnd>
            <POS>VBG</POS>
          </token>
          <token id="4">
            <word>the</word>
            <lemma>the</lemma>
            <CharacterOffsetBegin>716</CharacterOffsetBegin>
            <CharacterOffsetEnd>719</CharacterOffsetEnd>
            <POS>DT</POS>
          </token>
          <token id="5">
            <word>lake</word>
            <lemma>lake</lemma>
            <CharacterOffsetBegin>720</CharacterOffsetBegin>
            <CharacterOffsetEnd>724</CharacterOffsetEnd>
            <POS>NN</POS>
          </token>
          <token id="6">
            <word>has</word>
            <lemma>have</lemma>
            <CharacterOffsetBegin>725</CharacterOffsetBegin>
            <CharacterOffsetEnd>728</CharacterOffsetEnd>
            <POS>VBZ</POS>
          </token>
          <token id="7">
            <word>been</word>
            <lemma>be</lemma>
            <CharacterOffsetBegin>729</CharacterOffsetBegin>
            <CharacterOffsetEnd>733</CharacterOffsetEnd>
            <POS>VBN</POS>
          </token>
          <token id="8">
            <word>cordoned</word>
            <lemma>cordon</lemma>
            <CharacterOffsetBegin>734</CharacterOffsetBegin>
            <CharacterOffsetEnd>742</CharacterOffsetEnd>
            <POS>VBN</POS>
          </token>
          <token id="9">
            <word>off</word>
            <lemma>off</lemma>
            <CharacterOffsetBegin>743</CharacterOffsetBegin>
            <CharacterOffsetEnd>746</CharacterOffsetEnd>
            <POS>RP</POS>
          </token>
          <token id="10">
            <word>while</word>
            <lemma>while</lemma>
            <CharacterOffsetBegin>747</CharacterOffsetBegin>
            <CharacterOffsetEnd>752</CharacterOffsetEnd>
            <POS>IN</POS>
          </token>
          <token id="11">
            <word>specialist</word>
            <lemma>specialist</lemma>
            <CharacterOffsetBegin>753</CharacterOffsetBegin>
            <CharacterOffsetEnd>763</CharacterOffsetEnd>
            <POS>NN</POS>
          </token>
          <token id="12">
            <word>marine</word>
            <lemma>marine</lemma>
            <CharacterOffsetBegin>764</CharacterOffsetBegin>
            <CharacterOffsetEnd>770</CharacterOffsetEnd>
            <POS>JJ</POS>
          </token>
          <token id="13">
            <word>divers</word>
            <lemma>diver</lemma>
            <CharacterOffsetBegin>771</CharacterOffsetBegin>
            <CharacterOffsetEnd>777</CharacterOffsetEnd>
            <POS>NNS</POS>
          </token>
          <token id="14">
            <word>searched</word>
            <lemma>search</lemma>
            <CharacterOffsetBegin>778</CharacterOffsetBegin>
            <CharacterOffsetEnd>786</CharacterOffsetEnd>
            <POS>VBD</POS>
          </token>
          <token id="15">
            <word>to</word>
            <lemma>to</lemma>
            <CharacterOffsetBegin>787</CharacterOffsetBegin>
            <CharacterOffsetEnd>789</CharacterOffsetEnd>
            <POS>TO</POS>
          </token>
          <token id="16">
            <word>find</word>
            <lemma>find</lemma>
            <CharacterOffsetBegin>790</CharacterOffsetBegin>
            <CharacterOffsetEnd>794</CharacterOffsetEnd>
            <POS>VB</POS>
          </token>
          <token id="17">
            <word>the</word>
            <lemma>the</lemma>
            <CharacterOffsetBegin>795</CharacterOffsetBegin>
            <CharacterOffsetEnd>798</CharacterOffsetEnd>
            <POS>DT</POS>
          </token>
          <token id="18">
            <word>rest</word>
            <lemma>rest</lemma>
            <CharacterOffsetBegin>799</CharacterOffsetBegin>
            <CharacterOffsetEnd>803</CharacterOffsetEnd>
            <POS>NN</POS>
          </token>
          <token id="19">
            <word>of</word>
            <lemma>of</lemma>
            <CharacterOffsetBegin>804</CharacterOffsetBegin>
            <CharacterOffsetEnd>806</CharacterOffsetEnd>
            <POS>IN</POS>
          </token>
          <token id="20">
            <word>the</word>
            <lemma>the</lemma>
            <CharacterOffsetBegin>807</CharacterOffsetBegin>
            <CharacterOffsetEnd>810</CharacterOffsetEnd>
            <POS>DT</POS>
          </token>
          <token id="21">
            <word>body</word>
            <lemma>body</lemma>
            <CharacterOffsetBegin>811</CharacterOffsetBegin>
            <CharacterOffsetEnd>815</CharacterOffsetEnd>
            <POS>NN</POS>
          </token>
          <token id="22">
            <word>.</word>
            <lemma>.</lemma>
            <CharacterOffsetBegin>815</CharacterOffsetBegin>
            <CharacterOffsetEnd>816</CharacterOffsetEnd>
            <POS>.</POS>
          </token>
        </tokens>
      </sentence>
    </sentences>
  </document>
</root>
