<?xml version="1.0" encoding="UTF-8"?>
<?xml-stylesheet href="CoreNLP-to-HTML.xsl" type="text/xsl"?>
<root>
  <document>
    <sentences>
      <sentence id="1">
        <tokens>
          <token id="1">
            <word>''</word>
            <lemma>''</lemma>
            <CharacterOffsetBegin>0</CharacterOffsetBegin>
            <CharacterOffsetEnd>1</CharacterOffsetEnd>
            <POS>''</POS>
          </token>
          <token id="2">
            <word>``</word>
            <lemma>``</lemma>
            <CharacterOffsetBegin>1</CharacterOffsetBegin>
            <CharacterOffsetEnd>2</CharacterOffsetEnd>
            <POS>``</POS>
          </token>
          <token id="3">
            <word>Obama</word>
            <lemma>Obama</lemma>
            <CharacterOffsetBegin>2</CharacterOffsetBegin>
            <CharacterOffsetEnd>7</CharacterOffsetEnd>
            <POS>NNP</POS>
          </token>
          <token id="4">
            <word>''</word>
            <lemma>''</lemma>
            <CharacterOffsetBegin>7</CharacterOffsetBegin>
            <CharacterOffsetEnd>8</CharacterOffsetEnd>
            <POS>''</POS>
          </token>
          <token id="5">
            <word>''</word>
            <lemma>''</lemma>
            <CharacterOffsetBegin>8</CharacterOffsetBegin>
            <CharacterOffsetEnd>9</CharacterOffsetEnd>
            <POS>''</POS>
          </token>
          <token id="6">
            <word>robber</word>
            <lemma>robber</lemma>
            <CharacterOffsetBegin>10</CharacterOffsetBegin>
            <CharacterOffsetEnd>16</CharacterOffsetEnd>
            <POS>NN</POS>
          </token>
          <token id="7">
            <word>nabbed</word>
            <lemma>nab</lemma>
            <CharacterOffsetBegin>17</CharacterOffsetBegin>
            <CharacterOffsetEnd>23</CharacterOffsetEnd>
            <POS>VBD</POS>
          </token>
          <token id="8">
            <word>,</word>
            <lemma>,</lemma>
            <CharacterOffsetBegin>23</CharacterOffsetBegin>
            <CharacterOffsetEnd>24</CharacterOffsetEnd>
            <POS>,</POS>
          </token>
          <token id="9">
            <word>say</word>
            <lemma>say</lemma>
            <CharacterOffsetBegin>25</CharacterOffsetBegin>
            <CharacterOffsetEnd>28</CharacterOffsetEnd>
            <POS>VB</POS>
          </token>
          <token id="10">
            <word>Austrian</word>
            <lemma>austrian</lemma>
            <CharacterOffsetBegin>29</CharacterOffsetBegin>
            <CharacterOffsetEnd>37</CharacterOffsetEnd>
            <POS>JJ</POS>
          </token>
          <token id="11">
            <word>officials</word>
            <lemma>official</lemma>
            <CharacterOffsetBegin>38</CharacterOffsetBegin>
            <CharacterOffsetEnd>47</CharacterOffsetEnd>
            <POS>NNS</POS>
          </token>
          <token id="12">
            <word>-</word>
            <lemma>-</lemma>
            <CharacterOffsetBegin>48</CharacterOffsetBegin>
            <CharacterOffsetEnd>49</CharacterOffsetEnd>
            <POS>:</POS>
          </token>
          <token id="13">
            <word>Crimesider</word>
            <lemma>crimesider</lemma>
            <CharacterOffsetBegin>50</CharacterOffsetBegin>
            <CharacterOffsetEnd>60</CharacterOffsetEnd>
            <POS>NN</POS>
          </token>
        </tokens>
      </sentence>
      <sentence id="2">
        <tokens>
          <token id="1">
            <word>-LRB-</word>
            <lemma>-lrb-</lemma>
            <CharacterOffsetBegin>62</CharacterOffsetBegin>
            <CharacterOffsetEnd>63</CharacterOffsetEnd>
            <POS>-LRB-</POS>
          </token>
          <token id="2">
            <word>CBS/AP</word>
            <lemma>cbs/ap</lemma>
            <CharacterOffsetBegin>63</CharacterOffsetBegin>
            <CharacterOffsetEnd>69</CharacterOffsetEnd>
            <POS>NN</POS>
          </token>
          <token id="3">
            <word>-RRB-</word>
            <lemma>-rrb-</lemma>
            <CharacterOffsetBegin>69</CharacterOffsetBegin>
            <CharacterOffsetEnd>70</CharacterOffsetEnd>
            <POS>-RRB-</POS>
          </token>
          <token id="4">
            <word>VIENNA</word>
            <lemma>vienna</lemma>
            <CharacterOffsetBegin>71</CharacterOffsetBegin>
            <CharacterOffsetEnd>77</CharacterOffsetEnd>
            <POS>NN</POS>
          </token>
          <token id="5">
            <word>-</word>
            <lemma>-</lemma>
            <CharacterOffsetBegin>78</CharacterOffsetBegin>
            <CharacterOffsetEnd>79</CharacterOffsetEnd>
            <POS>:</POS>
          </token>
          <token id="6">
            <word>An</word>
            <lemma>a</lemma>
            <CharacterOffsetBegin>80</CharacterOffsetBegin>
            <CharacterOffsetEnd>82</CharacterOffsetEnd>
            <POS>DT</POS>
          </token>
          <token id="7">
            <word>arrest</word>
            <lemma>arrest</lemma>
            <CharacterOffsetBegin>83</CharacterOffsetBegin>
            <CharacterOffsetEnd>89</CharacterOffsetEnd>
            <POS>NN</POS>
          </token>
          <token id="8">
            <word>has</word>
            <lemma>have</lemma>
            <CharacterOffsetBegin>90</CharacterOffsetBegin>
            <CharacterOffsetEnd>93</CharacterOffsetEnd>
            <POS>VBZ</POS>
          </token>
          <token id="9">
            <word>been</word>
            <lemma>be</lemma>
            <CharacterOffsetBegin>94</CharacterOffsetBegin>
            <CharacterOffsetEnd>98</CharacterOffsetEnd>
            <POS>VBN</POS>
          </token>
          <token id="10">
            <word>made</word>
            <lemma>make</lemma>
            <CharacterOffsetBegin>99</CharacterOffsetBegin>
            <CharacterOffsetEnd>103</CharacterOffsetEnd>
            <POS>VBN</POS>
          </token>
          <token id="11">
            <word>in</word>
            <lemma>in</lemma>
            <CharacterOffsetBegin>104</CharacterOffsetBegin>
            <CharacterOffsetEnd>106</CharacterOffsetEnd>
            <POS>IN</POS>
          </token>
          <token id="12">
            <word>a</word>
            <lemma>a</lemma>
            <CharacterOffsetBegin>107</CharacterOffsetBegin>
            <CharacterOffsetEnd>108</CharacterOffsetEnd>
            <POS>DT</POS>
          </token>
          <token id="13">
            <word>string</word>
            <lemma>string</lemma>
            <CharacterOffsetBegin>109</CharacterOffsetBegin>
            <CharacterOffsetEnd>115</CharacterOffsetEnd>
            <POS>NN</POS>
          </token>
          <token id="14">
            <word>of</word>
            <lemma>of</lemma>
            <CharacterOffsetBegin>116</CharacterOffsetBegin>
            <CharacterOffsetEnd>118</CharacterOffsetEnd>
            <POS>IN</POS>
          </token>
          <token id="15">
            <word>bank</word>
            <lemma>bank</lemma>
            <CharacterOffsetBegin>119</CharacterOffsetBegin>
            <CharacterOffsetEnd>123</CharacterOffsetEnd>
            <POS>NN</POS>
          </token>
          <token id="16">
            <word>robberies</word>
            <lemma>robbery</lemma>
            <CharacterOffsetBegin>124</CharacterOffsetBegin>
            <CharacterOffsetEnd>133</CharacterOffsetEnd>
            <POS>NNS</POS>
          </token>
          <token id="17">
            <word>committed</word>
            <lemma>commit</lemma>
            <CharacterOffsetBegin>134</CharacterOffsetBegin>
            <CharacterOffsetEnd>143</CharacterOffsetEnd>
            <POS>VBN</POS>
          </token>
          <token id="18">
            <word>in</word>
            <lemma>in</lemma>
            <CharacterOffsetBegin>144</CharacterOffsetBegin>
            <CharacterOffsetEnd>146</CharacterOffsetEnd>
            <POS>IN</POS>
          </token>
          <token id="19">
            <word>Austria</word>
            <lemma>Austria</lemma>
            <CharacterOffsetBegin>147</CharacterOffsetBegin>
            <CharacterOffsetEnd>154</CharacterOffsetEnd>
            <POS>NNP</POS>
          </token>
          <token id="20">
            <word>,</word>
            <lemma>,</lemma>
            <CharacterOffsetBegin>154</CharacterOffsetBegin>
            <CharacterOffsetEnd>155</CharacterOffsetEnd>
            <POS>,</POS>
          </token>
          <token id="21">
            <word>by</word>
            <lemma>by</lemma>
            <CharacterOffsetBegin>156</CharacterOffsetBegin>
            <CharacterOffsetEnd>158</CharacterOffsetEnd>
            <POS>IN</POS>
          </token>
          <token id="22">
            <word>a</word>
            <lemma>a</lemma>
            <CharacterOffsetBegin>159</CharacterOffsetBegin>
            <CharacterOffsetEnd>160</CharacterOffsetEnd>
            <POS>DT</POS>
          </token>
          <token id="23">
            <word>suspect</word>
            <lemma>suspect</lemma>
            <CharacterOffsetBegin>161</CharacterOffsetBegin>
            <CharacterOffsetEnd>168</CharacterOffsetEnd>
            <POS>JJ</POS>
          </token>
          <token id="24">
            <word>wearing</word>
            <lemma>wear</lemma>
            <CharacterOffsetBegin>169</CharacterOffsetBegin>
            <CharacterOffsetEnd>176</CharacterOffsetEnd>
            <POS>VBG</POS>
          </token>
          <token id="25">
            <word>a</word>
            <lemma>a</lemma>
            <CharacterOffsetBegin>177</CharacterOffsetBegin>
            <CharacterOffsetEnd>178</CharacterOffsetEnd>
            <POS>DT</POS>
          </token>
          <token id="26">
            <word>mask</word>
            <lemma>mask</lemma>
            <CharacterOffsetBegin>179</CharacterOffsetBegin>
            <CharacterOffsetEnd>183</CharacterOffsetEnd>
            <POS>NN</POS>
          </token>
          <token id="27">
            <word>of</word>
            <lemma>of</lemma>
            <CharacterOffsetBegin>184</CharacterOffsetBegin>
            <CharacterOffsetEnd>186</CharacterOffsetEnd>
            <POS>IN</POS>
          </token>
          <token id="28">
            <word>Barack</word>
            <lemma>Barack</lemma>
            <CharacterOffsetBegin>187</CharacterOffsetBegin>
            <CharacterOffsetEnd>193</CharacterOffsetEnd>
            <POS>NNP</POS>
          </token>
          <token id="29">
            <word>Obama</word>
            <lemma>Obama</lemma>
            <CharacterOffsetBegin>194</CharacterOffsetBegin>
            <CharacterOffsetEnd>199</CharacterOffsetEnd>
            <POS>NNP</POS>
          </token>
          <token id="30">
            <word>.</word>
            <lemma>.</lemma>
            <CharacterOffsetBegin>199</CharacterOffsetBegin>
            <CharacterOffsetEnd>200</CharacterOffsetEnd>
            <POS>.</POS>
          </token>
        </tokens>
      </sentence>
      <sentence id="3">
        <tokens>
          <token id="1">
            <word>Pictures</word>
            <lemma>picture</lemma>
            <CharacterOffsetBegin>201</CharacterOffsetBegin>
            <CharacterOffsetEnd>209</CharacterOffsetEnd>
            <POS>NNS</POS>
          </token>
          <token id="2">
            <word>:</word>
            <lemma>:</lemma>
            <CharacterOffsetBegin>209</CharacterOffsetBegin>
            <CharacterOffsetEnd>210</CharacterOffsetEnd>
            <POS>:</POS>
          </token>
          <token id="3">
            <word>Most</word>
            <lemma>most</lemma>
            <CharacterOffsetBegin>211</CharacterOffsetBegin>
            <CharacterOffsetEnd>215</CharacterOffsetEnd>
            <POS>JJS</POS>
          </token>
          <token id="4">
            <word>outrageous</word>
            <lemma>outrageous</lemma>
            <CharacterOffsetBegin>216</CharacterOffsetBegin>
            <CharacterOffsetEnd>226</CharacterOffsetEnd>
            <POS>JJ</POS>
          </token>
          <token id="5">
            <word>bank</word>
            <lemma>bank</lemma>
            <CharacterOffsetBegin>227</CharacterOffsetBegin>
            <CharacterOffsetEnd>231</CharacterOffsetEnd>
            <POS>NN</POS>
          </token>
          <token id="6">
            <word>robbers</word>
            <lemma>robber</lemma>
            <CharacterOffsetBegin>232</CharacterOffsetBegin>
            <CharacterOffsetEnd>239</CharacterOffsetEnd>
            <POS>NNS</POS>
          </token>
          <token id="7">
            <word>Police</word>
            <lemma>police</lemma>
            <CharacterOffsetBegin>240</CharacterOffsetBegin>
            <CharacterOffsetEnd>246</CharacterOffsetEnd>
            <POS>NNS</POS>
          </token>
          <token id="8">
            <word>say</word>
            <lemma>say</lemma>
            <CharacterOffsetBegin>247</CharacterOffsetBegin>
            <CharacterOffsetEnd>250</CharacterOffsetEnd>
            <POS>VBP</POS>
          </token>
          <token id="9">
            <word>the</word>
            <lemma>the</lemma>
            <CharacterOffsetBegin>251</CharacterOffsetBegin>
            <CharacterOffsetEnd>254</CharacterOffsetEnd>
            <POS>DT</POS>
          </token>
          <token id="10">
            <word>45-year-old</word>
            <lemma>45-year-old</lemma>
            <CharacterOffsetBegin>255</CharacterOffsetBegin>
            <CharacterOffsetEnd>266</CharacterOffsetEnd>
            <POS>JJ</POS>
          </token>
          <token id="11">
            <word>German</word>
            <lemma>german</lemma>
            <CharacterOffsetBegin>267</CharacterOffsetBegin>
            <CharacterOffsetEnd>273</CharacterOffsetEnd>
            <POS>JJ</POS>
          </token>
          <token id="12">
            <word>man</word>
            <lemma>man</lemma>
            <CharacterOffsetBegin>274</CharacterOffsetBegin>
            <CharacterOffsetEnd>277</CharacterOffsetEnd>
            <POS>NN</POS>
          </token>
          <token id="13">
            <word>is</word>
            <lemma>be</lemma>
            <CharacterOffsetBegin>278</CharacterOffsetBegin>
            <CharacterOffsetEnd>280</CharacterOffsetEnd>
            <POS>VBZ</POS>
          </token>
          <token id="14">
            <word>suspected</word>
            <lemma>suspect</lemma>
            <CharacterOffsetBegin>281</CharacterOffsetBegin>
            <CharacterOffsetEnd>290</CharacterOffsetEnd>
            <POS>VBN</POS>
          </token>
          <token id="15">
            <word>of</word>
            <lemma>of</lemma>
            <CharacterOffsetBegin>291</CharacterOffsetBegin>
            <CharacterOffsetEnd>293</CharacterOffsetEnd>
            <POS>IN</POS>
          </token>
          <token id="16">
            <word>carrying</word>
            <lemma>carry</lemma>
            <CharacterOffsetBegin>294</CharacterOffsetBegin>
            <CharacterOffsetEnd>302</CharacterOffsetEnd>
            <POS>VBG</POS>
          </token>
          <token id="17">
            <word>out</word>
            <lemma>out</lemma>
            <CharacterOffsetBegin>303</CharacterOffsetBegin>
            <CharacterOffsetEnd>306</CharacterOffsetEnd>
            <POS>RP</POS>
          </token>
          <token id="18">
            <word>seven</word>
            <lemma>seven</lemma>
            <CharacterOffsetBegin>307</CharacterOffsetBegin>
            <CharacterOffsetEnd>312</CharacterOffsetEnd>
            <POS>CD</POS>
          </token>
          <token id="19">
            <word>heists</word>
            <lemma>heist</lemma>
            <CharacterOffsetBegin>313</CharacterOffsetBegin>
            <CharacterOffsetEnd>319</CharacterOffsetEnd>
            <POS>NNS</POS>
          </token>
          <token id="20">
            <word>since</word>
            <lemma>since</lemma>
            <CharacterOffsetBegin>320</CharacterOffsetBegin>
            <CharacterOffsetEnd>325</CharacterOffsetEnd>
            <POS>IN</POS>
          </token>
          <token id="21">
            <word>2008</word>
            <lemma>2008</lemma>
            <CharacterOffsetBegin>326</CharacterOffsetBegin>
            <CharacterOffsetEnd>330</CharacterOffsetEnd>
            <POS>CD</POS>
          </token>
          <token id="22">
            <word>,</word>
            <lemma>,</lemma>
            <CharacterOffsetBegin>330</CharacterOffsetBegin>
            <CharacterOffsetEnd>331</CharacterOffsetEnd>
            <POS>,</POS>
          </token>
          <token id="23">
            <word>the</word>
            <lemma>the</lemma>
            <CharacterOffsetBegin>332</CharacterOffsetBegin>
            <CharacterOffsetEnd>335</CharacterOffsetEnd>
            <POS>DT</POS>
          </token>
          <token id="24">
            <word>most</word>
            <lemma>most</lemma>
            <CharacterOffsetBegin>336</CharacterOffsetBegin>
            <CharacterOffsetEnd>340</CharacterOffsetEnd>
            <POS>RBS</POS>
          </token>
          <token id="25">
            <word>recent</word>
            <lemma>recent</lemma>
            <CharacterOffsetBegin>341</CharacterOffsetBegin>
            <CharacterOffsetEnd>347</CharacterOffsetEnd>
            <POS>JJ</POS>
          </token>
          <token id="26">
            <word>on</word>
            <lemma>on</lemma>
            <CharacterOffsetBegin>348</CharacterOffsetBegin>
            <CharacterOffsetEnd>350</CharacterOffsetEnd>
            <POS>IN</POS>
          </token>
          <token id="27">
            <word>Thursday</word>
            <lemma>Thursday</lemma>
            <CharacterOffsetBegin>351</CharacterOffsetBegin>
            <CharacterOffsetEnd>359</CharacterOffsetEnd>
            <POS>NNP</POS>
          </token>
          <token id="28">
            <word>afternoon</word>
            <lemma>afternoon</lemma>
            <CharacterOffsetBegin>360</CharacterOffsetBegin>
            <CharacterOffsetEnd>369</CharacterOffsetEnd>
            <POS>NN</POS>
          </token>
          <token id="29">
            <word>in</word>
            <lemma>in</lemma>
            <CharacterOffsetBegin>370</CharacterOffsetBegin>
            <CharacterOffsetEnd>372</CharacterOffsetEnd>
            <POS>IN</POS>
          </token>
          <token id="30">
            <word>the</word>
            <lemma>the</lemma>
            <CharacterOffsetBegin>373</CharacterOffsetBegin>
            <CharacterOffsetEnd>376</CharacterOffsetEnd>
            <POS>DT</POS>
          </token>
          <token id="31">
            <word>village</word>
            <lemma>village</lemma>
            <CharacterOffsetBegin>377</CharacterOffsetBegin>
            <CharacterOffsetEnd>384</CharacterOffsetEnd>
            <POS>NN</POS>
          </token>
          <token id="32">
            <word>of</word>
            <lemma>of</lemma>
            <CharacterOffsetBegin>385</CharacterOffsetBegin>
            <CharacterOffsetEnd>387</CharacterOffsetEnd>
            <POS>IN</POS>
          </token>
          <token id="33">
            <word>Fornach</word>
            <lemma>Fornach</lemma>
            <CharacterOffsetBegin>388</CharacterOffsetBegin>
            <CharacterOffsetEnd>395</CharacterOffsetEnd>
            <POS>NNP</POS>
          </token>
          <token id="34">
            <word>,</word>
            <lemma>,</lemma>
            <CharacterOffsetBegin>395</CharacterOffsetBegin>
            <CharacterOffsetEnd>396</CharacterOffsetEnd>
            <POS>,</POS>
          </token>
          <token id="35">
            <word>northeast</word>
            <lemma>northeast</lemma>
            <CharacterOffsetBegin>397</CharacterOffsetBegin>
            <CharacterOffsetEnd>406</CharacterOffsetEnd>
            <POS>NN</POS>
          </token>
          <token id="36">
            <word>of</word>
            <lemma>of</lemma>
            <CharacterOffsetBegin>407</CharacterOffsetBegin>
            <CharacterOffsetEnd>409</CharacterOffsetEnd>
            <POS>IN</POS>
          </token>
          <token id="37">
            <word>Salzburg</word>
            <lemma>Salzburg</lemma>
            <CharacterOffsetBegin>410</CharacterOffsetBegin>
            <CharacterOffsetEnd>418</CharacterOffsetEnd>
            <POS>NNP</POS>
          </token>
          <token id="38">
            <word>.</word>
            <lemma>.</lemma>
            <CharacterOffsetBegin>418</CharacterOffsetBegin>
            <CharacterOffsetEnd>419</CharacterOffsetEnd>
            <POS>.</POS>
          </token>
        </tokens>
      </sentence>
      <sentence id="4">
        <tokens>
          <token id="1">
            <word>He</word>
            <lemma>he</lemma>
            <CharacterOffsetBegin>420</CharacterOffsetBegin>
            <CharacterOffsetEnd>422</CharacterOffsetEnd>
            <POS>PRP</POS>
          </token>
          <token id="2">
            <word>was</word>
            <lemma>be</lemma>
            <CharacterOffsetBegin>423</CharacterOffsetBegin>
            <CharacterOffsetEnd>426</CharacterOffsetEnd>
            <POS>VBD</POS>
          </token>
          <token id="3">
            <word>taken</word>
            <lemma>take</lemma>
            <CharacterOffsetBegin>427</CharacterOffsetBegin>
            <CharacterOffsetEnd>432</CharacterOffsetEnd>
            <POS>VBN</POS>
          </token>
          <token id="4">
            <word>into</word>
            <lemma>into</lemma>
            <CharacterOffsetBegin>433</CharacterOffsetBegin>
            <CharacterOffsetEnd>437</CharacterOffsetEnd>
            <POS>IN</POS>
          </token>
          <token id="5">
            <word>custody</word>
            <lemma>custody</lemma>
            <CharacterOffsetBegin>438</CharacterOffsetBegin>
            <CharacterOffsetEnd>445</CharacterOffsetEnd>
            <POS>NN</POS>
          </token>
          <token id="6">
            <word>about</word>
            <lemma>about</lemma>
            <CharacterOffsetBegin>446</CharacterOffsetBegin>
            <CharacterOffsetEnd>451</CharacterOffsetEnd>
            <POS>IN</POS>
          </token>
          <token id="7">
            <word>2</word>
            <lemma>2</lemma>
            <CharacterOffsetBegin>452</CharacterOffsetBegin>
            <CharacterOffsetEnd>453</CharacterOffsetEnd>
            <POS>CD</POS>
          </token>
          <token id="8">
            <word>miles</word>
            <lemma>mile</lemma>
            <CharacterOffsetBegin>454</CharacterOffsetBegin>
            <CharacterOffsetEnd>459</CharacterOffsetEnd>
            <POS>NNS</POS>
          </token>
          <token id="9">
            <word>away</word>
            <lemma>away</lemma>
            <CharacterOffsetBegin>460</CharacterOffsetBegin>
            <CharacterOffsetEnd>464</CharacterOffsetEnd>
            <POS>RB</POS>
          </token>
          <token id="10">
            <word>a</word>
            <lemma>a</lemma>
            <CharacterOffsetBegin>465</CharacterOffsetBegin>
            <CharacterOffsetEnd>466</CharacterOffsetEnd>
            <POS>DT</POS>
          </token>
          <token id="11">
            <word>short</word>
            <lemma>short</lemma>
            <CharacterOffsetBegin>467</CharacterOffsetBegin>
            <CharacterOffsetEnd>472</CharacterOffsetEnd>
            <POS>JJ</POS>
          </token>
          <token id="12">
            <word>time</word>
            <lemma>time</lemma>
            <CharacterOffsetBegin>473</CharacterOffsetBegin>
            <CharacterOffsetEnd>477</CharacterOffsetEnd>
            <POS>NN</POS>
          </token>
          <token id="13">
            <word>later</word>
            <lemma>later</lemma>
            <CharacterOffsetBegin>478</CharacterOffsetBegin>
            <CharacterOffsetEnd>483</CharacterOffsetEnd>
            <POS>RB</POS>
          </token>
          <token id="14">
            <word>after</word>
            <lemma>after</lemma>
            <CharacterOffsetBegin>484</CharacterOffsetBegin>
            <CharacterOffsetEnd>489</CharacterOffsetEnd>
            <POS>IN</POS>
          </token>
          <token id="15">
            <word>a</word>
            <lemma>a</lemma>
            <CharacterOffsetBegin>490</CharacterOffsetBegin>
            <CharacterOffsetEnd>491</CharacterOffsetEnd>
            <POS>DT</POS>
          </token>
          <token id="16">
            <word>police</word>
            <lemma>police</lemma>
            <CharacterOffsetBegin>492</CharacterOffsetBegin>
            <CharacterOffsetEnd>498</CharacterOffsetEnd>
            <POS>NN</POS>
          </token>
          <token id="17">
            <word>dog</word>
            <lemma>dog</lemma>
            <CharacterOffsetBegin>499</CharacterOffsetBegin>
            <CharacterOffsetEnd>502</CharacterOffsetEnd>
            <POS>NN</POS>
          </token>
          <token id="18">
            <word>found</word>
            <lemma>find</lemma>
            <CharacterOffsetBegin>503</CharacterOffsetBegin>
            <CharacterOffsetEnd>508</CharacterOffsetEnd>
            <POS>VBD</POS>
          </token>
          <token id="19">
            <word>a</word>
            <lemma>a</lemma>
            <CharacterOffsetBegin>509</CharacterOffsetBegin>
            <CharacterOffsetEnd>510</CharacterOffsetEnd>
            <POS>DT</POS>
          </token>
          <token id="20">
            <word>bag</word>
            <lemma>bag</lemma>
            <CharacterOffsetBegin>511</CharacterOffsetBegin>
            <CharacterOffsetEnd>514</CharacterOffsetEnd>
            <POS>NN</POS>
          </token>
          <token id="21">
            <word>containing</word>
            <lemma>contain</lemma>
            <CharacterOffsetBegin>515</CharacterOffsetBegin>
            <CharacterOffsetEnd>525</CharacterOffsetEnd>
            <POS>VBG</POS>
          </token>
          <token id="22">
            <word>the</word>
            <lemma>the</lemma>
            <CharacterOffsetBegin>526</CharacterOffsetBegin>
            <CharacterOffsetEnd>529</CharacterOffsetEnd>
            <POS>DT</POS>
          </token>
          <token id="23">
            <word>Obama</word>
            <lemma>Obama</lemma>
            <CharacterOffsetBegin>530</CharacterOffsetBegin>
            <CharacterOffsetEnd>535</CharacterOffsetEnd>
            <POS>NNP</POS>
          </token>
          <token id="24">
            <word>mask</word>
            <lemma>mask</lemma>
            <CharacterOffsetBegin>536</CharacterOffsetBegin>
            <CharacterOffsetEnd>540</CharacterOffsetEnd>
            <POS>NN</POS>
          </token>
          <token id="25">
            <word>,</word>
            <lemma>,</lemma>
            <CharacterOffsetBegin>540</CharacterOffsetBegin>
            <CharacterOffsetEnd>541</CharacterOffsetEnd>
            <POS>,</POS>
          </token>
          <token id="26">
            <word>a</word>
            <lemma>a</lemma>
            <CharacterOffsetBegin>542</CharacterOffsetBegin>
            <CharacterOffsetEnd>543</CharacterOffsetEnd>
            <POS>DT</POS>
          </token>
          <token id="27">
            <word>weapon</word>
            <lemma>weapon</lemma>
            <CharacterOffsetBegin>544</CharacterOffsetBegin>
            <CharacterOffsetEnd>550</CharacterOffsetEnd>
            <POS>NN</POS>
          </token>
          <token id="28">
            <word>and</word>
            <lemma>and</lemma>
            <CharacterOffsetBegin>551</CharacterOffsetBegin>
            <CharacterOffsetEnd>554</CharacterOffsetEnd>
            <POS>CC</POS>
          </token>
          <token id="29">
            <word>the</word>
            <lemma>the</lemma>
            <CharacterOffsetBegin>555</CharacterOffsetBegin>
            <CharacterOffsetEnd>558</CharacterOffsetEnd>
            <POS>DT</POS>
          </token>
          <token id="30">
            <word>loot</word>
            <lemma>loot</lemma>
            <CharacterOffsetBegin>559</CharacterOffsetBegin>
            <CharacterOffsetEnd>563</CharacterOffsetEnd>
            <POS>NN</POS>
          </token>
          <token id="31">
            <word>.</word>
            <lemma>.</lemma>
            <CharacterOffsetBegin>563</CharacterOffsetBegin>
            <CharacterOffsetEnd>564</CharacterOffsetEnd>
            <POS>.</POS>
          </token>
        </tokens>
      </sentence>
      <sentence id="5">
        <tokens>
          <token id="1">
            <word>The</word>
            <lemma>the</lemma>
            <CharacterOffsetBegin>565</CharacterOffsetBegin>
            <CharacterOffsetEnd>568</CharacterOffsetEnd>
            <POS>DT</POS>
          </token>
          <token id="2">
            <word>unidentified</word>
            <lemma>unidentified</lemma>
            <CharacterOffsetBegin>569</CharacterOffsetBegin>
            <CharacterOffsetEnd>581</CharacterOffsetEnd>
            <POS>JJ</POS>
          </token>
          <token id="3">
            <word>man</word>
            <lemma>man</lemma>
            <CharacterOffsetBegin>582</CharacterOffsetBegin>
            <CharacterOffsetEnd>585</CharacterOffsetEnd>
            <POS>NN</POS>
          </token>
          <token id="4">
            <word>has</word>
            <lemma>have</lemma>
            <CharacterOffsetBegin>586</CharacterOffsetBegin>
            <CharacterOffsetEnd>589</CharacterOffsetEnd>
            <POS>VBZ</POS>
          </token>
          <token id="5">
            <word>confessed</word>
            <lemma>confess</lemma>
            <CharacterOffsetBegin>590</CharacterOffsetBegin>
            <CharacterOffsetEnd>599</CharacterOffsetEnd>
            <POS>VBN</POS>
          </token>
          <token id="6">
            <word>to</word>
            <lemma>to</lemma>
            <CharacterOffsetBegin>600</CharacterOffsetBegin>
            <CharacterOffsetEnd>602</CharacterOffsetEnd>
            <POS>TO</POS>
          </token>
          <token id="7">
            <word>the</word>
            <lemma>the</lemma>
            <CharacterOffsetBegin>603</CharacterOffsetBegin>
            <CharacterOffsetEnd>606</CharacterOffsetEnd>
            <POS>DT</POS>
          </token>
          <token id="8">
            <word>robberies</word>
            <lemma>robbery</lemma>
            <CharacterOffsetBegin>607</CharacterOffsetBegin>
            <CharacterOffsetEnd>616</CharacterOffsetEnd>
            <POS>NNS</POS>
          </token>
          <token id="9">
            <word>,</word>
            <lemma>,</lemma>
            <CharacterOffsetBegin>616</CharacterOffsetBegin>
            <CharacterOffsetEnd>617</CharacterOffsetEnd>
            <POS>,</POS>
          </token>
          <token id="10">
            <word>Police</word>
            <lemma>Police</lemma>
            <CharacterOffsetBegin>618</CharacterOffsetBegin>
            <CharacterOffsetEnd>624</CharacterOffsetEnd>
            <POS>NNP</POS>
          </token>
          <token id="11">
            <word>official</word>
            <lemma>official</lemma>
            <CharacterOffsetBegin>625</CharacterOffsetBegin>
            <CharacterOffsetEnd>633</CharacterOffsetEnd>
            <POS>JJ</POS>
          </token>
          <token id="12">
            <word>Markus</word>
            <lemma>Markus</lemma>
            <CharacterOffsetBegin>634</CharacterOffsetBegin>
            <CharacterOffsetEnd>640</CharacterOffsetEnd>
            <POS>NNP</POS>
          </token>
          <token id="13">
            <word>Mitloehner</word>
            <lemma>Mitloehner</lemma>
            <CharacterOffsetBegin>641</CharacterOffsetBegin>
            <CharacterOffsetEnd>651</CharacterOffsetEnd>
            <POS>NNP</POS>
          </token>
          <token id="14">
            <word>said</word>
            <lemma>say</lemma>
            <CharacterOffsetBegin>652</CharacterOffsetBegin>
            <CharacterOffsetEnd>656</CharacterOffsetEnd>
            <POS>VBD</POS>
          </token>
          <token id="15">
            <word>Friday</word>
            <lemma>Friday</lemma>
            <CharacterOffsetBegin>657</CharacterOffsetBegin>
            <CharacterOffsetEnd>663</CharacterOffsetEnd>
            <POS>NNP</POS>
          </token>
          <token id="16">
            <word>.</word>
            <lemma>.</lemma>
            <CharacterOffsetBegin>663</CharacterOffsetBegin>
            <CharacterOffsetEnd>664</CharacterOffsetEnd>
            <POS>.</POS>
          </token>
        </tokens>
      </sentence>
      <sentence id="6">
        <tokens>
          <token id="1">
            <word>There</word>
            <lemma>there</lemma>
            <CharacterOffsetBegin>665</CharacterOffsetBegin>
            <CharacterOffsetEnd>670</CharacterOffsetEnd>
            <POS>EX</POS>
          </token>
          <token id="2">
            <word>is</word>
            <lemma>be</lemma>
            <CharacterOffsetBegin>671</CharacterOffsetBegin>
            <CharacterOffsetEnd>673</CharacterOffsetEnd>
            <POS>VBZ</POS>
          </token>
          <token id="3">
            <word>no</word>
            <lemma>no</lemma>
            <CharacterOffsetBegin>674</CharacterOffsetBegin>
            <CharacterOffsetEnd>676</CharacterOffsetEnd>
            <POS>DT</POS>
          </token>
          <token id="4">
            <word>word</word>
            <lemma>word</lemma>
            <CharacterOffsetBegin>677</CharacterOffsetBegin>
            <CharacterOffsetEnd>681</CharacterOffsetEnd>
            <POS>NN</POS>
          </token>
          <token id="5">
            <word>on</word>
            <lemma>on</lemma>
            <CharacterOffsetBegin>682</CharacterOffsetBegin>
            <CharacterOffsetEnd>684</CharacterOffsetEnd>
            <POS>IN</POS>
          </token>
          <token id="6">
            <word>whether</word>
            <lemma>whether</lemma>
            <CharacterOffsetBegin>685</CharacterOffsetBegin>
            <CharacterOffsetEnd>692</CharacterOffsetEnd>
            <POS>IN</POS>
          </token>
          <token id="7">
            <word>Donald</word>
            <lemma>Donald</lemma>
            <CharacterOffsetBegin>693</CharacterOffsetBegin>
            <CharacterOffsetEnd>699</CharacterOffsetEnd>
            <POS>NNP</POS>
          </token>
          <token id="8">
            <word>Trump</word>
            <lemma>Trump</lemma>
            <CharacterOffsetBegin>700</CharacterOffsetBegin>
            <CharacterOffsetEnd>705</CharacterOffsetEnd>
            <POS>NNP</POS>
          </token>
          <token id="9">
            <word>has</word>
            <lemma>have</lemma>
            <CharacterOffsetBegin>706</CharacterOffsetBegin>
            <CharacterOffsetEnd>709</CharacterOffsetEnd>
            <POS>VBZ</POS>
          </token>
          <token id="10">
            <word>asked</word>
            <lemma>ask</lemma>
            <CharacterOffsetBegin>710</CharacterOffsetBegin>
            <CharacterOffsetEnd>715</CharacterOffsetEnd>
            <POS>VBN</POS>
          </token>
          <token id="11">
            <word>to</word>
            <lemma>to</lemma>
            <CharacterOffsetBegin>716</CharacterOffsetBegin>
            <CharacterOffsetEnd>718</CharacterOffsetEnd>
            <POS>TO</POS>
          </token>
          <token id="12">
            <word>see</word>
            <lemma>see</lemma>
            <CharacterOffsetBegin>719</CharacterOffsetBegin>
            <CharacterOffsetEnd>722</CharacterOffsetEnd>
            <POS>VB</POS>
          </token>
          <token id="13">
            <word>the</word>
            <lemma>the</lemma>
            <CharacterOffsetBegin>723</CharacterOffsetBegin>
            <CharacterOffsetEnd>726</CharacterOffsetEnd>
            <POS>DT</POS>
          </token>
          <token id="14">
            <word>man</word>
            <lemma>man</lemma>
            <CharacterOffsetBegin>727</CharacterOffsetBegin>
            <CharacterOffsetEnd>730</CharacterOffsetEnd>
            <POS>NN</POS>
          </token>
          <token id="15">
            <word>'s</word>
            <lemma>'s</lemma>
            <CharacterOffsetBegin>730</CharacterOffsetBegin>
            <CharacterOffsetEnd>732</CharacterOffsetEnd>
            <POS>POS</POS>
          </token>
          <token id="16">
            <word>birth</word>
            <lemma>birth</lemma>
            <CharacterOffsetBegin>733</CharacterOffsetBegin>
            <CharacterOffsetEnd>738</CharacterOffsetEnd>
            <POS>NN</POS>
          </token>
          <token id="17">
            <word>certificate</word>
            <lemma>certificate</lemma>
            <CharacterOffsetBegin>739</CharacterOffsetBegin>
            <CharacterOffsetEnd>750</CharacterOffsetEnd>
            <POS>NN</POS>
          </token>
          <token id="18">
            <word>.</word>
            <lemma>.</lemma>
            <CharacterOffsetBegin>750</CharacterOffsetBegin>
            <CharacterOffsetEnd>751</CharacterOffsetEnd>
            <POS>.</POS>
          </token>
        </tokens>
      </sentence>
      <sentence id="7">
        <tokens>
          <token id="1">
            <word>More</word>
            <lemma>more</lemma>
            <CharacterOffsetBegin>752</CharacterOffsetBegin>
            <CharacterOffsetEnd>756</CharacterOffsetEnd>
            <POS>RBR</POS>
          </token>
          <token id="2">
            <word>on</word>
            <lemma>on</lemma>
            <CharacterOffsetBegin>757</CharacterOffsetBegin>
            <CharacterOffsetEnd>759</CharacterOffsetEnd>
            <POS>IN</POS>
          </token>
          <token id="3">
            <word>Crimesider</word>
            <lemma>Crimesider</lemma>
            <CharacterOffsetBegin>760</CharacterOffsetBegin>
            <CharacterOffsetEnd>770</CharacterOffsetEnd>
            <POS>NNP</POS>
          </token>
          <token id="4">
            <word>January</word>
            <lemma>January</lemma>
            <CharacterOffsetBegin>771</CharacterOffsetBegin>
            <CharacterOffsetEnd>778</CharacterOffsetEnd>
            <POS>NNP</POS>
          </token>
          <token id="5">
            <word>24</word>
            <lemma>24</lemma>
            <CharacterOffsetBegin>779</CharacterOffsetBegin>
            <CharacterOffsetEnd>781</CharacterOffsetEnd>
            <POS>CD</POS>
          </token>
          <token id="6">
            <word>,</word>
            <lemma>,</lemma>
            <CharacterOffsetBegin>781</CharacterOffsetBegin>
            <CharacterOffsetEnd>782</CharacterOffsetEnd>
            <POS>,</POS>
          </token>
          <token id="7">
            <word>2011</word>
            <lemma>2011</lemma>
            <CharacterOffsetBegin>783</CharacterOffsetBegin>
            <CharacterOffsetEnd>787</CharacterOffsetEnd>
            <POS>CD</POS>
          </token>
          <token id="8">
            <word>-</word>
            <lemma>-</lemma>
            <CharacterOffsetBegin>788</CharacterOffsetBegin>
            <CharacterOffsetEnd>789</CharacterOffsetEnd>
            <POS>:</POS>
          </token>
          <token id="9">
            <word>Veto</word>
            <lemma>Veto</lemma>
            <CharacterOffsetBegin>790</CharacterOffsetBegin>
            <CharacterOffsetEnd>794</CharacterOffsetEnd>
            <POS>NNP</POS>
          </token>
          <token id="10">
            <word>This</word>
            <lemma>this</lemma>
            <CharacterOffsetBegin>795</CharacterOffsetBegin>
            <CharacterOffsetEnd>799</CharacterOffsetEnd>
            <POS>DT</POS>
          </token>
          <token id="11">
            <word>!</word>
            <lemma>!</lemma>
            <CharacterOffsetBegin>799</CharacterOffsetBegin>
            <CharacterOffsetEnd>800</CharacterOffsetEnd>
            <POS>.</POS>
          </token>
        </tokens>
      </sentence>
      <sentence id="8">
        <tokens>
          <token id="1">
            <word>Armed</word>
            <lemma>arm</lemma>
            <CharacterOffsetBegin>801</CharacterOffsetBegin>
            <CharacterOffsetEnd>806</CharacterOffsetEnd>
            <POS>VBN</POS>
          </token>
          <token id="2">
            <word>''</word>
            <lemma>''</lemma>
            <CharacterOffsetBegin>807</CharacterOffsetBegin>
            <CharacterOffsetEnd>808</CharacterOffsetEnd>
            <POS>''</POS>
          </token>
          <token id="3">
            <word>``</word>
            <lemma>``</lemma>
            <CharacterOffsetBegin>808</CharacterOffsetBegin>
            <CharacterOffsetEnd>809</CharacterOffsetEnd>
            <POS>``</POS>
          </token>
          <token id="4">
            <word>Obama</word>
            <lemma>Obama</lemma>
            <CharacterOffsetBegin>809</CharacterOffsetBegin>
            <CharacterOffsetEnd>814</CharacterOffsetEnd>
            <POS>NNP</POS>
          </token>
          <token id="5">
            <word>Robber</word>
            <lemma>Robber</lemma>
            <CharacterOffsetBegin>815</CharacterOffsetBegin>
            <CharacterOffsetEnd>821</CharacterOffsetEnd>
            <POS>NNP</POS>
          </token>
          <token id="6">
            <word>''</word>
            <lemma>''</lemma>
            <CharacterOffsetBegin>821</CharacterOffsetBegin>
            <CharacterOffsetEnd>822</CharacterOffsetEnd>
            <POS>''</POS>
          </token>
          <token id="7">
            <word>''</word>
            <lemma>''</lemma>
            <CharacterOffsetBegin>822</CharacterOffsetBegin>
            <CharacterOffsetEnd>823</CharacterOffsetEnd>
            <POS>''</POS>
          </token>
          <token id="8">
            <word>Holding</word>
            <lemma>hold</lemma>
            <CharacterOffsetBegin>824</CharacterOffsetBegin>
            <CharacterOffsetEnd>831</CharacterOffsetEnd>
            <POS>VBG</POS>
          </token>
          <token id="9">
            <word>Up</word>
            <lemma>up</lemma>
            <CharacterOffsetBegin>832</CharacterOffsetBegin>
            <CharacterOffsetEnd>834</CharacterOffsetEnd>
            <POS>RP</POS>
          </token>
          <token id="10">
            <word>Austrian</word>
            <lemma>austrian</lemma>
            <CharacterOffsetBegin>835</CharacterOffsetBegin>
            <CharacterOffsetEnd>843</CharacterOffsetEnd>
            <POS>JJ</POS>
          </token>
          <token id="11">
            <word>Banks</word>
            <lemma>bank</lemma>
            <CharacterOffsetBegin>844</CharacterOffsetBegin>
            <CharacterOffsetEnd>849</CharacterOffsetEnd>
            <POS>NNS</POS>
          </token>
          <token id="12">
            <word>Most</word>
            <lemma>most</lemma>
            <CharacterOffsetBegin>850</CharacterOffsetBegin>
            <CharacterOffsetEnd>854</CharacterOffsetEnd>
            <POS>JJS</POS>
          </token>
          <token id="13">
            <word>Outrageous</word>
            <lemma>outrageous</lemma>
            <CharacterOffsetBegin>855</CharacterOffsetBegin>
            <CharacterOffsetEnd>865</CharacterOffsetEnd>
            <POS>JJ</POS>
          </token>
          <token id="14">
            <word>Bank</word>
            <lemma>Bank</lemma>
            <CharacterOffsetBegin>866</CharacterOffsetBegin>
            <CharacterOffsetEnd>870</CharacterOffsetEnd>
            <POS>NNP</POS>
          </token>
          <token id="15">
            <word>Robbers</word>
            <lemma>robber</lemma>
            <CharacterOffsetBegin>871</CharacterOffsetBegin>
            <CharacterOffsetEnd>878</CharacterOffsetEnd>
            <POS>NNS</POS>
          </token>
        </tokens>
      </sentence>
    </sentences>
  </document>
</root>
