<?xml version="1.0" encoding="UTF-8"?>
<?xml-stylesheet href="CoreNLP-to-HTML.xsl" type="text/xsl"?>
<root>
  <document>
    <sentences>
      <sentence id="1">
        <tokens>
          <token id="1">
            <word>2</word>
            <lemma>2</lemma>
            <CharacterOffsetBegin>0</CharacterOffsetBegin>
            <CharacterOffsetEnd>1</CharacterOffsetEnd>
            <POS>CD</POS>
          </token>
          <token id="2">
            <word>Michigan</word>
            <lemma>Michigan</lemma>
            <CharacterOffsetBegin>2</CharacterOffsetBegin>
            <CharacterOffsetEnd>10</CharacterOffsetEnd>
            <POS>NNP</POS>
          </token>
          <token id="3">
            <word>parents</word>
            <lemma>parent</lemma>
            <CharacterOffsetBegin>11</CharacterOffsetBegin>
            <CharacterOffsetEnd>18</CharacterOffsetEnd>
            <POS>NNS</POS>
          </token>
          <token id="4">
            <word>arrested</word>
            <lemma>arrest</lemma>
            <CharacterOffsetBegin>19</CharacterOffsetBegin>
            <CharacterOffsetEnd>27</CharacterOffsetEnd>
            <POS>VBN</POS>
          </token>
          <token id="5">
            <word>in</word>
            <lemma>in</lemma>
            <CharacterOffsetBegin>28</CharacterOffsetBegin>
            <CharacterOffsetEnd>30</CharacterOffsetEnd>
            <POS>IN</POS>
          </token>
          <token id="6">
            <word>beating</word>
            <lemma>beat</lemma>
            <CharacterOffsetBegin>31</CharacterOffsetBegin>
            <CharacterOffsetEnd>38</CharacterOffsetEnd>
            <POS>VBG</POS>
          </token>
          <token id="7">
            <word>a</word>
            <lemma>a</lemma>
            <CharacterOffsetBegin>39</CharacterOffsetBegin>
            <CharacterOffsetEnd>40</CharacterOffsetEnd>
            <POS>DT</POS>
          </token>
          <token id="8">
            <word>73-year-old</word>
            <lemma>73-year-old</lemma>
            <CharacterOffsetBegin>41</CharacterOffsetBegin>
            <CharacterOffsetEnd>52</CharacterOffsetEnd>
            <POS>JJ</POS>
          </token>
          <token id="9">
            <word>crossing</word>
            <lemma>cross</lemma>
            <CharacterOffsetBegin>53</CharacterOffsetBegin>
            <CharacterOffsetEnd>61</CharacterOffsetEnd>
            <POS>VBG</POS>
          </token>
          <token id="10">
            <word>guard</word>
            <lemma>guard</lemma>
            <CharacterOffsetBegin>62</CharacterOffsetBegin>
            <CharacterOffsetEnd>67</CharacterOffsetEnd>
            <POS>NN</POS>
          </token>
          <token id="11">
            <word>who</word>
            <lemma>who</lemma>
            <CharacterOffsetBegin>68</CharacterOffsetBegin>
            <CharacterOffsetEnd>71</CharacterOffsetEnd>
            <POS>WP</POS>
          </token>
          <token id="12">
            <word>tried</word>
            <lemma>try</lemma>
            <CharacterOffsetBegin>72</CharacterOffsetBegin>
            <CharacterOffsetEnd>77</CharacterOffsetEnd>
            <POS>VBD</POS>
          </token>
          <token id="13">
            <word>to</word>
            <lemma>to</lemma>
            <CharacterOffsetBegin>78</CharacterOffsetBegin>
            <CharacterOffsetEnd>80</CharacterOffsetEnd>
            <POS>TO</POS>
          </token>
          <token id="14">
            <word>end</word>
            <lemma>end</lemma>
            <CharacterOffsetBegin>81</CharacterOffsetBegin>
            <CharacterOffsetEnd>84</CharacterOffsetEnd>
            <POS>VB</POS>
          </token>
          <token id="15">
            <word>fight</word>
            <lemma>fight</lemma>
            <CharacterOffsetBegin>85</CharacterOffsetBegin>
            <CharacterOffsetEnd>90</CharacterOffsetEnd>
            <POS>NN</POS>
          </token>
        </tokens>
      </sentence>
      <sentence id="2">
        <tokens>
          <token id="1">
            <word>LANSING</word>
            <lemma>LANSING</lemma>
            <CharacterOffsetBegin>92</CharacterOffsetBegin>
            <CharacterOffsetEnd>99</CharacterOffsetEnd>
            <POS>NNP</POS>
          </token>
          <token id="2">
            <word>,</word>
            <lemma>,</lemma>
            <CharacterOffsetBegin>99</CharacterOffsetBegin>
            <CharacterOffsetEnd>100</CharacterOffsetEnd>
            <POS>,</POS>
          </token>
          <token id="3">
            <word>Mich.</word>
            <lemma>Mich.</lemma>
            <CharacterOffsetBegin>101</CharacterOffsetBegin>
            <CharacterOffsetEnd>106</CharacterOffsetEnd>
            <POS>NNP</POS>
          </token>
          <token id="4">
            <word>-</word>
            <lemma>-</lemma>
            <CharacterOffsetBegin>107</CharacterOffsetBegin>
            <CharacterOffsetEnd>108</CharacterOffsetEnd>
            <POS>:</POS>
          </token>
          <token id="5">
            <word>Police</word>
            <lemma>police</lemma>
            <CharacterOffsetBegin>109</CharacterOffsetBegin>
            <CharacterOffsetEnd>115</CharacterOffsetEnd>
            <POS>NNS</POS>
          </token>
          <token id="6">
            <word>have</word>
            <lemma>have</lemma>
            <CharacterOffsetBegin>116</CharacterOffsetBegin>
            <CharacterOffsetEnd>120</CharacterOffsetEnd>
            <POS>VBP</POS>
          </token>
          <token id="7">
            <word>arrested</word>
            <lemma>arrest</lemma>
            <CharacterOffsetBegin>121</CharacterOffsetBegin>
            <CharacterOffsetEnd>129</CharacterOffsetEnd>
            <POS>VBN</POS>
          </token>
          <token id="8">
            <word>two</word>
            <lemma>two</lemma>
            <CharacterOffsetBegin>130</CharacterOffsetBegin>
            <CharacterOffsetEnd>133</CharacterOffsetEnd>
            <POS>CD</POS>
          </token>
          <token id="9">
            <word>Michigan</word>
            <lemma>Michigan</lemma>
            <CharacterOffsetBegin>134</CharacterOffsetBegin>
            <CharacterOffsetEnd>142</CharacterOffsetEnd>
            <POS>NNP</POS>
          </token>
          <token id="10">
            <word>parents</word>
            <lemma>parent</lemma>
            <CharacterOffsetBegin>143</CharacterOffsetBegin>
            <CharacterOffsetEnd>150</CharacterOffsetEnd>
            <POS>NNS</POS>
          </token>
          <token id="11">
            <word>they</word>
            <lemma>they</lemma>
            <CharacterOffsetBegin>151</CharacterOffsetBegin>
            <CharacterOffsetEnd>155</CharacterOffsetEnd>
            <POS>PRP</POS>
          </token>
          <token id="12">
            <word>say</word>
            <lemma>say</lemma>
            <CharacterOffsetBegin>156</CharacterOffsetBegin>
            <CharacterOffsetEnd>159</CharacterOffsetEnd>
            <POS>VBP</POS>
          </token>
          <token id="13">
            <word>beat</word>
            <lemma>beat</lemma>
            <CharacterOffsetBegin>160</CharacterOffsetBegin>
            <CharacterOffsetEnd>164</CharacterOffsetEnd>
            <POS>VB</POS>
          </token>
          <token id="14">
            <word>a</word>
            <lemma>a</lemma>
            <CharacterOffsetBegin>165</CharacterOffsetBegin>
            <CharacterOffsetEnd>166</CharacterOffsetEnd>
            <POS>DT</POS>
          </token>
          <token id="15">
            <word>73-year-old</word>
            <lemma>73-year-old</lemma>
            <CharacterOffsetBegin>167</CharacterOffsetBegin>
            <CharacterOffsetEnd>178</CharacterOffsetEnd>
            <POS>JJ</POS>
          </token>
          <token id="16">
            <word>school</word>
            <lemma>school</lemma>
            <CharacterOffsetBegin>179</CharacterOffsetBegin>
            <CharacterOffsetEnd>185</CharacterOffsetEnd>
            <POS>NN</POS>
          </token>
          <token id="17">
            <word>crossing</word>
            <lemma>cross</lemma>
            <CharacterOffsetBegin>186</CharacterOffsetBegin>
            <CharacterOffsetEnd>194</CharacterOffsetEnd>
            <POS>VBG</POS>
          </token>
          <token id="18">
            <word>guard</word>
            <lemma>guard</lemma>
            <CharacterOffsetBegin>195</CharacterOffsetBegin>
            <CharacterOffsetEnd>200</CharacterOffsetEnd>
            <POS>NN</POS>
          </token>
          <token id="19">
            <word>after</word>
            <lemma>after</lemma>
            <CharacterOffsetBegin>201</CharacterOffsetBegin>
            <CharacterOffsetEnd>206</CharacterOffsetEnd>
            <POS>IN</POS>
          </token>
          <token id="20">
            <word>he</word>
            <lemma>he</lemma>
            <CharacterOffsetBegin>207</CharacterOffsetBegin>
            <CharacterOffsetEnd>209</CharacterOffsetEnd>
            <POS>PRP</POS>
          </token>
          <token id="21">
            <word>tried</word>
            <lemma>try</lemma>
            <CharacterOffsetBegin>210</CharacterOffsetBegin>
            <CharacterOffsetEnd>215</CharacterOffsetEnd>
            <POS>VBD</POS>
          </token>
          <token id="22">
            <word>to</word>
            <lemma>to</lemma>
            <CharacterOffsetBegin>216</CharacterOffsetBegin>
            <CharacterOffsetEnd>218</CharacterOffsetEnd>
            <POS>TO</POS>
          </token>
          <token id="23">
            <word>break</word>
            <lemma>break</lemma>
            <CharacterOffsetBegin>219</CharacterOffsetBegin>
            <CharacterOffsetEnd>224</CharacterOffsetEnd>
            <POS>VB</POS>
          </token>
          <token id="24">
            <word>up</word>
            <lemma>up</lemma>
            <CharacterOffsetBegin>225</CharacterOffsetBegin>
            <CharacterOffsetEnd>227</CharacterOffsetEnd>
            <POS>RP</POS>
          </token>
          <token id="25">
            <word>a</word>
            <lemma>a</lemma>
            <CharacterOffsetBegin>228</CharacterOffsetBegin>
            <CharacterOffsetEnd>229</CharacterOffsetEnd>
            <POS>DT</POS>
          </token>
          <token id="26">
            <word>fight</word>
            <lemma>fight</lemma>
            <CharacterOffsetBegin>230</CharacterOffsetBegin>
            <CharacterOffsetEnd>235</CharacterOffsetEnd>
            <POS>NN</POS>
          </token>
          <token id="27">
            <word>between</word>
            <lemma>between</lemma>
            <CharacterOffsetBegin>236</CharacterOffsetBegin>
            <CharacterOffsetEnd>243</CharacterOffsetEnd>
            <POS>IN</POS>
          </token>
          <token id="28">
            <word>their</word>
            <lemma>they</lemma>
            <CharacterOffsetBegin>244</CharacterOffsetBegin>
            <CharacterOffsetEnd>249</CharacterOffsetEnd>
            <POS>PRP$</POS>
          </token>
          <token id="29">
            <word>son</word>
            <lemma>son</lemma>
            <CharacterOffsetBegin>250</CharacterOffsetBegin>
            <CharacterOffsetEnd>253</CharacterOffsetEnd>
            <POS>NN</POS>
          </token>
          <token id="30">
            <word>and</word>
            <lemma>and</lemma>
            <CharacterOffsetBegin>254</CharacterOffsetBegin>
            <CharacterOffsetEnd>257</CharacterOffsetEnd>
            <POS>CC</POS>
          </token>
          <token id="31">
            <word>another</word>
            <lemma>another</lemma>
            <CharacterOffsetBegin>258</CharacterOffsetBegin>
            <CharacterOffsetEnd>265</CharacterOffsetEnd>
            <POS>DT</POS>
          </token>
          <token id="32">
            <word>7-year-old</word>
            <lemma>7-year-old</lemma>
            <CharacterOffsetBegin>266</CharacterOffsetBegin>
            <CharacterOffsetEnd>276</CharacterOffsetEnd>
            <POS>JJ</POS>
          </token>
          <token id="33">
            <word>boy</word>
            <lemma>boy</lemma>
            <CharacterOffsetBegin>277</CharacterOffsetBegin>
            <CharacterOffsetEnd>280</CharacterOffsetEnd>
            <POS>NN</POS>
          </token>
          <token id="34">
            <word>.</word>
            <lemma>.</lemma>
            <CharacterOffsetBegin>280</CharacterOffsetBegin>
            <CharacterOffsetEnd>281</CharacterOffsetEnd>
            <POS>.</POS>
          </token>
        </tokens>
      </sentence>
      <sentence id="3">
        <tokens>
          <token id="1">
            <word>Lt.</word>
            <lemma>Lt.</lemma>
            <CharacterOffsetBegin>282</CharacterOffsetBegin>
            <CharacterOffsetEnd>285</CharacterOffsetEnd>
            <POS>NNP</POS>
          </token>
          <token id="2">
            <word>Noel</word>
            <lemma>Noel</lemma>
            <CharacterOffsetBegin>286</CharacterOffsetBegin>
            <CharacterOffsetEnd>290</CharacterOffsetEnd>
            <POS>NNP</POS>
          </token>
          <token id="3">
            <word>Garcia</word>
            <lemma>Garcia</lemma>
            <CharacterOffsetBegin>291</CharacterOffsetBegin>
            <CharacterOffsetEnd>297</CharacterOffsetEnd>
            <POS>NNP</POS>
          </token>
          <token id="4">
            <word>tells</word>
            <lemma>tell</lemma>
            <CharacterOffsetBegin>298</CharacterOffsetBegin>
            <CharacterOffsetEnd>303</CharacterOffsetEnd>
            <POS>VBZ</POS>
          </token>
          <token id="5">
            <word>the</word>
            <lemma>the</lemma>
            <CharacterOffsetBegin>304</CharacterOffsetBegin>
            <CharacterOffsetEnd>307</CharacterOffsetEnd>
            <POS>DT</POS>
          </token>
          <token id="6">
            <word>Lansing</word>
            <lemma>Lansing</lemma>
            <CharacterOffsetBegin>308</CharacterOffsetBegin>
            <CharacterOffsetEnd>315</CharacterOffsetEnd>
            <POS>NNP</POS>
          </token>
          <token id="7">
            <word>State</word>
            <lemma>State</lemma>
            <CharacterOffsetBegin>316</CharacterOffsetBegin>
            <CharacterOffsetEnd>321</CharacterOffsetEnd>
            <POS>NNP</POS>
          </token>
          <token id="8">
            <word>Journal</word>
            <lemma>Journal</lemma>
            <CharacterOffsetBegin>322</CharacterOffsetBegin>
            <CharacterOffsetEnd>329</CharacterOffsetEnd>
            <POS>NNP</POS>
          </token>
          <token id="9">
            <word>the</word>
            <lemma>the</lemma>
            <CharacterOffsetBegin>330</CharacterOffsetBegin>
            <CharacterOffsetEnd>333</CharacterOffsetEnd>
            <POS>DT</POS>
          </token>
          <token id="10">
            <word>boys</word>
            <lemma>boy</lemma>
            <CharacterOffsetBegin>334</CharacterOffsetBegin>
            <CharacterOffsetEnd>338</CharacterOffsetEnd>
            <POS>NNS</POS>
          </token>
          <token id="11">
            <word>were</word>
            <lemma>be</lemma>
            <CharacterOffsetBegin>339</CharacterOffsetBegin>
            <CharacterOffsetEnd>343</CharacterOffsetEnd>
            <POS>VBD</POS>
          </token>
          <token id="12">
            <word>involved</word>
            <lemma>involve</lemma>
            <CharacterOffsetBegin>344</CharacterOffsetBegin>
            <CharacterOffsetEnd>352</CharacterOffsetEnd>
            <POS>VBN</POS>
          </token>
          <token id="13">
            <word>in</word>
            <lemma>in</lemma>
            <CharacterOffsetBegin>353</CharacterOffsetBegin>
            <CharacterOffsetEnd>355</CharacterOffsetEnd>
            <POS>IN</POS>
          </token>
          <token id="14">
            <word>an</word>
            <lemma>a</lemma>
            <CharacterOffsetBegin>356</CharacterOffsetBegin>
            <CharacterOffsetEnd>358</CharacterOffsetEnd>
            <POS>DT</POS>
          </token>
          <token id="15">
            <word>altercation</word>
            <lemma>altercation</lemma>
            <CharacterOffsetBegin>359</CharacterOffsetBegin>
            <CharacterOffsetEnd>370</CharacterOffsetEnd>
            <POS>NN</POS>
          </token>
          <token id="16">
            <word>at</word>
            <lemma>at</lemma>
            <CharacterOffsetBegin>371</CharacterOffsetBegin>
            <CharacterOffsetEnd>373</CharacterOffsetEnd>
            <POS>IN</POS>
          </token>
          <token id="17">
            <word>Lyons</word>
            <lemma>Lyons</lemma>
            <CharacterOffsetBegin>374</CharacterOffsetBegin>
            <CharacterOffsetEnd>379</CharacterOffsetEnd>
            <POS>NNP</POS>
          </token>
          <token id="18">
            <word>Elementary</word>
            <lemma>Elementary</lemma>
            <CharacterOffsetBegin>380</CharacterOffsetBegin>
            <CharacterOffsetEnd>390</CharacterOffsetEnd>
            <POS>NNP</POS>
          </token>
          <token id="19">
            <word>School</word>
            <lemma>School</lemma>
            <CharacterOffsetBegin>391</CharacterOffsetBegin>
            <CharacterOffsetEnd>397</CharacterOffsetEnd>
            <POS>NNP</POS>
          </token>
          <token id="20">
            <word>on</word>
            <lemma>on</lemma>
            <CharacterOffsetBegin>398</CharacterOffsetBegin>
            <CharacterOffsetEnd>400</CharacterOffsetEnd>
            <POS>IN</POS>
          </token>
          <token id="21">
            <word>Wednesday</word>
            <lemma>Wednesday</lemma>
            <CharacterOffsetBegin>401</CharacterOffsetBegin>
            <CharacterOffsetEnd>410</CharacterOffsetEnd>
            <POS>NNP</POS>
          </token>
          <token id="22">
            <word>.</word>
            <lemma>.</lemma>
            <CharacterOffsetBegin>410</CharacterOffsetBegin>
            <CharacterOffsetEnd>411</CharacterOffsetEnd>
            <POS>.</POS>
          </token>
        </tokens>
      </sentence>
      <sentence id="4">
        <tokens>
          <token id="1">
            <word>Garcia</word>
            <lemma>Garcia</lemma>
            <CharacterOffsetBegin>412</CharacterOffsetBegin>
            <CharacterOffsetEnd>418</CharacterOffsetEnd>
            <POS>NNP</POS>
          </token>
          <token id="2">
            <word>says</word>
            <lemma>say</lemma>
            <CharacterOffsetBegin>419</CharacterOffsetBegin>
            <CharacterOffsetEnd>423</CharacterOffsetEnd>
            <POS>VBZ</POS>
          </token>
          <token id="3">
            <word>the</word>
            <lemma>the</lemma>
            <CharacterOffsetBegin>424</CharacterOffsetBegin>
            <CharacterOffsetEnd>427</CharacterOffsetEnd>
            <POS>DT</POS>
          </token>
          <token id="4">
            <word>next</word>
            <lemma>next</lemma>
            <CharacterOffsetBegin>428</CharacterOffsetBegin>
            <CharacterOffsetEnd>432</CharacterOffsetEnd>
            <POS>JJ</POS>
          </token>
          <token id="5">
            <word>morning</word>
            <lemma>morning</lemma>
            <CharacterOffsetBegin>433</CharacterOffsetBegin>
            <CharacterOffsetEnd>440</CharacterOffsetEnd>
            <POS>NN</POS>
          </token>
          <token id="6">
            <word>the</word>
            <lemma>the</lemma>
            <CharacterOffsetBegin>441</CharacterOffsetBegin>
            <CharacterOffsetEnd>444</CharacterOffsetEnd>
            <POS>DT</POS>
          </token>
          <token id="7">
            <word>parents</word>
            <lemma>parent</lemma>
            <CharacterOffsetBegin>445</CharacterOffsetBegin>
            <CharacterOffsetEnd>452</CharacterOffsetEnd>
            <POS>NNS</POS>
          </token>
          <token id="8">
            <word>drove</word>
            <lemma>drive</lemma>
            <CharacterOffsetBegin>453</CharacterOffsetBegin>
            <CharacterOffsetEnd>458</CharacterOffsetEnd>
            <POS>VBD</POS>
          </token>
          <token id="9">
            <word>to</word>
            <lemma>to</lemma>
            <CharacterOffsetBegin>459</CharacterOffsetBegin>
            <CharacterOffsetEnd>461</CharacterOffsetEnd>
            <POS>TO</POS>
          </token>
          <token id="10">
            <word>the</word>
            <lemma>the</lemma>
            <CharacterOffsetBegin>462</CharacterOffsetBegin>
            <CharacterOffsetEnd>465</CharacterOffsetEnd>
            <POS>DT</POS>
          </token>
          <token id="11">
            <word>area</word>
            <lemma>area</lemma>
            <CharacterOffsetBegin>466</CharacterOffsetBegin>
            <CharacterOffsetEnd>470</CharacterOffsetEnd>
            <POS>NN</POS>
          </token>
          <token id="12">
            <word>,</word>
            <lemma>,</lemma>
            <CharacterOffsetBegin>470</CharacterOffsetBegin>
            <CharacterOffsetEnd>471</CharacterOffsetEnd>
            <POS>,</POS>
          </token>
          <token id="13">
            <word>let</word>
            <lemma>let</lemma>
            <CharacterOffsetBegin>472</CharacterOffsetBegin>
            <CharacterOffsetEnd>475</CharacterOffsetEnd>
            <POS>VB</POS>
          </token>
          <token id="14">
            <word>out</word>
            <lemma>out</lemma>
            <CharacterOffsetBegin>476</CharacterOffsetBegin>
            <CharacterOffsetEnd>479</CharacterOffsetEnd>
            <POS>RP</POS>
          </token>
          <token id="15">
            <word>their</word>
            <lemma>they</lemma>
            <CharacterOffsetBegin>480</CharacterOffsetBegin>
            <CharacterOffsetEnd>485</CharacterOffsetEnd>
            <POS>PRP$</POS>
          </token>
          <token id="16">
            <word>son</word>
            <lemma>son</lemma>
            <CharacterOffsetBegin>486</CharacterOffsetBegin>
            <CharacterOffsetEnd>489</CharacterOffsetEnd>
            <POS>NN</POS>
          </token>
          <token id="17">
            <word>and</word>
            <lemma>and</lemma>
            <CharacterOffsetBegin>490</CharacterOffsetBegin>
            <CharacterOffsetEnd>493</CharacterOffsetEnd>
            <POS>CC</POS>
          </token>
          <token id="18">
            <word>told</word>
            <lemma>tell</lemma>
            <CharacterOffsetBegin>494</CharacterOffsetBegin>
            <CharacterOffsetEnd>498</CharacterOffsetEnd>
            <POS>VBD</POS>
          </token>
          <token id="19">
            <word>him</word>
            <lemma>he</lemma>
            <CharacterOffsetBegin>499</CharacterOffsetBegin>
            <CharacterOffsetEnd>502</CharacterOffsetEnd>
            <POS>PRP</POS>
          </token>
          <token id="20">
            <word>to</word>
            <lemma>to</lemma>
            <CharacterOffsetBegin>503</CharacterOffsetBegin>
            <CharacterOffsetEnd>505</CharacterOffsetEnd>
            <POS>TO</POS>
          </token>
          <token id="21">
            <word>beat</word>
            <lemma>beat</lemma>
            <CharacterOffsetBegin>506</CharacterOffsetBegin>
            <CharacterOffsetEnd>510</CharacterOffsetEnd>
            <POS>VB</POS>
          </token>
          <token id="22">
            <word>the</word>
            <lemma>the</lemma>
            <CharacterOffsetBegin>511</CharacterOffsetBegin>
            <CharacterOffsetEnd>514</CharacterOffsetEnd>
            <POS>DT</POS>
          </token>
          <token id="23">
            <word>other</word>
            <lemma>other</lemma>
            <CharacterOffsetBegin>515</CharacterOffsetBegin>
            <CharacterOffsetEnd>520</CharacterOffsetEnd>
            <POS>JJ</POS>
          </token>
          <token id="24">
            <word>boy</word>
            <lemma>boy</lemma>
            <CharacterOffsetBegin>521</CharacterOffsetBegin>
            <CharacterOffsetEnd>524</CharacterOffsetEnd>
            <POS>NN</POS>
          </token>
          <token id="25">
            <word>.</word>
            <lemma>.</lemma>
            <CharacterOffsetBegin>524</CharacterOffsetBegin>
            <CharacterOffsetEnd>525</CharacterOffsetEnd>
            <POS>.</POS>
          </token>
        </tokens>
      </sentence>
      <sentence id="5">
        <tokens>
          <token id="1">
            <word>Garcia</word>
            <lemma>Garcia</lemma>
            <CharacterOffsetBegin>526</CharacterOffsetBegin>
            <CharacterOffsetEnd>532</CharacterOffsetEnd>
            <POS>NNP</POS>
          </token>
          <token id="2">
            <word>says</word>
            <lemma>say</lemma>
            <CharacterOffsetBegin>533</CharacterOffsetBegin>
            <CharacterOffsetEnd>537</CharacterOffsetEnd>
            <POS>VBZ</POS>
          </token>
          <token id="3">
            <word>the</word>
            <lemma>the</lemma>
            <CharacterOffsetBegin>538</CharacterOffsetBegin>
            <CharacterOffsetEnd>541</CharacterOffsetEnd>
            <POS>DT</POS>
          </token>
          <token id="4">
            <word>couple</word>
            <lemma>couple</lemma>
            <CharacterOffsetBegin>542</CharacterOffsetBegin>
            <CharacterOffsetEnd>548</CharacterOffsetEnd>
            <POS>NN</POS>
          </token>
          <token id="5">
            <word>'s</word>
            <lemma>'s</lemma>
            <CharacterOffsetBegin>548</CharacterOffsetBegin>
            <CharacterOffsetEnd>550</CharacterOffsetEnd>
            <POS>POS</POS>
          </token>
          <token id="6">
            <word>7-year-old</word>
            <lemma>7-year-old</lemma>
            <CharacterOffsetBegin>551</CharacterOffsetBegin>
            <CharacterOffsetEnd>561</CharacterOffsetEnd>
            <POS>JJ</POS>
          </token>
          <token id="7">
            <word>punched</word>
            <lemma>punch</lemma>
            <CharacterOffsetBegin>562</CharacterOffsetBegin>
            <CharacterOffsetEnd>569</CharacterOffsetEnd>
            <POS>VBD</POS>
          </token>
          <token id="8">
            <word>the</word>
            <lemma>the</lemma>
            <CharacterOffsetBegin>570</CharacterOffsetBegin>
            <CharacterOffsetEnd>573</CharacterOffsetEnd>
            <POS>DT</POS>
          </token>
          <token id="9">
            <word>other</word>
            <lemma>other</lemma>
            <CharacterOffsetBegin>574</CharacterOffsetBegin>
            <CharacterOffsetEnd>579</CharacterOffsetEnd>
            <POS>JJ</POS>
          </token>
          <token id="10">
            <word>child</word>
            <lemma>child</lemma>
            <CharacterOffsetBegin>580</CharacterOffsetBegin>
            <CharacterOffsetEnd>585</CharacterOffsetEnd>
            <POS>NN</POS>
          </token>
          <token id="11">
            <word>,</word>
            <lemma>,</lemma>
            <CharacterOffsetBegin>585</CharacterOffsetBegin>
            <CharacterOffsetEnd>586</CharacterOffsetEnd>
            <POS>,</POS>
          </token>
          <token id="12">
            <word>knocking</word>
            <lemma>knock</lemma>
            <CharacterOffsetBegin>587</CharacterOffsetBegin>
            <CharacterOffsetEnd>595</CharacterOffsetEnd>
            <POS>VBG</POS>
          </token>
          <token id="13">
            <word>him</word>
            <lemma>he</lemma>
            <CharacterOffsetBegin>596</CharacterOffsetBegin>
            <CharacterOffsetEnd>599</CharacterOffsetEnd>
            <POS>PRP</POS>
          </token>
          <token id="14">
            <word>to</word>
            <lemma>to</lemma>
            <CharacterOffsetBegin>600</CharacterOffsetBegin>
            <CharacterOffsetEnd>602</CharacterOffsetEnd>
            <POS>TO</POS>
          </token>
          <token id="15">
            <word>the</word>
            <lemma>the</lemma>
            <CharacterOffsetBegin>603</CharacterOffsetBegin>
            <CharacterOffsetEnd>606</CharacterOffsetEnd>
            <POS>DT</POS>
          </token>
          <token id="16">
            <word>ground</word>
            <lemma>ground</lemma>
            <CharacterOffsetBegin>607</CharacterOffsetBegin>
            <CharacterOffsetEnd>613</CharacterOffsetEnd>
            <POS>NN</POS>
          </token>
          <token id="17">
            <word>.</word>
            <lemma>.</lemma>
            <CharacterOffsetBegin>613</CharacterOffsetBegin>
            <CharacterOffsetEnd>614</CharacterOffsetEnd>
            <POS>.</POS>
          </token>
        </tokens>
      </sentence>
      <sentence id="6">
        <tokens>
          <token id="1">
            <word>When</word>
            <lemma>when</lemma>
            <CharacterOffsetBegin>615</CharacterOffsetBegin>
            <CharacterOffsetEnd>619</CharacterOffsetEnd>
            <POS>WRB</POS>
          </token>
          <token id="2">
            <word>the</word>
            <lemma>the</lemma>
            <CharacterOffsetBegin>620</CharacterOffsetBegin>
            <CharacterOffsetEnd>623</CharacterOffsetEnd>
            <POS>DT</POS>
          </token>
          <token id="3">
            <word>crossing</word>
            <lemma>cross</lemma>
            <CharacterOffsetBegin>624</CharacterOffsetBegin>
            <CharacterOffsetEnd>632</CharacterOffsetEnd>
            <POS>VBG</POS>
          </token>
          <token id="4">
            <word>guard</word>
            <lemma>guard</lemma>
            <CharacterOffsetBegin>633</CharacterOffsetBegin>
            <CharacterOffsetEnd>638</CharacterOffsetEnd>
            <POS>NN</POS>
          </token>
          <token id="5">
            <word>intervened</word>
            <lemma>intervene</lemma>
            <CharacterOffsetBegin>639</CharacterOffsetBegin>
            <CharacterOffsetEnd>649</CharacterOffsetEnd>
            <POS>VBD</POS>
          </token>
          <token id="6">
            <word>,</word>
            <lemma>,</lemma>
            <CharacterOffsetBegin>649</CharacterOffsetBegin>
            <CharacterOffsetEnd>650</CharacterOffsetEnd>
            <POS>,</POS>
          </token>
          <token id="7">
            <word>Garcia</word>
            <lemma>Garcia</lemma>
            <CharacterOffsetBegin>651</CharacterOffsetBegin>
            <CharacterOffsetEnd>657</CharacterOffsetEnd>
            <POS>NNP</POS>
          </token>
          <token id="8">
            <word>says</word>
            <lemma>say</lemma>
            <CharacterOffsetBegin>658</CharacterOffsetBegin>
            <CharacterOffsetEnd>662</CharacterOffsetEnd>
            <POS>VBZ</POS>
          </token>
          <token id="9">
            <word>the</word>
            <lemma>the</lemma>
            <CharacterOffsetBegin>663</CharacterOffsetBegin>
            <CharacterOffsetEnd>666</CharacterOffsetEnd>
            <POS>DT</POS>
          </token>
          <token id="10">
            <word>couple</word>
            <lemma>couple</lemma>
            <CharacterOffsetBegin>667</CharacterOffsetBegin>
            <CharacterOffsetEnd>673</CharacterOffsetEnd>
            <POS>NN</POS>
          </token>
          <token id="11">
            <word>attacked</word>
            <lemma>attack</lemma>
            <CharacterOffsetBegin>674</CharacterOffsetBegin>
            <CharacterOffsetEnd>682</CharacterOffsetEnd>
            <POS>VBD</POS>
          </token>
          <token id="12">
            <word>him</word>
            <lemma>he</lemma>
            <CharacterOffsetBegin>683</CharacterOffsetBegin>
            <CharacterOffsetEnd>686</CharacterOffsetEnd>
            <POS>PRP</POS>
          </token>
          <token id="13">
            <word>.</word>
            <lemma>.</lemma>
            <CharacterOffsetBegin>686</CharacterOffsetBegin>
            <CharacterOffsetEnd>687</CharacterOffsetEnd>
            <POS>.</POS>
          </token>
        </tokens>
      </sentence>
      <sentence id="7">
        <tokens>
          <token id="1">
            <word>The</word>
            <lemma>the</lemma>
            <CharacterOffsetBegin>688</CharacterOffsetBegin>
            <CharacterOffsetEnd>691</CharacterOffsetEnd>
            <POS>DT</POS>
          </token>
          <token id="2">
            <word>State</word>
            <lemma>State</lemma>
            <CharacterOffsetBegin>692</CharacterOffsetBegin>
            <CharacterOffsetEnd>697</CharacterOffsetEnd>
            <POS>NNP</POS>
          </token>
          <token id="3">
            <word>Journal</word>
            <lemma>Journal</lemma>
            <CharacterOffsetBegin>698</CharacterOffsetBegin>
            <CharacterOffsetEnd>705</CharacterOffsetEnd>
            <POS>NNP</POS>
          </token>
          <token id="4">
            <word>says</word>
            <lemma>say</lemma>
            <CharacterOffsetBegin>706</CharacterOffsetBegin>
            <CharacterOffsetEnd>710</CharacterOffsetEnd>
            <POS>VBZ</POS>
          </token>
          <token id="5">
            <word>the</word>
            <lemma>the</lemma>
            <CharacterOffsetBegin>711</CharacterOffsetBegin>
            <CharacterOffsetEnd>714</CharacterOffsetEnd>
            <POS>DT</POS>
          </token>
          <token id="6">
            <word>parents</word>
            <lemma>parent</lemma>
            <CharacterOffsetBegin>715</CharacterOffsetBegin>
            <CharacterOffsetEnd>722</CharacterOffsetEnd>
            <POS>NNS</POS>
          </token>
          <token id="7">
            <word>were</word>
            <lemma>be</lemma>
            <CharacterOffsetBegin>723</CharacterOffsetBegin>
            <CharacterOffsetEnd>727</CharacterOffsetEnd>
            <POS>VBD</POS>
          </token>
          <token id="8">
            <word>arrested</word>
            <lemma>arrest</lemma>
            <CharacterOffsetBegin>728</CharacterOffsetBegin>
            <CharacterOffsetEnd>736</CharacterOffsetEnd>
            <POS>VBN</POS>
          </token>
          <token id="9">
            <word>Friday</word>
            <lemma>Friday</lemma>
            <CharacterOffsetBegin>737</CharacterOffsetBegin>
            <CharacterOffsetEnd>743</CharacterOffsetEnd>
            <POS>NNP</POS>
          </token>
          <token id="10">
            <word>and</word>
            <lemma>and</lemma>
            <CharacterOffsetBegin>744</CharacterOffsetBegin>
            <CharacterOffsetEnd>747</CharacterOffsetEnd>
            <POS>CC</POS>
          </token>
          <token id="11">
            <word>are</word>
            <lemma>be</lemma>
            <CharacterOffsetBegin>748</CharacterOffsetBegin>
            <CharacterOffsetEnd>751</CharacterOffsetEnd>
            <POS>VBP</POS>
          </token>
          <token id="12">
            <word>expected</word>
            <lemma>expect</lemma>
            <CharacterOffsetBegin>752</CharacterOffsetBegin>
            <CharacterOffsetEnd>760</CharacterOffsetEnd>
            <POS>VBN</POS>
          </token>
          <token id="13">
            <word>to</word>
            <lemma>to</lemma>
            <CharacterOffsetBegin>761</CharacterOffsetBegin>
            <CharacterOffsetEnd>763</CharacterOffsetEnd>
            <POS>TO</POS>
          </token>
          <token id="14">
            <word>be</word>
            <lemma>be</lemma>
            <CharacterOffsetBegin>764</CharacterOffsetBegin>
            <CharacterOffsetEnd>766</CharacterOffsetEnd>
            <POS>VB</POS>
          </token>
          <token id="15">
            <word>arraigned</word>
            <lemma>arraign</lemma>
            <CharacterOffsetBegin>767</CharacterOffsetBegin>
            <CharacterOffsetEnd>776</CharacterOffsetEnd>
            <POS>VBN</POS>
          </token>
          <token id="16">
            <word>Monday</word>
            <lemma>Monday</lemma>
            <CharacterOffsetBegin>777</CharacterOffsetBegin>
            <CharacterOffsetEnd>783</CharacterOffsetEnd>
            <POS>NNP</POS>
          </token>
          <token id="17">
            <word>on</word>
            <lemma>on</lemma>
            <CharacterOffsetBegin>784</CharacterOffsetBegin>
            <CharacterOffsetEnd>786</CharacterOffsetEnd>
            <POS>IN</POS>
          </token>
          <token id="18">
            <word>charges</word>
            <lemma>charge</lemma>
            <CharacterOffsetBegin>787</CharacterOffsetBegin>
            <CharacterOffsetEnd>794</CharacterOffsetEnd>
            <POS>NNS</POS>
          </token>
          <token id="19">
            <word>of</word>
            <lemma>of</lemma>
            <CharacterOffsetBegin>795</CharacterOffsetBegin>
            <CharacterOffsetEnd>797</CharacterOffsetEnd>
            <POS>IN</POS>
          </token>
          <token id="20">
            <word>assault</word>
            <lemma>assault</lemma>
            <CharacterOffsetBegin>798</CharacterOffsetBegin>
            <CharacterOffsetEnd>805</CharacterOffsetEnd>
            <POS>NN</POS>
          </token>
          <token id="21">
            <word>or</word>
            <lemma>or</lemma>
            <CharacterOffsetBegin>806</CharacterOffsetBegin>
            <CharacterOffsetEnd>808</CharacterOffsetEnd>
            <POS>CC</POS>
          </token>
          <token id="22">
            <word>assault</word>
            <lemma>assault</lemma>
            <CharacterOffsetBegin>809</CharacterOffsetBegin>
            <CharacterOffsetEnd>816</CharacterOffsetEnd>
            <POS>NN</POS>
          </token>
          <token id="23">
            <word>and</word>
            <lemma>and</lemma>
            <CharacterOffsetBegin>817</CharacterOffsetBegin>
            <CharacterOffsetEnd>820</CharacterOffsetEnd>
            <POS>CC</POS>
          </token>
          <token id="24">
            <word>battery</word>
            <lemma>battery</lemma>
            <CharacterOffsetBegin>821</CharacterOffsetBegin>
            <CharacterOffsetEnd>828</CharacterOffsetEnd>
            <POS>NN</POS>
          </token>
          <token id="25">
            <word>and</word>
            <lemma>and</lemma>
            <CharacterOffsetBegin>829</CharacterOffsetBegin>
            <CharacterOffsetEnd>832</CharacterOffsetEnd>
            <POS>CC</POS>
          </token>
          <token id="26">
            <word>contributing</word>
            <lemma>contribute</lemma>
            <CharacterOffsetBegin>833</CharacterOffsetBegin>
            <CharacterOffsetEnd>845</CharacterOffsetEnd>
            <POS>VBG</POS>
          </token>
          <token id="27">
            <word>to</word>
            <lemma>to</lemma>
            <CharacterOffsetBegin>846</CharacterOffsetBegin>
            <CharacterOffsetEnd>848</CharacterOffsetEnd>
            <POS>TO</POS>
          </token>
          <token id="28">
            <word>the</word>
            <lemma>the</lemma>
            <CharacterOffsetBegin>849</CharacterOffsetBegin>
            <CharacterOffsetEnd>852</CharacterOffsetEnd>
            <POS>DT</POS>
          </token>
          <token id="29">
            <word>delinquency</word>
            <lemma>delinquency</lemma>
            <CharacterOffsetBegin>853</CharacterOffsetBegin>
            <CharacterOffsetEnd>864</CharacterOffsetEnd>
            <POS>NN</POS>
          </token>
          <token id="30">
            <word>of</word>
            <lemma>of</lemma>
            <CharacterOffsetBegin>865</CharacterOffsetBegin>
            <CharacterOffsetEnd>867</CharacterOffsetEnd>
            <POS>IN</POS>
          </token>
          <token id="31">
            <word>a</word>
            <lemma>a</lemma>
            <CharacterOffsetBegin>868</CharacterOffsetBegin>
            <CharacterOffsetEnd>869</CharacterOffsetEnd>
            <POS>DT</POS>
          </token>
          <token id="32">
            <word>minor</word>
            <lemma>minor</lemma>
            <CharacterOffsetBegin>870</CharacterOffsetBegin>
            <CharacterOffsetEnd>875</CharacterOffsetEnd>
            <POS>JJ</POS>
          </token>
          <token id="33">
            <word>.</word>
            <lemma>.</lemma>
            <CharacterOffsetBegin>875</CharacterOffsetBegin>
            <CharacterOffsetEnd>876</CharacterOffsetEnd>
            <POS>.</POS>
          </token>
        </tokens>
      </sentence>
    </sentences>
  </document>
</root>
