<?xml version="1.0" encoding="UTF-8"?>
<?xml-stylesheet href="CoreNLP-to-HTML.xsl" type="text/xsl"?>
<root>
  <document>
    <sentences>
      <sentence id="1">
        <tokens>
          <token id="1">
            <word>Police</word>
            <lemma>police</lemma>
            <CharacterOffsetBegin>0</CharacterOffsetBegin>
            <CharacterOffsetEnd>6</CharacterOffsetEnd>
            <POS>NNS</POS>
          </token>
          <token id="2">
            <word>identify</word>
            <lemma>identify</lemma>
            <CharacterOffsetBegin>7</CharacterOffsetBegin>
            <CharacterOffsetEnd>15</CharacterOffsetEnd>
            <POS>VBP</POS>
          </token>
          <token id="3">
            <word>man</word>
            <lemma>man</lemma>
            <CharacterOffsetBegin>16</CharacterOffsetBegin>
            <CharacterOffsetEnd>19</CharacterOffsetEnd>
            <POS>NN</POS>
          </token>
          <token id="4">
            <word>killed</word>
            <lemma>kill</lemma>
            <CharacterOffsetBegin>20</CharacterOffsetBegin>
            <CharacterOffsetEnd>26</CharacterOffsetEnd>
            <POS>VBN</POS>
          </token>
          <token id="5">
            <word>in</word>
            <lemma>in</lemma>
            <CharacterOffsetBegin>27</CharacterOffsetBegin>
            <CharacterOffsetEnd>29</CharacterOffsetEnd>
            <POS>IN</POS>
          </token>
          <token id="6">
            <word>pursuit</word>
            <lemma>pursuit</lemma>
            <CharacterOffsetBegin>30</CharacterOffsetBegin>
            <CharacterOffsetEnd>37</CharacterOffsetEnd>
            <POS>NN</POS>
          </token>
        </tokens>
      </sentence>
      <sentence id="2">
        <tokens>
          <token id="1">
            <word>Police</word>
            <lemma>police</lemma>
            <CharacterOffsetBegin>39</CharacterOffsetBegin>
            <CharacterOffsetEnd>45</CharacterOffsetEnd>
            <POS>NNS</POS>
          </token>
          <token id="2">
            <word>have</word>
            <lemma>have</lemma>
            <CharacterOffsetBegin>46</CharacterOffsetBegin>
            <CharacterOffsetEnd>50</CharacterOffsetEnd>
            <POS>VBP</POS>
          </token>
          <token id="3">
            <word>identified</word>
            <lemma>identify</lemma>
            <CharacterOffsetBegin>51</CharacterOffsetBegin>
            <CharacterOffsetEnd>61</CharacterOffsetEnd>
            <POS>VBN</POS>
          </token>
          <token id="4">
            <word>a</word>
            <lemma>a</lemma>
            <CharacterOffsetBegin>62</CharacterOffsetBegin>
            <CharacterOffsetEnd>63</CharacterOffsetEnd>
            <POS>DT</POS>
          </token>
          <token id="5">
            <word>man</word>
            <lemma>man</lemma>
            <CharacterOffsetBegin>64</CharacterOffsetBegin>
            <CharacterOffsetEnd>67</CharacterOffsetEnd>
            <POS>NN</POS>
          </token>
          <token id="6">
            <word>killed</word>
            <lemma>kill</lemma>
            <CharacterOffsetBegin>68</CharacterOffsetBegin>
            <CharacterOffsetEnd>74</CharacterOffsetEnd>
            <POS>VBN</POS>
          </token>
          <token id="7">
            <word>in</word>
            <lemma>in</lemma>
            <CharacterOffsetBegin>75</CharacterOffsetBegin>
            <CharacterOffsetEnd>77</CharacterOffsetEnd>
            <POS>IN</POS>
          </token>
          <token id="8">
            <word>a</word>
            <lemma>a</lemma>
            <CharacterOffsetBegin>78</CharacterOffsetBegin>
            <CharacterOffsetEnd>79</CharacterOffsetEnd>
            <POS>DT</POS>
          </token>
          <token id="9">
            <word>Zions</word>
            <lemma>Zions</lemma>
            <CharacterOffsetBegin>80</CharacterOffsetBegin>
            <CharacterOffsetEnd>85</CharacterOffsetEnd>
            <POS>NNP</POS>
          </token>
          <token id="10">
            <word>Bank</word>
            <lemma>Bank</lemma>
            <CharacterOffsetBegin>86</CharacterOffsetBegin>
            <CharacterOffsetEnd>90</CharacterOffsetEnd>
            <POS>NNP</POS>
          </token>
          <token id="11">
            <word>robbery</word>
            <lemma>robbery</lemma>
            <CharacterOffsetBegin>91</CharacterOffsetBegin>
            <CharacterOffsetEnd>98</CharacterOffsetEnd>
            <POS>NN</POS>
          </token>
          <token id="12">
            <word>Friday</word>
            <lemma>Friday</lemma>
            <CharacterOffsetBegin>99</CharacterOffsetBegin>
            <CharacterOffsetEnd>105</CharacterOffsetEnd>
            <POS>NNP</POS>
          </token>
          <token id="13">
            <word>and</word>
            <lemma>and</lemma>
            <CharacterOffsetBegin>106</CharacterOffsetBegin>
            <CharacterOffsetEnd>109</CharacterOffsetEnd>
            <POS>CC</POS>
          </token>
          <token id="14">
            <word>have</word>
            <lemma>have</lemma>
            <CharacterOffsetBegin>110</CharacterOffsetBegin>
            <CharacterOffsetEnd>114</CharacterOffsetEnd>
            <POS>VBP</POS>
          </token>
          <token id="15">
            <word>arrested</word>
            <lemma>arrest</lemma>
            <CharacterOffsetBegin>115</CharacterOffsetBegin>
            <CharacterOffsetEnd>123</CharacterOffsetEnd>
            <POS>VBN</POS>
          </token>
          <token id="16">
            <word>a</word>
            <lemma>a</lemma>
            <CharacterOffsetBegin>124</CharacterOffsetBegin>
            <CharacterOffsetEnd>125</CharacterOffsetEnd>
            <POS>DT</POS>
          </token>
          <token id="17">
            <word>second</word>
            <lemma>second</lemma>
            <CharacterOffsetBegin>126</CharacterOffsetBegin>
            <CharacterOffsetEnd>132</CharacterOffsetEnd>
            <POS>JJ</POS>
          </token>
          <token id="18">
            <word>man</word>
            <lemma>man</lemma>
            <CharacterOffsetBegin>133</CharacterOffsetBegin>
            <CharacterOffsetEnd>136</CharacterOffsetEnd>
            <POS>NN</POS>
          </token>
          <token id="19">
            <word>in</word>
            <lemma>in</lemma>
            <CharacterOffsetBegin>137</CharacterOffsetBegin>
            <CharacterOffsetEnd>139</CharacterOffsetEnd>
            <POS>IN</POS>
          </token>
          <token id="20">
            <word>the</word>
            <lemma>the</lemma>
            <CharacterOffsetBegin>140</CharacterOffsetBegin>
            <CharacterOffsetEnd>143</CharacterOffsetEnd>
            <POS>DT</POS>
          </token>
          <token id="21">
            <word>case</word>
            <lemma>case</lemma>
            <CharacterOffsetBegin>144</CharacterOffsetBegin>
            <CharacterOffsetEnd>148</CharacterOffsetEnd>
            <POS>NN</POS>
          </token>
          <token id="22">
            <word>.</word>
            <lemma>.</lemma>
            <CharacterOffsetBegin>148</CharacterOffsetBegin>
            <CharacterOffsetEnd>149</CharacterOffsetEnd>
            <POS>.</POS>
          </token>
        </tokens>
      </sentence>
      <sentence id="3">
        <tokens>
          <token id="1">
            <word>Steven</word>
            <lemma>Steven</lemma>
            <CharacterOffsetBegin>150</CharacterOffsetBegin>
            <CharacterOffsetEnd>156</CharacterOffsetEnd>
            <POS>NNP</POS>
          </token>
          <token id="2">
            <word>Charles</word>
            <lemma>Charles</lemma>
            <CharacterOffsetBegin>157</CharacterOffsetBegin>
            <CharacterOffsetEnd>164</CharacterOffsetEnd>
            <POS>NNP</POS>
          </token>
          <token id="3">
            <word>Leonard</word>
            <lemma>Leonard</lemma>
            <CharacterOffsetBegin>165</CharacterOffsetBegin>
            <CharacterOffsetEnd>172</CharacterOffsetEnd>
            <POS>NNP</POS>
          </token>
          <token id="4">
            <word>,</word>
            <lemma>,</lemma>
            <CharacterOffsetBegin>172</CharacterOffsetBegin>
            <CharacterOffsetEnd>173</CharacterOffsetEnd>
            <POS>,</POS>
          </token>
          <token id="5">
            <word>63</word>
            <lemma>63</lemma>
            <CharacterOffsetBegin>174</CharacterOffsetBegin>
            <CharacterOffsetEnd>176</CharacterOffsetEnd>
            <POS>CD</POS>
          </token>
          <token id="6">
            <word>,</word>
            <lemma>,</lemma>
            <CharacterOffsetBegin>176</CharacterOffsetBegin>
            <CharacterOffsetEnd>177</CharacterOffsetEnd>
            <POS>,</POS>
          </token>
          <token id="7">
            <word>was</word>
            <lemma>be</lemma>
            <CharacterOffsetBegin>178</CharacterOffsetBegin>
            <CharacterOffsetEnd>181</CharacterOffsetEnd>
            <POS>VBD</POS>
          </token>
          <token id="8">
            <word>shot</word>
            <lemma>shoot</lemma>
            <CharacterOffsetBegin>182</CharacterOffsetBegin>
            <CharacterOffsetEnd>186</CharacterOffsetEnd>
            <POS>VBN</POS>
          </token>
          <token id="9">
            <word>by</word>
            <lemma>by</lemma>
            <CharacterOffsetBegin>187</CharacterOffsetBegin>
            <CharacterOffsetEnd>189</CharacterOffsetEnd>
            <POS>IN</POS>
          </token>
          <token id="10">
            <word>officers</word>
            <lemma>officer</lemma>
            <CharacterOffsetBegin>190</CharacterOffsetBegin>
            <CharacterOffsetEnd>198</CharacterOffsetEnd>
            <POS>NNS</POS>
          </token>
          <token id="11">
            <word>after</word>
            <lemma>after</lemma>
            <CharacterOffsetBegin>199</CharacterOffsetBegin>
            <CharacterOffsetEnd>204</CharacterOffsetEnd>
            <POS>IN</POS>
          </token>
          <token id="12">
            <word>he</word>
            <lemma>he</lemma>
            <CharacterOffsetBegin>205</CharacterOffsetBegin>
            <CharacterOffsetEnd>207</CharacterOffsetEnd>
            <POS>PRP</POS>
          </token>
          <token id="13">
            <word>made</word>
            <lemma>make</lemma>
            <CharacterOffsetBegin>208</CharacterOffsetBegin>
            <CharacterOffsetEnd>212</CharacterOffsetEnd>
            <POS>VBD</POS>
          </token>
          <token id="14">
            <word>clear</word>
            <lemma>clear</lemma>
            <CharacterOffsetBegin>213</CharacterOffsetBegin>
            <CharacterOffsetEnd>218</CharacterOffsetEnd>
            <POS>JJ</POS>
          </token>
          <token id="15">
            <word>actions</word>
            <lemma>action</lemma>
            <CharacterOffsetBegin>219</CharacterOffsetBegin>
            <CharacterOffsetEnd>226</CharacterOffsetEnd>
            <POS>NNS</POS>
          </token>
          <token id="16">
            <word>toward</word>
            <lemma>toward</lemma>
            <CharacterOffsetBegin>227</CharacterOffsetBegin>
            <CharacterOffsetEnd>233</CharacterOffsetEnd>
            <POS>IN</POS>
          </token>
          <token id="17">
            <word>them</word>
            <lemma>they</lemma>
            <CharacterOffsetBegin>234</CharacterOffsetBegin>
            <CharacterOffsetEnd>238</CharacterOffsetEnd>
            <POS>PRP</POS>
          </token>
          <token id="18">
            <word>while</word>
            <lemma>while</lemma>
            <CharacterOffsetBegin>239</CharacterOffsetBegin>
            <CharacterOffsetEnd>244</CharacterOffsetEnd>
            <POS>IN</POS>
          </token>
          <token id="19">
            <word>running</word>
            <lemma>run</lemma>
            <CharacterOffsetBegin>245</CharacterOffsetBegin>
            <CharacterOffsetEnd>252</CharacterOffsetEnd>
            <POS>VBG</POS>
          </token>
          <token id="20">
            <word>away</word>
            <lemma>away</lemma>
            <CharacterOffsetBegin>253</CharacterOffsetBegin>
            <CharacterOffsetEnd>257</CharacterOffsetEnd>
            <POS>RB</POS>
          </token>
          <token id="21">
            <word>in</word>
            <lemma>in</lemma>
            <CharacterOffsetBegin>258</CharacterOffsetBegin>
            <CharacterOffsetEnd>260</CharacterOffsetEnd>
            <POS>IN</POS>
          </token>
          <token id="22">
            <word>an</word>
            <lemma>a</lemma>
            <CharacterOffsetBegin>261</CharacterOffsetBegin>
            <CharacterOffsetEnd>263</CharacterOffsetEnd>
            <POS>DT</POS>
          </token>
          <token id="23">
            <word>apartment</word>
            <lemma>apartment</lemma>
            <CharacterOffsetBegin>264</CharacterOffsetBegin>
            <CharacterOffsetEnd>273</CharacterOffsetEnd>
            <POS>NN</POS>
          </token>
          <token id="24">
            <word>courtyard</word>
            <lemma>courtyard</lemma>
            <CharacterOffsetBegin>274</CharacterOffsetBegin>
            <CharacterOffsetEnd>283</CharacterOffsetEnd>
            <POS>NN</POS>
          </token>
          <token id="25">
            <word>,</word>
            <lemma>,</lemma>
            <CharacterOffsetBegin>283</CharacterOffsetBegin>
            <CharacterOffsetEnd>284</CharacterOffsetEnd>
            <POS>,</POS>
          </token>
          <token id="26">
            <word>according</word>
            <lemma>accord</lemma>
            <CharacterOffsetBegin>285</CharacterOffsetBegin>
            <CharacterOffsetEnd>294</CharacterOffsetEnd>
            <POS>VBG</POS>
          </token>
          <token id="27">
            <word>to</word>
            <lemma>to</lemma>
            <CharacterOffsetBegin>295</CharacterOffsetBegin>
            <CharacterOffsetEnd>297</CharacterOffsetEnd>
            <POS>TO</POS>
          </token>
          <token id="28">
            <word>a</word>
            <lemma>a</lemma>
            <CharacterOffsetBegin>298</CharacterOffsetBegin>
            <CharacterOffsetEnd>299</CharacterOffsetEnd>
            <POS>DT</POS>
          </token>
          <token id="29">
            <word>Salt</word>
            <lemma>Salt</lemma>
            <CharacterOffsetBegin>300</CharacterOffsetBegin>
            <CharacterOffsetEnd>304</CharacterOffsetEnd>
            <POS>NNP</POS>
          </token>
          <token id="30">
            <word>Lake</word>
            <lemma>Lake</lemma>
            <CharacterOffsetBegin>305</CharacterOffsetBegin>
            <CharacterOffsetEnd>309</CharacterOffsetEnd>
            <POS>NNP</POS>
          </token>
          <token id="31">
            <word>City</word>
            <lemma>City</lemma>
            <CharacterOffsetBegin>310</CharacterOffsetBegin>
            <CharacterOffsetEnd>314</CharacterOffsetEnd>
            <POS>NNP</POS>
          </token>
          <token id="32">
            <word>Police</word>
            <lemma>Police</lemma>
            <CharacterOffsetBegin>315</CharacterOffsetBegin>
            <CharacterOffsetEnd>321</CharacterOffsetEnd>
            <POS>NNP</POS>
          </token>
          <token id="33">
            <word>news</word>
            <lemma>news</lemma>
            <CharacterOffsetBegin>322</CharacterOffsetBegin>
            <CharacterOffsetEnd>326</CharacterOffsetEnd>
            <POS>NN</POS>
          </token>
          <token id="34">
            <word>release</word>
            <lemma>release</lemma>
            <CharacterOffsetBegin>327</CharacterOffsetBegin>
            <CharacterOffsetEnd>334</CharacterOffsetEnd>
            <POS>NN</POS>
          </token>
          <token id="35">
            <word>.</word>
            <lemma>.</lemma>
            <CharacterOffsetBegin>334</CharacterOffsetBegin>
            <CharacterOffsetEnd>335</CharacterOffsetEnd>
            <POS>.</POS>
          </token>
        </tokens>
      </sentence>
      <sentence id="4">
        <tokens>
          <token id="1">
            <word>The</word>
            <lemma>the</lemma>
            <CharacterOffsetBegin>336</CharacterOffsetBegin>
            <CharacterOffsetEnd>339</CharacterOffsetEnd>
            <POS>DT</POS>
          </token>
          <token id="2">
            <word>man</word>
            <lemma>man</lemma>
            <CharacterOffsetBegin>340</CharacterOffsetBegin>
            <CharacterOffsetEnd>343</CharacterOffsetEnd>
            <POS>NN</POS>
          </token>
          <token id="3">
            <word>was</word>
            <lemma>be</lemma>
            <CharacterOffsetBegin>344</CharacterOffsetBegin>
            <CharacterOffsetEnd>347</CharacterOffsetEnd>
            <POS>VBD</POS>
          </token>
          <token id="4">
            <word>taken</word>
            <lemma>take</lemma>
            <CharacterOffsetBegin>348</CharacterOffsetBegin>
            <CharacterOffsetEnd>353</CharacterOffsetEnd>
            <POS>VBN</POS>
          </token>
          <token id="5">
            <word>to</word>
            <lemma>to</lemma>
            <CharacterOffsetBegin>354</CharacterOffsetBegin>
            <CharacterOffsetEnd>356</CharacterOffsetEnd>
            <POS>TO</POS>
          </token>
          <token id="6">
            <word>a</word>
            <lemma>a</lemma>
            <CharacterOffsetBegin>357</CharacterOffsetBegin>
            <CharacterOffsetEnd>358</CharacterOffsetEnd>
            <POS>DT</POS>
          </token>
          <token id="7">
            <word>hospital</word>
            <lemma>hospital</lemma>
            <CharacterOffsetBegin>359</CharacterOffsetBegin>
            <CharacterOffsetEnd>367</CharacterOffsetEnd>
            <POS>NN</POS>
          </token>
          <token id="8">
            <word>where</word>
            <lemma>where</lemma>
            <CharacterOffsetBegin>368</CharacterOffsetBegin>
            <CharacterOffsetEnd>373</CharacterOffsetEnd>
            <POS>WRB</POS>
          </token>
          <token id="9">
            <word>he</word>
            <lemma>he</lemma>
            <CharacterOffsetBegin>374</CharacterOffsetBegin>
            <CharacterOffsetEnd>376</CharacterOffsetEnd>
            <POS>PRP</POS>
          </token>
          <token id="10">
            <word>later</word>
            <lemma>later</lemma>
            <CharacterOffsetBegin>377</CharacterOffsetBegin>
            <CharacterOffsetEnd>382</CharacterOffsetEnd>
            <POS>RB</POS>
          </token>
          <token id="11">
            <word>died</word>
            <lemma>die</lemma>
            <CharacterOffsetBegin>383</CharacterOffsetBegin>
            <CharacterOffsetEnd>387</CharacterOffsetEnd>
            <POS>VBD</POS>
          </token>
          <token id="12">
            <word>.</word>
            <lemma>.</lemma>
            <CharacterOffsetBegin>387</CharacterOffsetBegin>
            <CharacterOffsetEnd>388</CharacterOffsetEnd>
            <POS>.</POS>
          </token>
        </tokens>
      </sentence>
      <sentence id="5">
        <tokens>
          <token id="1">
            <word>Police</word>
            <lemma>police</lemma>
            <CharacterOffsetBegin>389</CharacterOffsetBegin>
            <CharacterOffsetEnd>395</CharacterOffsetEnd>
            <POS>NNS</POS>
          </token>
          <token id="2">
            <word>also</word>
            <lemma>also</lemma>
            <CharacterOffsetBegin>396</CharacterOffsetBegin>
            <CharacterOffsetEnd>400</CharacterOffsetEnd>
            <POS>RB</POS>
          </token>
          <token id="3">
            <word>arrested</word>
            <lemma>arrest</lemma>
            <CharacterOffsetBegin>401</CharacterOffsetBegin>
            <CharacterOffsetEnd>409</CharacterOffsetEnd>
            <POS>VBN</POS>
          </token>
          <token id="4">
            <word>Jason</word>
            <lemma>Jason</lemma>
            <CharacterOffsetBegin>410</CharacterOffsetBegin>
            <CharacterOffsetEnd>415</CharacterOffsetEnd>
            <POS>NNP</POS>
          </token>
          <token id="5">
            <word>Gibson</word>
            <lemma>Gibson</lemma>
            <CharacterOffsetBegin>416</CharacterOffsetBegin>
            <CharacterOffsetEnd>422</CharacterOffsetEnd>
            <POS>NNP</POS>
          </token>
          <token id="6">
            <word>,</word>
            <lemma>,</lemma>
            <CharacterOffsetBegin>422</CharacterOffsetBegin>
            <CharacterOffsetEnd>423</CharacterOffsetEnd>
            <POS>,</POS>
          </token>
          <token id="7">
            <word>37</word>
            <lemma>37</lemma>
            <CharacterOffsetBegin>424</CharacterOffsetBegin>
            <CharacterOffsetEnd>426</CharacterOffsetEnd>
            <POS>CD</POS>
          </token>
          <token id="8">
            <word>,</word>
            <lemma>,</lemma>
            <CharacterOffsetBegin>426</CharacterOffsetBegin>
            <CharacterOffsetEnd>427</CharacterOffsetEnd>
            <POS>,</POS>
          </token>
          <token id="9">
            <word>for</word>
            <lemma>for</lemma>
            <CharacterOffsetBegin>428</CharacterOffsetBegin>
            <CharacterOffsetEnd>431</CharacterOffsetEnd>
            <POS>IN</POS>
          </token>
          <token id="10">
            <word>suspicion</word>
            <lemma>suspicion</lemma>
            <CharacterOffsetBegin>432</CharacterOffsetBegin>
            <CharacterOffsetEnd>441</CharacterOffsetEnd>
            <POS>NN</POS>
          </token>
          <token id="11">
            <word>of</word>
            <lemma>of</lemma>
            <CharacterOffsetBegin>442</CharacterOffsetBegin>
            <CharacterOffsetEnd>444</CharacterOffsetEnd>
            <POS>IN</POS>
          </token>
          <token id="12">
            <word>aggravated</word>
            <lemma>aggravate</lemma>
            <CharacterOffsetBegin>445</CharacterOffsetBegin>
            <CharacterOffsetEnd>455</CharacterOffsetEnd>
            <POS>VBN</POS>
          </token>
          <token id="13">
            <word>robbery</word>
            <lemma>robbery</lemma>
            <CharacterOffsetBegin>456</CharacterOffsetBegin>
            <CharacterOffsetEnd>463</CharacterOffsetEnd>
            <POS>NN</POS>
          </token>
          <token id="14">
            <word>and</word>
            <lemma>and</lemma>
            <CharacterOffsetBegin>464</CharacterOffsetBegin>
            <CharacterOffsetEnd>467</CharacterOffsetEnd>
            <POS>CC</POS>
          </token>
          <token id="15">
            <word>homicide</word>
            <lemma>homicide</lemma>
            <CharacterOffsetBegin>468</CharacterOffsetBegin>
            <CharacterOffsetEnd>476</CharacterOffsetEnd>
            <POS>NN</POS>
          </token>
          <token id="16">
            <word>and</word>
            <lemma>and</lemma>
            <CharacterOffsetBegin>477</CharacterOffsetBegin>
            <CharacterOffsetEnd>480</CharacterOffsetEnd>
            <POS>CC</POS>
          </token>
          <token id="17">
            <word>fleeing</word>
            <lemma>flee</lemma>
            <CharacterOffsetBegin>481</CharacterOffsetBegin>
            <CharacterOffsetEnd>488</CharacterOffsetEnd>
            <POS>VBG</POS>
          </token>
          <token id="18">
            <word>from</word>
            <lemma>from</lemma>
            <CharacterOffsetBegin>489</CharacterOffsetBegin>
            <CharacterOffsetEnd>493</CharacterOffsetEnd>
            <POS>IN</POS>
          </token>
          <token id="19">
            <word>police</word>
            <lemma>police</lemma>
            <CharacterOffsetBegin>494</CharacterOffsetBegin>
            <CharacterOffsetEnd>500</CharacterOffsetEnd>
            <POS>NN</POS>
          </token>
          <token id="20">
            <word>.</word>
            <lemma>.</lemma>
            <CharacterOffsetBegin>500</CharacterOffsetBegin>
            <CharacterOffsetEnd>501</CharacterOffsetEnd>
            <POS>.</POS>
          </token>
        </tokens>
      </sentence>
      <sentence id="6">
        <tokens>
          <token id="1">
            <word>The</word>
            <lemma>the</lemma>
            <CharacterOffsetBegin>502</CharacterOffsetBegin>
            <CharacterOffsetEnd>505</CharacterOffsetEnd>
            <POS>DT</POS>
          </token>
          <token id="2">
            <word>officer</word>
            <lemma>officer</lemma>
            <CharacterOffsetBegin>506</CharacterOffsetBegin>
            <CharacterOffsetEnd>513</CharacterOffsetEnd>
            <POS>NN</POS>
          </token>
          <token id="3">
            <word>involved</word>
            <lemma>involve</lemma>
            <CharacterOffsetBegin>514</CharacterOffsetBegin>
            <CharacterOffsetEnd>522</CharacterOffsetEnd>
            <POS>VBN</POS>
          </token>
          <token id="4">
            <word>in</word>
            <lemma>in</lemma>
            <CharacterOffsetBegin>523</CharacterOffsetBegin>
            <CharacterOffsetEnd>525</CharacterOffsetEnd>
            <POS>IN</POS>
          </token>
          <token id="5">
            <word>the</word>
            <lemma>the</lemma>
            <CharacterOffsetBegin>526</CharacterOffsetBegin>
            <CharacterOffsetEnd>529</CharacterOffsetEnd>
            <POS>DT</POS>
          </token>
          <token id="6">
            <word>shooting</word>
            <lemma>shooting</lemma>
            <CharacterOffsetBegin>530</CharacterOffsetBegin>
            <CharacterOffsetEnd>538</CharacterOffsetEnd>
            <POS>NN</POS>
          </token>
          <token id="7">
            <word>has</word>
            <lemma>have</lemma>
            <CharacterOffsetBegin>539</CharacterOffsetBegin>
            <CharacterOffsetEnd>542</CharacterOffsetEnd>
            <POS>VBZ</POS>
          </token>
          <token id="8">
            <word>been</word>
            <lemma>be</lemma>
            <CharacterOffsetBegin>543</CharacterOffsetBegin>
            <CharacterOffsetEnd>547</CharacterOffsetEnd>
            <POS>VBN</POS>
          </token>
          <token id="9">
            <word>placed</word>
            <lemma>place</lemma>
            <CharacterOffsetBegin>548</CharacterOffsetBegin>
            <CharacterOffsetEnd>554</CharacterOffsetEnd>
            <POS>VBN</POS>
          </token>
          <token id="10">
            <word>on</word>
            <lemma>on</lemma>
            <CharacterOffsetBegin>555</CharacterOffsetBegin>
            <CharacterOffsetEnd>557</CharacterOffsetEnd>
            <POS>IN</POS>
          </token>
          <token id="11">
            <word>paid</word>
            <lemma>pay</lemma>
            <CharacterOffsetBegin>558</CharacterOffsetBegin>
            <CharacterOffsetEnd>562</CharacterOffsetEnd>
            <POS>VBN</POS>
          </token>
          <token id="12">
            <word>administrative</word>
            <lemma>administrative</lemma>
            <CharacterOffsetBegin>563</CharacterOffsetBegin>
            <CharacterOffsetEnd>577</CharacterOffsetEnd>
            <POS>JJ</POS>
          </token>
          <token id="13">
            <word>leave</word>
            <lemma>leave</lemma>
            <CharacterOffsetBegin>578</CharacterOffsetBegin>
            <CharacterOffsetEnd>583</CharacterOffsetEnd>
            <POS>NN</POS>
          </token>
          <token id="14">
            <word>,</word>
            <lemma>,</lemma>
            <CharacterOffsetBegin>583</CharacterOffsetBegin>
            <CharacterOffsetEnd>584</CharacterOffsetEnd>
            <POS>,</POS>
          </token>
          <token id="15">
            <word>per</word>
            <lemma>per</lemma>
            <CharacterOffsetBegin>585</CharacterOffsetBegin>
            <CharacterOffsetEnd>588</CharacterOffsetEnd>
            <POS>IN</POS>
          </token>
          <token id="16">
            <word>department</word>
            <lemma>department</lemma>
            <CharacterOffsetBegin>589</CharacterOffsetBegin>
            <CharacterOffsetEnd>599</CharacterOffsetEnd>
            <POS>NN</POS>
          </token>
          <token id="17">
            <word>policy</word>
            <lemma>policy</lemma>
            <CharacterOffsetBegin>600</CharacterOffsetBegin>
            <CharacterOffsetEnd>606</CharacterOffsetEnd>
            <POS>NN</POS>
          </token>
          <token id="18">
            <word>.</word>
            <lemma>.</lemma>
            <CharacterOffsetBegin>606</CharacterOffsetBegin>
            <CharacterOffsetEnd>607</CharacterOffsetEnd>
            <POS>.</POS>
          </token>
        </tokens>
      </sentence>
      <sentence id="7">
        <tokens>
          <token id="1">
            <word>The</word>
            <lemma>the</lemma>
            <CharacterOffsetBegin>608</CharacterOffsetBegin>
            <CharacterOffsetEnd>611</CharacterOffsetEnd>
            <POS>DT</POS>
          </token>
          <token id="2">
            <word>shooting</word>
            <lemma>shooting</lemma>
            <CharacterOffsetBegin>612</CharacterOffsetBegin>
            <CharacterOffsetEnd>620</CharacterOffsetEnd>
            <POS>NN</POS>
          </token>
          <token id="3">
            <word>occurred</word>
            <lemma>occur</lemma>
            <CharacterOffsetBegin>621</CharacterOffsetBegin>
            <CharacterOffsetEnd>629</CharacterOffsetEnd>
            <POS>VBD</POS>
          </token>
          <token id="4">
            <word>around</word>
            <lemma>around</lemma>
            <CharacterOffsetBegin>630</CharacterOffsetBegin>
            <CharacterOffsetEnd>636</CharacterOffsetEnd>
            <POS>IN</POS>
          </token>
          <token id="5">
            <word>5:30</word>
            <lemma>5:30</lemma>
            <CharacterOffsetBegin>637</CharacterOffsetBegin>
            <CharacterOffsetEnd>641</CharacterOffsetEnd>
            <POS>CD</POS>
          </token>
          <token id="6">
            <word>p.m.</word>
            <lemma>p.m.</lemma>
            <CharacterOffsetBegin>642</CharacterOffsetBegin>
            <CharacterOffsetEnd>646</CharacterOffsetEnd>
            <POS>NN</POS>
          </token>
          <token id="7">
            <word>on</word>
            <lemma>on</lemma>
            <CharacterOffsetBegin>647</CharacterOffsetBegin>
            <CharacterOffsetEnd>649</CharacterOffsetEnd>
            <POS>IN</POS>
          </token>
          <token id="8">
            <word>Friday</word>
            <lemma>Friday</lemma>
            <CharacterOffsetBegin>650</CharacterOffsetBegin>
            <CharacterOffsetEnd>656</CharacterOffsetEnd>
            <POS>NNP</POS>
          </token>
          <token id="9">
            <word>near</word>
            <lemma>near</lemma>
            <CharacterOffsetBegin>657</CharacterOffsetBegin>
            <CharacterOffsetEnd>661</CharacterOffsetEnd>
            <POS>IN</POS>
          </token>
          <token id="10">
            <word>400</word>
            <lemma>400</lemma>
            <CharacterOffsetBegin>662</CharacterOffsetBegin>
            <CharacterOffsetEnd>665</CharacterOffsetEnd>
            <POS>CD</POS>
          </token>
          <token id="11">
            <word>South</word>
            <lemma>South</lemma>
            <CharacterOffsetBegin>666</CharacterOffsetBegin>
            <CharacterOffsetEnd>671</CharacterOffsetEnd>
            <POS>NNP</POS>
          </token>
          <token id="12">
            <word>and</word>
            <lemma>and</lemma>
            <CharacterOffsetBegin>672</CharacterOffsetBegin>
            <CharacterOffsetEnd>675</CharacterOffsetEnd>
            <POS>CC</POS>
          </token>
          <token id="13">
            <word>1600</word>
            <lemma>1600</lemma>
            <CharacterOffsetBegin>676</CharacterOffsetBegin>
            <CharacterOffsetEnd>680</CharacterOffsetEnd>
            <POS>CD</POS>
          </token>
          <token id="14">
            <word>West</word>
            <lemma>West</lemma>
            <CharacterOffsetBegin>681</CharacterOffsetBegin>
            <CharacterOffsetEnd>685</CharacterOffsetEnd>
            <POS>NNP</POS>
          </token>
          <token id="15">
            <word>,</word>
            <lemma>,</lemma>
            <CharacterOffsetBegin>685</CharacterOffsetBegin>
            <CharacterOffsetEnd>686</CharacterOffsetEnd>
            <POS>,</POS>
          </token>
          <token id="16">
            <word>said</word>
            <lemma>say</lemma>
            <CharacterOffsetBegin>687</CharacterOffsetBegin>
            <CharacterOffsetEnd>691</CharacterOffsetEnd>
            <POS>VBD</POS>
          </token>
          <token id="17">
            <word>police</word>
            <lemma>police</lemma>
            <CharacterOffsetBegin>692</CharacterOffsetBegin>
            <CharacterOffsetEnd>698</CharacterOffsetEnd>
            <POS>NN</POS>
          </token>
          <token id="18">
            <word>spokeswoman</word>
            <lemma>spokeswoman</lemma>
            <CharacterOffsetBegin>699</CharacterOffsetBegin>
            <CharacterOffsetEnd>710</CharacterOffsetEnd>
            <POS>NN</POS>
          </token>
          <token id="19">
            <word>Lt.</word>
            <lemma>Lt.</lemma>
            <CharacterOffsetBegin>711</CharacterOffsetBegin>
            <CharacterOffsetEnd>714</CharacterOffsetEnd>
            <POS>NNP</POS>
          </token>
          <token id="20">
            <word>Melody</word>
            <lemma>Melody</lemma>
            <CharacterOffsetBegin>715</CharacterOffsetBegin>
            <CharacterOffsetEnd>721</CharacterOffsetEnd>
            <POS>NNP</POS>
          </token>
          <token id="21">
            <word>Gray</word>
            <lemma>Gray</lemma>
            <CharacterOffsetBegin>722</CharacterOffsetBegin>
            <CharacterOffsetEnd>726</CharacterOffsetEnd>
            <POS>NNP</POS>
          </token>
          <token id="22">
            <word>.</word>
            <lemma>.</lemma>
            <CharacterOffsetBegin>726</CharacterOffsetBegin>
            <CharacterOffsetEnd>727</CharacterOffsetEnd>
            <POS>.</POS>
          </token>
        </tokens>
      </sentence>
      <sentence id="8">
        <tokens>
          <token id="1">
            <word>Just</word>
            <lemma>just</lemma>
            <CharacterOffsetBegin>728</CharacterOffsetBegin>
            <CharacterOffsetEnd>732</CharacterOffsetEnd>
            <POS>RB</POS>
          </token>
          <token id="2">
            <word>after</word>
            <lemma>after</lemma>
            <CharacterOffsetBegin>733</CharacterOffsetBegin>
            <CharacterOffsetEnd>738</CharacterOffsetEnd>
            <POS>IN</POS>
          </token>
          <token id="3">
            <word>5</word>
            <lemma>5</lemma>
            <CharacterOffsetBegin>739</CharacterOffsetBegin>
            <CharacterOffsetEnd>740</CharacterOffsetEnd>
            <POS>CD</POS>
          </token>
          <token id="4">
            <word>p.m.</word>
            <lemma>p.m.</lemma>
            <CharacterOffsetBegin>741</CharacterOffsetBegin>
            <CharacterOffsetEnd>745</CharacterOffsetEnd>
            <POS>RB</POS>
          </token>
          <token id="5">
            <word>,</word>
            <lemma>,</lemma>
            <CharacterOffsetBegin>745</CharacterOffsetBegin>
            <CharacterOffsetEnd>746</CharacterOffsetEnd>
            <POS>,</POS>
          </token>
          <token id="6">
            <word>officers</word>
            <lemma>officer</lemma>
            <CharacterOffsetBegin>747</CharacterOffsetBegin>
            <CharacterOffsetEnd>755</CharacterOffsetEnd>
            <POS>NNS</POS>
          </token>
          <token id="7">
            <word>responded</word>
            <lemma>respond</lemma>
            <CharacterOffsetBegin>756</CharacterOffsetBegin>
            <CharacterOffsetEnd>765</CharacterOffsetEnd>
            <POS>VBD</POS>
          </token>
          <token id="8">
            <word>to</word>
            <lemma>to</lemma>
            <CharacterOffsetBegin>766</CharacterOffsetBegin>
            <CharacterOffsetEnd>768</CharacterOffsetEnd>
            <POS>TO</POS>
          </token>
          <token id="9">
            <word>a</word>
            <lemma>a</lemma>
            <CharacterOffsetBegin>769</CharacterOffsetBegin>
            <CharacterOffsetEnd>770</CharacterOffsetEnd>
            <POS>DT</POS>
          </token>
          <token id="10">
            <word>report</word>
            <lemma>report</lemma>
            <CharacterOffsetBegin>771</CharacterOffsetBegin>
            <CharacterOffsetEnd>777</CharacterOffsetEnd>
            <POS>NN</POS>
          </token>
          <token id="11">
            <word>of</word>
            <lemma>of</lemma>
            <CharacterOffsetBegin>778</CharacterOffsetBegin>
            <CharacterOffsetEnd>780</CharacterOffsetEnd>
            <POS>IN</POS>
          </token>
          <token id="12">
            <word>an</word>
            <lemma>a</lemma>
            <CharacterOffsetBegin>781</CharacterOffsetBegin>
            <CharacterOffsetEnd>783</CharacterOffsetEnd>
            <POS>DT</POS>
          </token>
          <token id="13">
            <word>armed</word>
            <lemma>armed</lemma>
            <CharacterOffsetBegin>784</CharacterOffsetBegin>
            <CharacterOffsetEnd>789</CharacterOffsetEnd>
            <POS>JJ</POS>
          </token>
          <token id="14">
            <word>bank</word>
            <lemma>bank</lemma>
            <CharacterOffsetBegin>790</CharacterOffsetBegin>
            <CharacterOffsetEnd>794</CharacterOffsetEnd>
            <POS>NN</POS>
          </token>
          <token id="15">
            <word>robbery</word>
            <lemma>robbery</lemma>
            <CharacterOffsetBegin>795</CharacterOffsetBegin>
            <CharacterOffsetEnd>802</CharacterOffsetEnd>
            <POS>NN</POS>
          </token>
          <token id="16">
            <word>at</word>
            <lemma>at</lemma>
            <CharacterOffsetBegin>803</CharacterOffsetBegin>
            <CharacterOffsetEnd>805</CharacterOffsetEnd>
            <POS>IN</POS>
          </token>
          <token id="17">
            <word>a</word>
            <lemma>a</lemma>
            <CharacterOffsetBegin>806</CharacterOffsetBegin>
            <CharacterOffsetEnd>807</CharacterOffsetEnd>
            <POS>DT</POS>
          </token>
          <token id="18">
            <word>Zions</word>
            <lemma>Zions</lemma>
            <CharacterOffsetBegin>808</CharacterOffsetBegin>
            <CharacterOffsetEnd>813</CharacterOffsetEnd>
            <POS>NNP</POS>
          </token>
          <token id="19">
            <word>Bank</word>
            <lemma>Bank</lemma>
            <CharacterOffsetBegin>814</CharacterOffsetBegin>
            <CharacterOffsetEnd>818</CharacterOffsetEnd>
            <POS>NNP</POS>
          </token>
          <token id="20">
            <word>at</word>
            <lemma>at</lemma>
            <CharacterOffsetBegin>819</CharacterOffsetBegin>
            <CharacterOffsetEnd>821</CharacterOffsetEnd>
            <POS>IN</POS>
          </token>
          <token id="21">
            <word>400</word>
            <lemma>400</lemma>
            <CharacterOffsetBegin>822</CharacterOffsetBegin>
            <CharacterOffsetEnd>825</CharacterOffsetEnd>
            <POS>CD</POS>
          </token>
          <token id="22">
            <word>South</word>
            <lemma>South</lemma>
            <CharacterOffsetBegin>826</CharacterOffsetBegin>
            <CharacterOffsetEnd>831</CharacterOffsetEnd>
            <POS>NNP</POS>
          </token>
          <token id="23">
            <word>and</word>
            <lemma>and</lemma>
            <CharacterOffsetBegin>832</CharacterOffsetBegin>
            <CharacterOffsetEnd>835</CharacterOffsetEnd>
            <POS>CC</POS>
          </token>
          <token id="24">
            <word>700</word>
            <lemma>700</lemma>
            <CharacterOffsetBegin>836</CharacterOffsetBegin>
            <CharacterOffsetEnd>839</CharacterOffsetEnd>
            <POS>CD</POS>
          </token>
          <token id="25">
            <word>East</word>
            <lemma>East</lemma>
            <CharacterOffsetBegin>840</CharacterOffsetBegin>
            <CharacterOffsetEnd>844</CharacterOffsetEnd>
            <POS>NNP</POS>
          </token>
          <token id="26">
            <word>,</word>
            <lemma>,</lemma>
            <CharacterOffsetBegin>844</CharacterOffsetBegin>
            <CharacterOffsetEnd>845</CharacterOffsetEnd>
            <POS>,</POS>
          </token>
          <token id="27">
            <word>Gray</word>
            <lemma>Gray</lemma>
            <CharacterOffsetBegin>846</CharacterOffsetBegin>
            <CharacterOffsetEnd>850</CharacterOffsetEnd>
            <POS>NNP</POS>
          </token>
          <token id="28">
            <word>said</word>
            <lemma>say</lemma>
            <CharacterOffsetBegin>851</CharacterOffsetBegin>
            <CharacterOffsetEnd>855</CharacterOffsetEnd>
            <POS>VBD</POS>
          </token>
          <token id="29">
            <word>.</word>
            <lemma>.</lemma>
            <CharacterOffsetBegin>855</CharacterOffsetBegin>
            <CharacterOffsetEnd>856</CharacterOffsetEnd>
            <POS>.</POS>
          </token>
        </tokens>
      </sentence>
      <sentence id="9">
        <tokens>
          <token id="1">
            <word>A</word>
            <lemma>a</lemma>
            <CharacterOffsetBegin>857</CharacterOffsetBegin>
            <CharacterOffsetEnd>858</CharacterOffsetEnd>
            <POS>DT</POS>
          </token>
          <token id="2">
            <word>man</word>
            <lemma>man</lemma>
            <CharacterOffsetBegin>859</CharacterOffsetBegin>
            <CharacterOffsetEnd>862</CharacterOffsetEnd>
            <POS>NN</POS>
          </token>
          <token id="3">
            <word>entered</word>
            <lemma>enter</lemma>
            <CharacterOffsetBegin>863</CharacterOffsetBegin>
            <CharacterOffsetEnd>870</CharacterOffsetEnd>
            <POS>VBD</POS>
          </token>
          <token id="4">
            <word>the</word>
            <lemma>the</lemma>
            <CharacterOffsetBegin>871</CharacterOffsetBegin>
            <CharacterOffsetEnd>874</CharacterOffsetEnd>
            <POS>DT</POS>
          </token>
          <token id="5">
            <word>bank</word>
            <lemma>bank</lemma>
            <CharacterOffsetBegin>875</CharacterOffsetBegin>
            <CharacterOffsetEnd>879</CharacterOffsetEnd>
            <POS>NN</POS>
          </token>
          <token id="6">
            <word>with</word>
            <lemma>with</lemma>
            <CharacterOffsetBegin>880</CharacterOffsetBegin>
            <CharacterOffsetEnd>884</CharacterOffsetEnd>
            <POS>IN</POS>
          </token>
          <token id="7">
            <word>a</word>
            <lemma>a</lemma>
            <CharacterOffsetBegin>885</CharacterOffsetBegin>
            <CharacterOffsetEnd>886</CharacterOffsetEnd>
            <POS>DT</POS>
          </token>
          <token id="8">
            <word>gun</word>
            <lemma>gun</lemma>
            <CharacterOffsetBegin>887</CharacterOffsetBegin>
            <CharacterOffsetEnd>890</CharacterOffsetEnd>
            <POS>NN</POS>
          </token>
          <token id="9">
            <word>and</word>
            <lemma>and</lemma>
            <CharacterOffsetBegin>891</CharacterOffsetBegin>
            <CharacterOffsetEnd>894</CharacterOffsetEnd>
            <POS>CC</POS>
          </token>
          <token id="10">
            <word>demanded</word>
            <lemma>demand</lemma>
            <CharacterOffsetBegin>895</CharacterOffsetBegin>
            <CharacterOffsetEnd>903</CharacterOffsetEnd>
            <POS>VBD</POS>
          </token>
          <token id="11">
            <word>money</word>
            <lemma>money</lemma>
            <CharacterOffsetBegin>904</CharacterOffsetBegin>
            <CharacterOffsetEnd>909</CharacterOffsetEnd>
            <POS>NN</POS>
          </token>
          <token id="12">
            <word>.</word>
            <lemma>.</lemma>
            <CharacterOffsetBegin>909</CharacterOffsetBegin>
            <CharacterOffsetEnd>910</CharacterOffsetEnd>
            <POS>.</POS>
          </token>
        </tokens>
      </sentence>
      <sentence id="10">
        <tokens>
          <token id="1">
            <word>He</word>
            <lemma>he</lemma>
            <CharacterOffsetBegin>911</CharacterOffsetBegin>
            <CharacterOffsetEnd>913</CharacterOffsetEnd>
            <POS>PRP</POS>
          </token>
          <token id="2">
            <word>fled</word>
            <lemma>flee</lemma>
            <CharacterOffsetBegin>914</CharacterOffsetBegin>
            <CharacterOffsetEnd>918</CharacterOffsetEnd>
            <POS>VBD</POS>
          </token>
          <token id="3">
            <word>in</word>
            <lemma>in</lemma>
            <CharacterOffsetBegin>919</CharacterOffsetBegin>
            <CharacterOffsetEnd>921</CharacterOffsetEnd>
            <POS>IN</POS>
          </token>
          <token id="4">
            <word>a</word>
            <lemma>a</lemma>
            <CharacterOffsetBegin>922</CharacterOffsetBegin>
            <CharacterOffsetEnd>923</CharacterOffsetEnd>
            <POS>DT</POS>
          </token>
          <token id="5">
            <word>black</word>
            <lemma>black</lemma>
            <CharacterOffsetBegin>924</CharacterOffsetBegin>
            <CharacterOffsetEnd>929</CharacterOffsetEnd>
            <POS>JJ</POS>
          </token>
          <token id="6">
            <word>SUV</word>
            <lemma>suv</lemma>
            <CharacterOffsetBegin>930</CharacterOffsetBegin>
            <CharacterOffsetEnd>933</CharacterOffsetEnd>
            <POS>NN</POS>
          </token>
          <token id="7">
            <word>driven</word>
            <lemma>drive</lemma>
            <CharacterOffsetBegin>934</CharacterOffsetBegin>
            <CharacterOffsetEnd>940</CharacterOffsetEnd>
            <POS>VBN</POS>
          </token>
          <token id="8">
            <word>by</word>
            <lemma>by</lemma>
            <CharacterOffsetBegin>941</CharacterOffsetBegin>
            <CharacterOffsetEnd>943</CharacterOffsetEnd>
            <POS>IN</POS>
          </token>
          <token id="9">
            <word>Gibson</word>
            <lemma>Gibson</lemma>
            <CharacterOffsetBegin>944</CharacterOffsetBegin>
            <CharacterOffsetEnd>950</CharacterOffsetEnd>
            <POS>NNP</POS>
          </token>
          <token id="10">
            <word>,</word>
            <lemma>,</lemma>
            <CharacterOffsetBegin>950</CharacterOffsetBegin>
            <CharacterOffsetEnd>951</CharacterOffsetEnd>
            <POS>,</POS>
          </token>
          <token id="11">
            <word>police</word>
            <lemma>police</lemma>
            <CharacterOffsetBegin>952</CharacterOffsetBegin>
            <CharacterOffsetEnd>958</CharacterOffsetEnd>
            <POS>NN</POS>
          </token>
          <token id="12">
            <word>said</word>
            <lemma>say</lemma>
            <CharacterOffsetBegin>959</CharacterOffsetBegin>
            <CharacterOffsetEnd>963</CharacterOffsetEnd>
            <POS>VBD</POS>
          </token>
          <token id="13">
            <word>.</word>
            <lemma>.</lemma>
            <CharacterOffsetBegin>963</CharacterOffsetBegin>
            <CharacterOffsetEnd>964</CharacterOffsetEnd>
            <POS>.</POS>
          </token>
        </tokens>
      </sentence>
      <sentence id="11">
        <tokens>
          <token id="1">
            <word>The</word>
            <lemma>the</lemma>
            <CharacterOffsetBegin>965</CharacterOffsetBegin>
            <CharacterOffsetEnd>968</CharacterOffsetEnd>
            <POS>DT</POS>
          </token>
          <token id="2">
            <word>SUV</word>
            <lemma>suv</lemma>
            <CharacterOffsetBegin>969</CharacterOffsetBegin>
            <CharacterOffsetEnd>972</CharacterOffsetEnd>
            <POS>NN</POS>
          </token>
          <token id="3">
            <word>was</word>
            <lemma>be</lemma>
            <CharacterOffsetBegin>973</CharacterOffsetBegin>
            <CharacterOffsetEnd>976</CharacterOffsetEnd>
            <POS>VBD</POS>
          </token>
          <token id="4">
            <word>spotted</word>
            <lemma>spot</lemma>
            <CharacterOffsetBegin>977</CharacterOffsetBegin>
            <CharacterOffsetEnd>984</CharacterOffsetEnd>
            <POS>VBN</POS>
          </token>
          <token id="5">
            <word>on</word>
            <lemma>on</lemma>
            <CharacterOffsetBegin>985</CharacterOffsetBegin>
            <CharacterOffsetEnd>987</CharacterOffsetEnd>
            <POS>IN</POS>
          </token>
          <token id="6">
            <word>400</word>
            <lemma>400</lemma>
            <CharacterOffsetBegin>988</CharacterOffsetBegin>
            <CharacterOffsetEnd>991</CharacterOffsetEnd>
            <POS>CD</POS>
          </token>
          <token id="7">
            <word>South</word>
            <lemma>South</lemma>
            <CharacterOffsetBegin>992</CharacterOffsetBegin>
            <CharacterOffsetEnd>997</CharacterOffsetEnd>
            <POS>NNP</POS>
          </token>
          <token id="8">
            <word>near</word>
            <lemma>near</lemma>
            <CharacterOffsetBegin>998</CharacterOffsetBegin>
            <CharacterOffsetEnd>1002</CharacterOffsetEnd>
            <POS>IN</POS>
          </token>
          <token id="9">
            <word>800</word>
            <lemma>800</lemma>
            <CharacterOffsetBegin>1003</CharacterOffsetBegin>
            <CharacterOffsetEnd>1006</CharacterOffsetEnd>
            <POS>CD</POS>
          </token>
          <token id="10">
            <word>West</word>
            <lemma>west</lemma>
            <CharacterOffsetBegin>1007</CharacterOffsetBegin>
            <CharacterOffsetEnd>1011</CharacterOffsetEnd>
            <POS>NN</POS>
          </token>
          <token id="11">
            <word>by</word>
            <lemma>by</lemma>
            <CharacterOffsetBegin>1012</CharacterOffsetBegin>
            <CharacterOffsetEnd>1014</CharacterOffsetEnd>
            <POS>IN</POS>
          </token>
          <token id="12">
            <word>an</word>
            <lemma>a</lemma>
            <CharacterOffsetBegin>1015</CharacterOffsetBegin>
            <CharacterOffsetEnd>1017</CharacterOffsetEnd>
            <POS>DT</POS>
          </token>
          <token id="13">
            <word>officer</word>
            <lemma>officer</lemma>
            <CharacterOffsetBegin>1018</CharacterOffsetBegin>
            <CharacterOffsetEnd>1025</CharacterOffsetEnd>
            <POS>NN</POS>
          </token>
          <token id="14">
            <word>who</word>
            <lemma>who</lemma>
            <CharacterOffsetBegin>1026</CharacterOffsetBegin>
            <CharacterOffsetEnd>1029</CharacterOffsetEnd>
            <POS>WP</POS>
          </token>
          <token id="15">
            <word>attempted</word>
            <lemma>attempt</lemma>
            <CharacterOffsetBegin>1030</CharacterOffsetBegin>
            <CharacterOffsetEnd>1039</CharacterOffsetEnd>
            <POS>VBD</POS>
          </token>
          <token id="16">
            <word>to</word>
            <lemma>to</lemma>
            <CharacterOffsetBegin>1040</CharacterOffsetBegin>
            <CharacterOffsetEnd>1042</CharacterOffsetEnd>
            <POS>TO</POS>
          </token>
          <token id="17">
            <word>stop</word>
            <lemma>stop</lemma>
            <CharacterOffsetBegin>1043</CharacterOffsetBegin>
            <CharacterOffsetEnd>1047</CharacterOffsetEnd>
            <POS>VB</POS>
          </token>
          <token id="18">
            <word>it</word>
            <lemma>it</lemma>
            <CharacterOffsetBegin>1048</CharacterOffsetBegin>
            <CharacterOffsetEnd>1050</CharacterOffsetEnd>
            <POS>PRP</POS>
          </token>
          <token id="19">
            <word>.</word>
            <lemma>.</lemma>
            <CharacterOffsetBegin>1050</CharacterOffsetBegin>
            <CharacterOffsetEnd>1051</CharacterOffsetEnd>
            <POS>.</POS>
          </token>
        </tokens>
      </sentence>
      <sentence id="12">
        <tokens>
          <token id="1">
            <word>A</word>
            <lemma>a</lemma>
            <CharacterOffsetBegin>1052</CharacterOffsetBegin>
            <CharacterOffsetEnd>1053</CharacterOffsetEnd>
            <POS>DT</POS>
          </token>
          <token id="2">
            <word>chase</word>
            <lemma>chase</lemma>
            <CharacterOffsetBegin>1054</CharacterOffsetBegin>
            <CharacterOffsetEnd>1059</CharacterOffsetEnd>
            <POS>JJ</POS>
          </token>
          <token id="3">
            <word>ensued</word>
            <lemma>ensue</lemma>
            <CharacterOffsetBegin>1060</CharacterOffsetBegin>
            <CharacterOffsetEnd>1066</CharacterOffsetEnd>
            <POS>VBN</POS>
          </token>
          <token id="4">
            <word>,</word>
            <lemma>,</lemma>
            <CharacterOffsetBegin>1066</CharacterOffsetBegin>
            <CharacterOffsetEnd>1067</CharacterOffsetEnd>
            <POS>,</POS>
          </token>
          <token id="5">
            <word>police</word>
            <lemma>police</lemma>
            <CharacterOffsetBegin>1068</CharacterOffsetBegin>
            <CharacterOffsetEnd>1074</CharacterOffsetEnd>
            <POS>NNS</POS>
          </token>
          <token id="6">
            <word>said</word>
            <lemma>say</lemma>
            <CharacterOffsetBegin>1075</CharacterOffsetBegin>
            <CharacterOffsetEnd>1079</CharacterOffsetEnd>
            <POS>VBD</POS>
          </token>
          <token id="7">
            <word>.</word>
            <lemma>.</lemma>
            <CharacterOffsetBegin>1079</CharacterOffsetBegin>
            <CharacterOffsetEnd>1080</CharacterOffsetEnd>
            <POS>.</POS>
          </token>
        </tokens>
      </sentence>
      <sentence id="13">
        <tokens>
          <token id="1">
            <word>Gibson</word>
            <lemma>Gibson</lemma>
            <CharacterOffsetBegin>1081</CharacterOffsetBegin>
            <CharacterOffsetEnd>1087</CharacterOffsetEnd>
            <POS>NNP</POS>
          </token>
          <token id="2">
            <word>later</word>
            <lemma>later</lemma>
            <CharacterOffsetBegin>1088</CharacterOffsetBegin>
            <CharacterOffsetEnd>1093</CharacterOffsetEnd>
            <POS>RB</POS>
          </token>
          <token id="3">
            <word>pulled</word>
            <lemma>pull</lemma>
            <CharacterOffsetBegin>1094</CharacterOffsetBegin>
            <CharacterOffsetEnd>1100</CharacterOffsetEnd>
            <POS>VBD</POS>
          </token>
          <token id="4">
            <word>over</word>
            <lemma>over</lemma>
            <CharacterOffsetBegin>1101</CharacterOffsetBegin>
            <CharacterOffsetEnd>1105</CharacterOffsetEnd>
            <POS>RP</POS>
          </token>
          <token id="5">
            <word>and</word>
            <lemma>and</lemma>
            <CharacterOffsetBegin>1106</CharacterOffsetBegin>
            <CharacterOffsetEnd>1109</CharacterOffsetEnd>
            <POS>CC</POS>
          </token>
          <token id="6">
            <word>surrendered</word>
            <lemma>surrender</lemma>
            <CharacterOffsetBegin>1110</CharacterOffsetBegin>
            <CharacterOffsetEnd>1121</CharacterOffsetEnd>
            <POS>VBD</POS>
          </token>
          <token id="7">
            <word>to</word>
            <lemma>to</lemma>
            <CharacterOffsetBegin>1122</CharacterOffsetBegin>
            <CharacterOffsetEnd>1124</CharacterOffsetEnd>
            <POS>TO</POS>
          </token>
          <token id="8">
            <word>police</word>
            <lemma>police</lemma>
            <CharacterOffsetBegin>1125</CharacterOffsetBegin>
            <CharacterOffsetEnd>1131</CharacterOffsetEnd>
            <POS>NNS</POS>
          </token>
          <token id="9">
            <word>,</word>
            <lemma>,</lemma>
            <CharacterOffsetBegin>1131</CharacterOffsetBegin>
            <CharacterOffsetEnd>1132</CharacterOffsetEnd>
            <POS>,</POS>
          </token>
          <token id="10">
            <word>while</word>
            <lemma>while</lemma>
            <CharacterOffsetBegin>1133</CharacterOffsetBegin>
            <CharacterOffsetEnd>1138</CharacterOffsetEnd>
            <POS>IN</POS>
          </token>
          <token id="11">
            <word>Leonard</word>
            <lemma>Leonard</lemma>
            <CharacterOffsetBegin>1139</CharacterOffsetBegin>
            <CharacterOffsetEnd>1146</CharacterOffsetEnd>
            <POS>NNP</POS>
          </token>
          <token id="12">
            <word>got</word>
            <lemma>get</lemma>
            <CharacterOffsetBegin>1147</CharacterOffsetBegin>
            <CharacterOffsetEnd>1150</CharacterOffsetEnd>
            <POS>VBD</POS>
          </token>
          <token id="13">
            <word>out</word>
            <lemma>out</lemma>
            <CharacterOffsetBegin>1151</CharacterOffsetBegin>
            <CharacterOffsetEnd>1154</CharacterOffsetEnd>
            <POS>IN</POS>
          </token>
          <token id="14">
            <word>of</word>
            <lemma>of</lemma>
            <CharacterOffsetBegin>1155</CharacterOffsetBegin>
            <CharacterOffsetEnd>1157</CharacterOffsetEnd>
            <POS>IN</POS>
          </token>
          <token id="15">
            <word>the</word>
            <lemma>the</lemma>
            <CharacterOffsetBegin>1158</CharacterOffsetBegin>
            <CharacterOffsetEnd>1161</CharacterOffsetEnd>
            <POS>DT</POS>
          </token>
          <token id="16">
            <word>SUV</word>
            <lemma>suv</lemma>
            <CharacterOffsetBegin>1162</CharacterOffsetBegin>
            <CharacterOffsetEnd>1165</CharacterOffsetEnd>
            <POS>NN</POS>
          </token>
          <token id="17">
            <word>and</word>
            <lemma>and</lemma>
            <CharacterOffsetBegin>1166</CharacterOffsetBegin>
            <CharacterOffsetEnd>1169</CharacterOffsetEnd>
            <POS>CC</POS>
          </token>
          <token id="18">
            <word>allegedly</word>
            <lemma>allegedly</lemma>
            <CharacterOffsetBegin>1170</CharacterOffsetBegin>
            <CharacterOffsetEnd>1179</CharacterOffsetEnd>
            <POS>RB</POS>
          </token>
          <token id="19">
            <word>fled</word>
            <lemma>flee</lemma>
            <CharacterOffsetBegin>1180</CharacterOffsetBegin>
            <CharacterOffsetEnd>1184</CharacterOffsetEnd>
            <POS>VBD</POS>
          </token>
          <token id="20">
            <word>on</word>
            <lemma>on</lemma>
            <CharacterOffsetBegin>1185</CharacterOffsetBegin>
            <CharacterOffsetEnd>1187</CharacterOffsetEnd>
            <POS>IN</POS>
          </token>
          <token id="21">
            <word>foot</word>
            <lemma>foot</lemma>
            <CharacterOffsetBegin>1188</CharacterOffsetBegin>
            <CharacterOffsetEnd>1192</CharacterOffsetEnd>
            <POS>NN</POS>
          </token>
          <token id="22">
            <word>into</word>
            <lemma>into</lemma>
            <CharacterOffsetBegin>1193</CharacterOffsetBegin>
            <CharacterOffsetEnd>1197</CharacterOffsetEnd>
            <POS>IN</POS>
          </token>
          <token id="23">
            <word>an</word>
            <lemma>a</lemma>
            <CharacterOffsetBegin>1198</CharacterOffsetBegin>
            <CharacterOffsetEnd>1200</CharacterOffsetEnd>
            <POS>DT</POS>
          </token>
          <token id="24">
            <word>apartment</word>
            <lemma>apartment</lemma>
            <CharacterOffsetBegin>1201</CharacterOffsetBegin>
            <CharacterOffsetEnd>1210</CharacterOffsetEnd>
            <POS>NN</POS>
          </token>
          <token id="25">
            <word>complex</word>
            <lemma>complex</lemma>
            <CharacterOffsetBegin>1211</CharacterOffsetBegin>
            <CharacterOffsetEnd>1218</CharacterOffsetEnd>
            <POS>NN</POS>
          </token>
          <token id="26">
            <word>courtyard</word>
            <lemma>courtyard</lemma>
            <CharacterOffsetBegin>1219</CharacterOffsetBegin>
            <CharacterOffsetEnd>1228</CharacterOffsetEnd>
            <POS>NN</POS>
          </token>
          <token id="27">
            <word>where</word>
            <lemma>where</lemma>
            <CharacterOffsetBegin>1229</CharacterOffsetBegin>
            <CharacterOffsetEnd>1234</CharacterOffsetEnd>
            <POS>WRB</POS>
          </token>
          <token id="28">
            <word>he</word>
            <lemma>he</lemma>
            <CharacterOffsetBegin>1235</CharacterOffsetBegin>
            <CharacterOffsetEnd>1237</CharacterOffsetEnd>
            <POS>PRP</POS>
          </token>
          <token id="29">
            <word>was</word>
            <lemma>be</lemma>
            <CharacterOffsetBegin>1238</CharacterOffsetBegin>
            <CharacterOffsetEnd>1241</CharacterOffsetEnd>
            <POS>VBD</POS>
          </token>
          <token id="30">
            <word>shot</word>
            <lemma>shoot</lemma>
            <CharacterOffsetBegin>1242</CharacterOffsetBegin>
            <CharacterOffsetEnd>1246</CharacterOffsetEnd>
            <POS>VBN</POS>
          </token>
          <token id="31">
            <word>,</word>
            <lemma>,</lemma>
            <CharacterOffsetBegin>1246</CharacterOffsetBegin>
            <CharacterOffsetEnd>1247</CharacterOffsetEnd>
            <POS>,</POS>
          </token>
          <token id="32">
            <word>Gray</word>
            <lemma>Gray</lemma>
            <CharacterOffsetBegin>1248</CharacterOffsetBegin>
            <CharacterOffsetEnd>1252</CharacterOffsetEnd>
            <POS>NNP</POS>
          </token>
          <token id="33">
            <word>said</word>
            <lemma>say</lemma>
            <CharacterOffsetBegin>1253</CharacterOffsetBegin>
            <CharacterOffsetEnd>1257</CharacterOffsetEnd>
            <POS>VBD</POS>
          </token>
          <token id="34">
            <word>.</word>
            <lemma>.</lemma>
            <CharacterOffsetBegin>1257</CharacterOffsetBegin>
            <CharacterOffsetEnd>1258</CharacterOffsetEnd>
            <POS>.</POS>
          </token>
        </tokens>
      </sentence>
      <sentence id="14">
        <tokens>
          <token id="1">
            <word>The</word>
            <lemma>the</lemma>
            <CharacterOffsetBegin>1259</CharacterOffsetBegin>
            <CharacterOffsetEnd>1262</CharacterOffsetEnd>
            <POS>DT</POS>
          </token>
          <token id="2">
            <word>shooting</word>
            <lemma>shooting</lemma>
            <CharacterOffsetBegin>1263</CharacterOffsetBegin>
            <CharacterOffsetEnd>1271</CharacterOffsetEnd>
            <POS>NN</POS>
          </token>
          <token id="3">
            <word>is</word>
            <lemma>be</lemma>
            <CharacterOffsetBegin>1272</CharacterOffsetBegin>
            <CharacterOffsetEnd>1274</CharacterOffsetEnd>
            <POS>VBZ</POS>
          </token>
          <token id="4">
            <word>under</word>
            <lemma>under</lemma>
            <CharacterOffsetBegin>1275</CharacterOffsetBegin>
            <CharacterOffsetEnd>1280</CharacterOffsetEnd>
            <POS>IN</POS>
          </token>
          <token id="5">
            <word>investigation</word>
            <lemma>investigation</lemma>
            <CharacterOffsetBegin>1281</CharacterOffsetBegin>
            <CharacterOffsetEnd>1294</CharacterOffsetEnd>
            <POS>NN</POS>
          </token>
          <token id="6">
            <word>by</word>
            <lemma>by</lemma>
            <CharacterOffsetBegin>1295</CharacterOffsetBegin>
            <CharacterOffsetEnd>1297</CharacterOffsetEnd>
            <POS>IN</POS>
          </token>
          <token id="7">
            <word>Salt</word>
            <lemma>Salt</lemma>
            <CharacterOffsetBegin>1298</CharacterOffsetBegin>
            <CharacterOffsetEnd>1302</CharacterOffsetEnd>
            <POS>NNP</POS>
          </token>
          <token id="8">
            <word>Lake</word>
            <lemma>Lake</lemma>
            <CharacterOffsetBegin>1303</CharacterOffsetBegin>
            <CharacterOffsetEnd>1307</CharacterOffsetEnd>
            <POS>NNP</POS>
          </token>
          <token id="9">
            <word>City</word>
            <lemma>City</lemma>
            <CharacterOffsetBegin>1308</CharacterOffsetBegin>
            <CharacterOffsetEnd>1312</CharacterOffsetEnd>
            <POS>NNP</POS>
          </token>
          <token id="10">
            <word>Police</word>
            <lemma>Police</lemma>
            <CharacterOffsetBegin>1313</CharacterOffsetBegin>
            <CharacterOffsetEnd>1319</CharacterOffsetEnd>
            <POS>NNP</POS>
          </token>
          <token id="11">
            <word>Department</word>
            <lemma>Department</lemma>
            <CharacterOffsetBegin>1320</CharacterOffsetBegin>
            <CharacterOffsetEnd>1330</CharacterOffsetEnd>
            <POS>NNP</POS>
          </token>
          <token id="12">
            <word>homicide</word>
            <lemma>homicide</lemma>
            <CharacterOffsetBegin>1331</CharacterOffsetBegin>
            <CharacterOffsetEnd>1339</CharacterOffsetEnd>
            <POS>NN</POS>
          </token>
          <token id="13">
            <word>investigators</word>
            <lemma>investigator</lemma>
            <CharacterOffsetBegin>1340</CharacterOffsetBegin>
            <CharacterOffsetEnd>1353</CharacterOffsetEnd>
            <POS>NNS</POS>
          </token>
          <token id="14">
            <word>and</word>
            <lemma>and</lemma>
            <CharacterOffsetBegin>1354</CharacterOffsetBegin>
            <CharacterOffsetEnd>1357</CharacterOffsetEnd>
            <POS>CC</POS>
          </token>
          <token id="15">
            <word>the</word>
            <lemma>the</lemma>
            <CharacterOffsetBegin>1358</CharacterOffsetBegin>
            <CharacterOffsetEnd>1361</CharacterOffsetEnd>
            <POS>DT</POS>
          </token>
          <token id="16">
            <word>Salt</word>
            <lemma>Salt</lemma>
            <CharacterOffsetBegin>1362</CharacterOffsetBegin>
            <CharacterOffsetEnd>1366</CharacterOffsetEnd>
            <POS>NNP</POS>
          </token>
          <token id="17">
            <word>Lake</word>
            <lemma>Lake</lemma>
            <CharacterOffsetBegin>1367</CharacterOffsetBegin>
            <CharacterOffsetEnd>1371</CharacterOffsetEnd>
            <POS>NNP</POS>
          </token>
          <token id="18">
            <word>County</word>
            <lemma>County</lemma>
            <CharacterOffsetBegin>1372</CharacterOffsetBegin>
            <CharacterOffsetEnd>1378</CharacterOffsetEnd>
            <POS>NNP</POS>
          </token>
          <token id="19">
            <word>District</word>
            <lemma>District</lemma>
            <CharacterOffsetBegin>1379</CharacterOffsetBegin>
            <CharacterOffsetEnd>1387</CharacterOffsetEnd>
            <POS>NNP</POS>
          </token>
          <token id="20">
            <word>Attorney</word>
            <lemma>Attorney</lemma>
            <CharacterOffsetBegin>1388</CharacterOffsetBegin>
            <CharacterOffsetEnd>1396</CharacterOffsetEnd>
            <POS>NNP</POS>
          </token>
          <token id="21">
            <word>'s</word>
            <lemma>'s</lemma>
            <CharacterOffsetBegin>1396</CharacterOffsetBegin>
            <CharacterOffsetEnd>1398</CharacterOffsetEnd>
            <POS>POS</POS>
          </token>
          <token id="22">
            <word>Office</word>
            <lemma>Office</lemma>
            <CharacterOffsetBegin>1399</CharacterOffsetBegin>
            <CharacterOffsetEnd>1405</CharacterOffsetEnd>
            <POS>NNP</POS>
          </token>
          <token id="23">
            <word>.</word>
            <lemma>.</lemma>
            <CharacterOffsetBegin>1405</CharacterOffsetBegin>
            <CharacterOffsetEnd>1406</CharacterOffsetEnd>
            <POS>.</POS>
          </token>
        </tokens>
      </sentence>
      <sentence id="15">
        <tokens>
          <token id="1">
            <word>Leonard</word>
            <lemma>Leonard</lemma>
            <CharacterOffsetBegin>1407</CharacterOffsetBegin>
            <CharacterOffsetEnd>1414</CharacterOffsetEnd>
            <POS>NNP</POS>
          </token>
          <token id="2">
            <word>does</word>
            <lemma>do</lemma>
            <CharacterOffsetBegin>1415</CharacterOffsetBegin>
            <CharacterOffsetEnd>1419</CharacterOffsetEnd>
            <POS>VBZ</POS>
          </token>
          <token id="3">
            <word>have</word>
            <lemma>have</lemma>
            <CharacterOffsetBegin>1420</CharacterOffsetBegin>
            <CharacterOffsetEnd>1424</CharacterOffsetEnd>
            <POS>VB</POS>
          </token>
          <token id="4">
            <word>a</word>
            <lemma>a</lemma>
            <CharacterOffsetBegin>1425</CharacterOffsetBegin>
            <CharacterOffsetEnd>1426</CharacterOffsetEnd>
            <POS>DT</POS>
          </token>
          <token id="5">
            <word>criminal</word>
            <lemma>criminal</lemma>
            <CharacterOffsetBegin>1427</CharacterOffsetBegin>
            <CharacterOffsetEnd>1435</CharacterOffsetEnd>
            <POS>JJ</POS>
          </token>
          <token id="6">
            <word>history</word>
            <lemma>history</lemma>
            <CharacterOffsetBegin>1436</CharacterOffsetBegin>
            <CharacterOffsetEnd>1443</CharacterOffsetEnd>
            <POS>NN</POS>
          </token>
          <token id="7">
            <word>,</word>
            <lemma>,</lemma>
            <CharacterOffsetBegin>1443</CharacterOffsetBegin>
            <CharacterOffsetEnd>1444</CharacterOffsetEnd>
            <POS>,</POS>
          </token>
          <token id="8">
            <word>involving</word>
            <lemma>involve</lemma>
            <CharacterOffsetBegin>1445</CharacterOffsetBegin>
            <CharacterOffsetEnd>1454</CharacterOffsetEnd>
            <POS>VBG</POS>
          </token>
          <token id="9">
            <word>shoplifting</word>
            <lemma>shoplifting</lemma>
            <CharacterOffsetBegin>1455</CharacterOffsetBegin>
            <CharacterOffsetEnd>1466</CharacterOffsetEnd>
            <POS>NN</POS>
          </token>
          <token id="10">
            <word>and</word>
            <lemma>and</lemma>
            <CharacterOffsetBegin>1467</CharacterOffsetBegin>
            <CharacterOffsetEnd>1470</CharacterOffsetEnd>
            <POS>CC</POS>
          </token>
          <token id="11">
            <word>drugs</word>
            <lemma>drug</lemma>
            <CharacterOffsetBegin>1471</CharacterOffsetBegin>
            <CharacterOffsetEnd>1476</CharacterOffsetEnd>
            <POS>NNS</POS>
          </token>
          <token id="12">
            <word>,</word>
            <lemma>,</lemma>
            <CharacterOffsetBegin>1476</CharacterOffsetBegin>
            <CharacterOffsetEnd>1477</CharacterOffsetEnd>
            <POS>,</POS>
          </token>
          <token id="13">
            <word>but</word>
            <lemma>but</lemma>
            <CharacterOffsetBegin>1478</CharacterOffsetBegin>
            <CharacterOffsetEnd>1481</CharacterOffsetEnd>
            <POS>CC</POS>
          </token>
          <token id="14">
            <word>nothing</word>
            <lemma>nothing</lemma>
            <CharacterOffsetBegin>1482</CharacterOffsetBegin>
            <CharacterOffsetEnd>1489</CharacterOffsetEnd>
            <POS>NN</POS>
          </token>
          <token id="15">
            <word>within</word>
            <lemma>within</lemma>
            <CharacterOffsetBegin>1490</CharacterOffsetBegin>
            <CharacterOffsetEnd>1496</CharacterOffsetEnd>
            <POS>IN</POS>
          </token>
          <token id="16">
            <word>the</word>
            <lemma>the</lemma>
            <CharacterOffsetBegin>1497</CharacterOffsetBegin>
            <CharacterOffsetEnd>1500</CharacterOffsetEnd>
            <POS>DT</POS>
          </token>
          <token id="17">
            <word>past</word>
            <lemma>past</lemma>
            <CharacterOffsetBegin>1501</CharacterOffsetBegin>
            <CharacterOffsetEnd>1505</CharacterOffsetEnd>
            <POS>JJ</POS>
          </token>
          <token id="18">
            <word>few</word>
            <lemma>few</lemma>
            <CharacterOffsetBegin>1506</CharacterOffsetBegin>
            <CharacterOffsetEnd>1509</CharacterOffsetEnd>
            <POS>JJ</POS>
          </token>
          <token id="19">
            <word>years</word>
            <lemma>year</lemma>
            <CharacterOffsetBegin>1510</CharacterOffsetBegin>
            <CharacterOffsetEnd>1515</CharacterOffsetEnd>
            <POS>NNS</POS>
          </token>
          <token id="20">
            <word>.</word>
            <lemma>.</lemma>
            <CharacterOffsetBegin>1515</CharacterOffsetBegin>
            <CharacterOffsetEnd>1516</CharacterOffsetEnd>
            <POS>.</POS>
          </token>
        </tokens>
      </sentence>
      <sentence id="16">
        <tokens>
          <token id="1">
            <word>Copyright</word>
            <lemma>copyright</lemma>
            <CharacterOffsetBegin>1517</CharacterOffsetBegin>
            <CharacterOffsetEnd>1526</CharacterOffsetEnd>
            <POS>NN</POS>
          </token>
          <token id="2">
            <word>2011</word>
            <lemma>2011</lemma>
            <CharacterOffsetBegin>1527</CharacterOffsetBegin>
            <CharacterOffsetEnd>1531</CharacterOffsetEnd>
            <POS>CD</POS>
          </token>
          <token id="3">
            <word>The</word>
            <lemma>the</lemma>
            <CharacterOffsetBegin>1532</CharacterOffsetBegin>
            <CharacterOffsetEnd>1535</CharacterOffsetEnd>
            <POS>DT</POS>
          </token>
          <token id="4">
            <word>Salt</word>
            <lemma>Salt</lemma>
            <CharacterOffsetBegin>1536</CharacterOffsetBegin>
            <CharacterOffsetEnd>1540</CharacterOffsetEnd>
            <POS>NNP</POS>
          </token>
          <token id="5">
            <word>Lake</word>
            <lemma>Lake</lemma>
            <CharacterOffsetBegin>1541</CharacterOffsetBegin>
            <CharacterOffsetEnd>1545</CharacterOffsetEnd>
            <POS>NNP</POS>
          </token>
          <token id="6">
            <word>Tribune</word>
            <lemma>Tribune</lemma>
            <CharacterOffsetBegin>1546</CharacterOffsetBegin>
            <CharacterOffsetEnd>1553</CharacterOffsetEnd>
            <POS>NNP</POS>
          </token>
          <token id="7">
            <word>.</word>
            <lemma>.</lemma>
            <CharacterOffsetBegin>1553</CharacterOffsetBegin>
            <CharacterOffsetEnd>1554</CharacterOffsetEnd>
            <POS>.</POS>
          </token>
        </tokens>
      </sentence>
      <sentence id="17">
        <tokens>
          <token id="1">
            <word>All</word>
            <lemma>all</lemma>
            <CharacterOffsetBegin>1555</CharacterOffsetBegin>
            <CharacterOffsetEnd>1558</CharacterOffsetEnd>
            <POS>DT</POS>
          </token>
          <token id="2">
            <word>rights</word>
            <lemma>rights</lemma>
            <CharacterOffsetBegin>1559</CharacterOffsetBegin>
            <CharacterOffsetEnd>1565</CharacterOffsetEnd>
            <POS>NNS</POS>
          </token>
          <token id="3">
            <word>reserved</word>
            <lemma>reserve</lemma>
            <CharacterOffsetBegin>1566</CharacterOffsetBegin>
            <CharacterOffsetEnd>1574</CharacterOffsetEnd>
            <POS>VBN</POS>
          </token>
          <token id="4">
            <word>.</word>
            <lemma>.</lemma>
            <CharacterOffsetBegin>1574</CharacterOffsetBegin>
            <CharacterOffsetEnd>1575</CharacterOffsetEnd>
            <POS>.</POS>
          </token>
        </tokens>
      </sentence>
      <sentence id="18">
        <tokens>
          <token id="1">
            <word>This</word>
            <lemma>this</lemma>
            <CharacterOffsetBegin>1576</CharacterOffsetBegin>
            <CharacterOffsetEnd>1580</CharacterOffsetEnd>
            <POS>DT</POS>
          </token>
          <token id="2">
            <word>material</word>
            <lemma>material</lemma>
            <CharacterOffsetBegin>1581</CharacterOffsetBegin>
            <CharacterOffsetEnd>1589</CharacterOffsetEnd>
            <POS>NN</POS>
          </token>
          <token id="3">
            <word>may</word>
            <lemma>may</lemma>
            <CharacterOffsetBegin>1590</CharacterOffsetBegin>
            <CharacterOffsetEnd>1593</CharacterOffsetEnd>
            <POS>MD</POS>
          </token>
          <token id="4">
            <word>not</word>
            <lemma>not</lemma>
            <CharacterOffsetBegin>1594</CharacterOffsetBegin>
            <CharacterOffsetEnd>1597</CharacterOffsetEnd>
            <POS>RB</POS>
          </token>
          <token id="5">
            <word>be</word>
            <lemma>be</lemma>
            <CharacterOffsetBegin>1598</CharacterOffsetBegin>
            <CharacterOffsetEnd>1600</CharacterOffsetEnd>
            <POS>VB</POS>
          </token>
          <token id="6">
            <word>published</word>
            <lemma>publish</lemma>
            <CharacterOffsetBegin>1601</CharacterOffsetBegin>
            <CharacterOffsetEnd>1610</CharacterOffsetEnd>
            <POS>VBN</POS>
          </token>
          <token id="7">
            <word>,</word>
            <lemma>,</lemma>
            <CharacterOffsetBegin>1610</CharacterOffsetBegin>
            <CharacterOffsetEnd>1611</CharacterOffsetEnd>
            <POS>,</POS>
          </token>
          <token id="8">
            <word>broadcast</word>
            <lemma>broadcast</lemma>
            <CharacterOffsetBegin>1612</CharacterOffsetBegin>
            <CharacterOffsetEnd>1621</CharacterOffsetEnd>
            <POS>NN</POS>
          </token>
          <token id="9">
            <word>,</word>
            <lemma>,</lemma>
            <CharacterOffsetBegin>1621</CharacterOffsetBegin>
            <CharacterOffsetEnd>1622</CharacterOffsetEnd>
            <POS>,</POS>
          </token>
          <token id="10">
            <word>rewritten</word>
            <lemma>rewrite</lemma>
            <CharacterOffsetBegin>1623</CharacterOffsetBegin>
            <CharacterOffsetEnd>1632</CharacterOffsetEnd>
            <POS>VBN</POS>
          </token>
          <token id="11">
            <word>or</word>
            <lemma>or</lemma>
            <CharacterOffsetBegin>1633</CharacterOffsetBegin>
            <CharacterOffsetEnd>1635</CharacterOffsetEnd>
            <POS>CC</POS>
          </token>
          <token id="12">
            <word>redistributed</word>
            <lemma>redistribute</lemma>
            <CharacterOffsetBegin>1636</CharacterOffsetBegin>
            <CharacterOffsetEnd>1649</CharacterOffsetEnd>
            <POS>VBN</POS>
          </token>
          <token id="13">
            <word>.</word>
            <lemma>.</lemma>
            <CharacterOffsetBegin>1649</CharacterOffsetBegin>
            <CharacterOffsetEnd>1650</CharacterOffsetEnd>
            <POS>.</POS>
          </token>
        </tokens>
      </sentence>
    </sentences>
  </document>
</root>
