<?xml version="1.0" encoding="UTF-8"?>
<?xml-stylesheet href="CoreNLP-to-HTML.xsl" type="text/xsl"?>
<root>
  <document>
    <sentences>
      <sentence id="1">
        <tokens>
          <token id="1">
            <word>Man</word>
            <lemma>man</lemma>
            <CharacterOffsetBegin>0</CharacterOffsetBegin>
            <CharacterOffsetEnd>3</CharacterOffsetEnd>
            <POS>NN</POS>
          </token>
          <token id="2">
            <word>pleads</word>
            <lemma>plead</lemma>
            <CharacterOffsetBegin>4</CharacterOffsetBegin>
            <CharacterOffsetEnd>10</CharacterOffsetEnd>
            <POS>NNS</POS>
          </token>
          <token id="3">
            <word>guilty</word>
            <lemma>guilty</lemma>
            <CharacterOffsetBegin>11</CharacterOffsetBegin>
            <CharacterOffsetEnd>17</CharacterOffsetEnd>
            <POS>JJ</POS>
          </token>
          <token id="4">
            <word>to</word>
            <lemma>to</lemma>
            <CharacterOffsetBegin>18</CharacterOffsetBegin>
            <CharacterOffsetEnd>20</CharacterOffsetEnd>
            <POS>TO</POS>
          </token>
          <token id="5">
            <word>tax</word>
            <lemma>tax</lemma>
            <CharacterOffsetBegin>21</CharacterOffsetBegin>
            <CharacterOffsetEnd>24</CharacterOffsetEnd>
            <POS>NN</POS>
          </token>
          <token id="6">
            <word>evasion</word>
            <lemma>evasion</lemma>
            <CharacterOffsetBegin>25</CharacterOffsetBegin>
            <CharacterOffsetEnd>32</CharacterOffsetEnd>
            <POS>NN</POS>
          </token>
          <token id="7">
            <word>in</word>
            <lemma>in</lemma>
            <CharacterOffsetBegin>33</CharacterOffsetBegin>
            <CharacterOffsetEnd>35</CharacterOffsetEnd>
            <POS>IN</POS>
          </token>
          <token id="8">
            <word>cemetery</word>
            <lemma>cemetery</lemma>
            <CharacterOffsetBegin>36</CharacterOffsetBegin>
            <CharacterOffsetEnd>44</CharacterOffsetEnd>
            <POS>NN</POS>
          </token>
          <token id="9">
            <word>case</word>
            <lemma>case</lemma>
            <CharacterOffsetBegin>45</CharacterOffsetBegin>
            <CharacterOffsetEnd>49</CharacterOffsetEnd>
            <POS>NN</POS>
          </token>
        </tokens>
      </sentence>
      <sentence id="2">
        <tokens>
          <token id="1">
            <word>MEMPHIS</word>
            <lemma>MEMPHIS</lemma>
            <CharacterOffsetBegin>51</CharacterOffsetBegin>
            <CharacterOffsetEnd>58</CharacterOffsetEnd>
            <POS>NNP</POS>
          </token>
          <token id="2">
            <word>,</word>
            <lemma>,</lemma>
            <CharacterOffsetBegin>58</CharacterOffsetBegin>
            <CharacterOffsetEnd>59</CharacterOffsetEnd>
            <POS>,</POS>
          </token>
          <token id="3">
            <word>Tenn.</word>
            <lemma>Tenn.</lemma>
            <CharacterOffsetBegin>60</CharacterOffsetBegin>
            <CharacterOffsetEnd>65</CharacterOffsetEnd>
            <POS>NNP</POS>
          </token>
          <token id="4">
            <word>--</word>
            <lemma>--</lemma>
            <CharacterOffsetBegin>66</CharacterOffsetBegin>
            <CharacterOffsetEnd>67</CharacterOffsetEnd>
            <POS>:</POS>
          </token>
          <token id="5">
            <word>A</word>
            <lemma>A</lemma>
            <CharacterOffsetBegin>68</CharacterOffsetBegin>
            <CharacterOffsetEnd>69</CharacterOffsetEnd>
            <POS>NNP</POS>
          </token>
          <token id="6">
            <word>cemetery</word>
            <lemma>cemetery</lemma>
            <CharacterOffsetBegin>70</CharacterOffsetBegin>
            <CharacterOffsetEnd>78</CharacterOffsetEnd>
            <POS>NN</POS>
          </token>
          <token id="7">
            <word>owner</word>
            <lemma>owner</lemma>
            <CharacterOffsetBegin>79</CharacterOffsetBegin>
            <CharacterOffsetEnd>84</CharacterOffsetEnd>
            <POS>NN</POS>
          </token>
          <token id="8">
            <word>charged</word>
            <lemma>charge</lemma>
            <CharacterOffsetBegin>85</CharacterOffsetBegin>
            <CharacterOffsetEnd>92</CharacterOffsetEnd>
            <POS>VBN</POS>
          </token>
          <token id="9">
            <word>with</word>
            <lemma>with</lemma>
            <CharacterOffsetBegin>93</CharacterOffsetBegin>
            <CharacterOffsetEnd>97</CharacterOffsetEnd>
            <POS>IN</POS>
          </token>
          <token id="10">
            <word>helping</word>
            <lemma>help</lemma>
            <CharacterOffsetBegin>98</CharacterOffsetBegin>
            <CharacterOffsetEnd>105</CharacterOffsetEnd>
            <POS>VBG</POS>
          </token>
          <token id="11">
            <word>steal</word>
            <lemma>steal</lemma>
            <CharacterOffsetBegin>106</CharacterOffsetBegin>
            <CharacterOffsetEnd>111</CharacterOffsetEnd>
            <POS>VB</POS>
          </token>
          <token id="12">
            <word>millions</word>
            <lemma>million</lemma>
            <CharacterOffsetBegin>112</CharacterOffsetBegin>
            <CharacterOffsetEnd>120</CharacterOffsetEnd>
            <POS>NNS</POS>
          </token>
          <token id="13">
            <word>from</word>
            <lemma>from</lemma>
            <CharacterOffsetBegin>121</CharacterOffsetBegin>
            <CharacterOffsetEnd>125</CharacterOffsetEnd>
            <POS>IN</POS>
          </token>
          <token id="14">
            <word>funeral</word>
            <lemma>funeral</lemma>
            <CharacterOffsetBegin>126</CharacterOffsetBegin>
            <CharacterOffsetEnd>133</CharacterOffsetEnd>
            <POS>JJ</POS>
          </token>
          <token id="15">
            <word>home</word>
            <lemma>home</lemma>
            <CharacterOffsetBegin>134</CharacterOffsetBegin>
            <CharacterOffsetEnd>138</CharacterOffsetEnd>
            <POS>NN</POS>
          </token>
          <token id="16">
            <word>trust</word>
            <lemma>trust</lemma>
            <CharacterOffsetBegin>139</CharacterOffsetBegin>
            <CharacterOffsetEnd>144</CharacterOffsetEnd>
            <POS>NN</POS>
          </token>
          <token id="17">
            <word>funds</word>
            <lemma>fund</lemma>
            <CharacterOffsetBegin>145</CharacterOffsetBegin>
            <CharacterOffsetEnd>150</CharacterOffsetEnd>
            <POS>NNS</POS>
          </token>
          <token id="18">
            <word>has</word>
            <lemma>have</lemma>
            <CharacterOffsetBegin>151</CharacterOffsetBegin>
            <CharacterOffsetEnd>154</CharacterOffsetEnd>
            <POS>VBZ</POS>
          </token>
          <token id="19">
            <word>pleaded</word>
            <lemma>plead</lemma>
            <CharacterOffsetBegin>155</CharacterOffsetBegin>
            <CharacterOffsetEnd>162</CharacterOffsetEnd>
            <POS>VBN</POS>
          </token>
          <token id="20">
            <word>guilty</word>
            <lemma>guilty</lemma>
            <CharacterOffsetBegin>163</CharacterOffsetBegin>
            <CharacterOffsetEnd>169</CharacterOffsetEnd>
            <POS>JJ</POS>
          </token>
          <token id="21">
            <word>to</word>
            <lemma>to</lemma>
            <CharacterOffsetBegin>170</CharacterOffsetBegin>
            <CharacterOffsetEnd>172</CharacterOffsetEnd>
            <POS>TO</POS>
          </token>
          <token id="22">
            <word>tax</word>
            <lemma>tax</lemma>
            <CharacterOffsetBegin>173</CharacterOffsetBegin>
            <CharacterOffsetEnd>176</CharacterOffsetEnd>
            <POS>NN</POS>
          </token>
          <token id="23">
            <word>evasion</word>
            <lemma>evasion</lemma>
            <CharacterOffsetBegin>177</CharacterOffsetBegin>
            <CharacterOffsetEnd>184</CharacterOffsetEnd>
            <POS>NN</POS>
          </token>
          <token id="24">
            <word>.</word>
            <lemma>.</lemma>
            <CharacterOffsetBegin>184</CharacterOffsetBegin>
            <CharacterOffsetEnd>185</CharacterOffsetEnd>
            <POS>.</POS>
          </token>
        </tokens>
      </sentence>
      <sentence id="3">
        <tokens>
          <token id="1">
            <word>According</word>
            <lemma>accord</lemma>
            <CharacterOffsetBegin>186</CharacterOffsetBegin>
            <CharacterOffsetEnd>195</CharacterOffsetEnd>
            <POS>VBG</POS>
          </token>
          <token id="2">
            <word>to</word>
            <lemma>to</lemma>
            <CharacterOffsetBegin>196</CharacterOffsetBegin>
            <CharacterOffsetEnd>198</CharacterOffsetEnd>
            <POS>TO</POS>
          </token>
          <token id="3">
            <word>WMC-TV</word>
            <lemma>WMC-TV</lemma>
            <CharacterOffsetBegin>199</CharacterOffsetBegin>
            <CharacterOffsetEnd>205</CharacterOffsetEnd>
            <POS>NNP</POS>
          </token>
          <token id="4">
            <word>,</word>
            <lemma>,</lemma>
            <CharacterOffsetBegin>205</CharacterOffsetBegin>
            <CharacterOffsetEnd>206</CharacterOffsetEnd>
            <POS>,</POS>
          </token>
          <token id="5">
            <word>71-year-old</word>
            <lemma>71-year-old</lemma>
            <CharacterOffsetBegin>207</CharacterOffsetBegin>
            <CharacterOffsetEnd>218</CharacterOffsetEnd>
            <POS>JJ</POS>
          </token>
          <token id="6">
            <word>Clayton</word>
            <lemma>Clayton</lemma>
            <CharacterOffsetBegin>219</CharacterOffsetBegin>
            <CharacterOffsetEnd>226</CharacterOffsetEnd>
            <POS>NNP</POS>
          </token>
          <token id="7">
            <word>Smart</word>
            <lemma>Smart</lemma>
            <CharacterOffsetBegin>227</CharacterOffsetBegin>
            <CharacterOffsetEnd>232</CharacterOffsetEnd>
            <POS>NNP</POS>
          </token>
          <token id="8">
            <word>made</word>
            <lemma>make</lemma>
            <CharacterOffsetBegin>233</CharacterOffsetBegin>
            <CharacterOffsetEnd>237</CharacterOffsetEnd>
            <POS>VBD</POS>
          </token>
          <token id="9">
            <word>the</word>
            <lemma>the</lemma>
            <CharacterOffsetBegin>238</CharacterOffsetBegin>
            <CharacterOffsetEnd>241</CharacterOffsetEnd>
            <POS>DT</POS>
          </token>
          <token id="10">
            <word>plea</word>
            <lemma>plea</lemma>
            <CharacterOffsetBegin>242</CharacterOffsetBegin>
            <CharacterOffsetEnd>246</CharacterOffsetEnd>
            <POS>NN</POS>
          </token>
          <token id="11">
            <word>Friday</word>
            <lemma>Friday</lemma>
            <CharacterOffsetBegin>247</CharacterOffsetBegin>
            <CharacterOffsetEnd>253</CharacterOffsetEnd>
            <POS>NNP</POS>
          </token>
          <token id="12">
            <word>as</word>
            <lemma>as</lemma>
            <CharacterOffsetBegin>254</CharacterOffsetBegin>
            <CharacterOffsetEnd>256</CharacterOffsetEnd>
            <POS>IN</POS>
          </token>
          <token id="13">
            <word>part</word>
            <lemma>part</lemma>
            <CharacterOffsetBegin>257</CharacterOffsetBegin>
            <CharacterOffsetEnd>261</CharacterOffsetEnd>
            <POS>NN</POS>
          </token>
          <token id="14">
            <word>of</word>
            <lemma>of</lemma>
            <CharacterOffsetBegin>262</CharacterOffsetBegin>
            <CharacterOffsetEnd>264</CharacterOffsetEnd>
            <POS>IN</POS>
          </token>
          <token id="15">
            <word>a</word>
            <lemma>a</lemma>
            <CharacterOffsetBegin>265</CharacterOffsetBegin>
            <CharacterOffsetEnd>266</CharacterOffsetEnd>
            <POS>DT</POS>
          </token>
          <token id="16">
            <word>larger</word>
            <lemma>larger</lemma>
            <CharacterOffsetBegin>267</CharacterOffsetBegin>
            <CharacterOffsetEnd>273</CharacterOffsetEnd>
            <POS>JJR</POS>
          </token>
          <token id="17">
            <word>deal</word>
            <lemma>deal</lemma>
            <CharacterOffsetBegin>274</CharacterOffsetBegin>
            <CharacterOffsetEnd>278</CharacterOffsetEnd>
            <POS>NN</POS>
          </token>
          <token id="18">
            <word>reached</word>
            <lemma>reach</lemma>
            <CharacterOffsetBegin>279</CharacterOffsetBegin>
            <CharacterOffsetEnd>286</CharacterOffsetEnd>
            <POS>VBD</POS>
          </token>
          <token id="19">
            <word>earlier</word>
            <lemma>earlier</lemma>
            <CharacterOffsetBegin>287</CharacterOffsetBegin>
            <CharacterOffsetEnd>294</CharacterOffsetEnd>
            <POS>RBR</POS>
          </token>
          <token id="20">
            <word>this</word>
            <lemma>this</lemma>
            <CharacterOffsetBegin>295</CharacterOffsetBegin>
            <CharacterOffsetEnd>299</CharacterOffsetEnd>
            <POS>DT</POS>
          </token>
          <token id="21">
            <word>year</word>
            <lemma>year</lemma>
            <CharacterOffsetBegin>300</CharacterOffsetBegin>
            <CharacterOffsetEnd>304</CharacterOffsetEnd>
            <POS>NN</POS>
          </token>
          <token id="22">
            <word>transferring</word>
            <lemma>transfer</lemma>
            <CharacterOffsetBegin>305</CharacterOffsetBegin>
            <CharacterOffsetEnd>317</CharacterOffsetEnd>
            <POS>VBG</POS>
          </token>
          <token id="23">
            <word>the</word>
            <lemma>the</lemma>
            <CharacterOffsetBegin>318</CharacterOffsetBegin>
            <CharacterOffsetEnd>321</CharacterOffsetEnd>
            <POS>DT</POS>
          </token>
          <token id="24">
            <word>charge</word>
            <lemma>charge</lemma>
            <CharacterOffsetBegin>322</CharacterOffsetBegin>
            <CharacterOffsetEnd>328</CharacterOffsetEnd>
            <POS>NN</POS>
          </token>
          <token id="25">
            <word>from</word>
            <lemma>from</lemma>
            <CharacterOffsetBegin>329</CharacterOffsetBegin>
            <CharacterOffsetEnd>333</CharacterOffsetEnd>
            <POS>IN</POS>
          </token>
          <token id="26">
            <word>Oklahoma</word>
            <lemma>Oklahoma</lemma>
            <CharacterOffsetBegin>334</CharacterOffsetBegin>
            <CharacterOffsetEnd>342</CharacterOffsetEnd>
            <POS>NNP</POS>
          </token>
          <token id="27">
            <word>to</word>
            <lemma>to</lemma>
            <CharacterOffsetBegin>343</CharacterOffsetBegin>
            <CharacterOffsetEnd>345</CharacterOffsetEnd>
            <POS>TO</POS>
          </token>
          <token id="28">
            <word>Memphis</word>
            <lemma>Memphis</lemma>
            <CharacterOffsetBegin>346</CharacterOffsetBegin>
            <CharacterOffsetEnd>353</CharacterOffsetEnd>
            <POS>NNP</POS>
          </token>
          <token id="29">
            <word>.</word>
            <lemma>.</lemma>
            <CharacterOffsetBegin>353</CharacterOffsetBegin>
            <CharacterOffsetEnd>354</CharacterOffsetEnd>
            <POS>.</POS>
          </token>
        </tokens>
      </sentence>
      <sentence id="4">
        <tokens>
          <token id="1">
            <word>Smart</word>
            <lemma>Smart</lemma>
            <CharacterOffsetBegin>355</CharacterOffsetBegin>
            <CharacterOffsetEnd>360</CharacterOffsetEnd>
            <POS>NNP</POS>
          </token>
          <token id="2">
            <word>,</word>
            <lemma>,</lemma>
            <CharacterOffsetBegin>360</CharacterOffsetBegin>
            <CharacterOffsetEnd>361</CharacterOffsetEnd>
            <POS>,</POS>
          </token>
          <token id="3">
            <word>a</word>
            <lemma>a</lemma>
            <CharacterOffsetBegin>362</CharacterOffsetBegin>
            <CharacterOffsetEnd>363</CharacterOffsetEnd>
            <POS>DT</POS>
          </token>
          <token id="4">
            <word>former</word>
            <lemma>former</lemma>
            <CharacterOffsetBegin>364</CharacterOffsetBegin>
            <CharacterOffsetEnd>370</CharacterOffsetEnd>
            <POS>JJ</POS>
          </token>
          <token id="5">
            <word>Oklahoma</word>
            <lemma>Oklahoma</lemma>
            <CharacterOffsetBegin>371</CharacterOffsetBegin>
            <CharacterOffsetEnd>379</CharacterOffsetEnd>
            <POS>NNP</POS>
          </token>
          <token id="6">
            <word>oilman</word>
            <lemma>oilman</lemma>
            <CharacterOffsetBegin>380</CharacterOffsetBegin>
            <CharacterOffsetEnd>386</CharacterOffsetEnd>
            <POS>NN</POS>
          </token>
          <token id="7">
            <word>,</word>
            <lemma>,</lemma>
            <CharacterOffsetBegin>386</CharacterOffsetBegin>
            <CharacterOffsetEnd>387</CharacterOffsetEnd>
            <POS>,</POS>
          </token>
          <token id="8">
            <word>faces</word>
            <lemma>face</lemma>
            <CharacterOffsetBegin>388</CharacterOffsetBegin>
            <CharacterOffsetEnd>393</CharacterOffsetEnd>
            <POS>VBZ</POS>
          </token>
          <token id="9">
            <word>up</word>
            <lemma>up</lemma>
            <CharacterOffsetBegin>394</CharacterOffsetBegin>
            <CharacterOffsetEnd>396</CharacterOffsetEnd>
            <POS>RP</POS>
          </token>
          <token id="10">
            <word>to</word>
            <lemma>to</lemma>
            <CharacterOffsetBegin>397</CharacterOffsetBegin>
            <CharacterOffsetEnd>399</CharacterOffsetEnd>
            <POS>TO</POS>
          </token>
          <token id="11">
            <word>five</word>
            <lemma>five</lemma>
            <CharacterOffsetBegin>400</CharacterOffsetBegin>
            <CharacterOffsetEnd>404</CharacterOffsetEnd>
            <POS>CD</POS>
          </token>
          <token id="12">
            <word>years</word>
            <lemma>year</lemma>
            <CharacterOffsetBegin>405</CharacterOffsetBegin>
            <CharacterOffsetEnd>410</CharacterOffsetEnd>
            <POS>NNS</POS>
          </token>
          <token id="13">
            <word>in</word>
            <lemma>in</lemma>
            <CharacterOffsetBegin>411</CharacterOffsetBegin>
            <CharacterOffsetEnd>413</CharacterOffsetEnd>
            <POS>IN</POS>
          </token>
          <token id="14">
            <word>prison</word>
            <lemma>prison</lemma>
            <CharacterOffsetBegin>414</CharacterOffsetBegin>
            <CharacterOffsetEnd>420</CharacterOffsetEnd>
            <POS>NN</POS>
          </token>
          <token id="15">
            <word>on</word>
            <lemma>on</lemma>
            <CharacterOffsetBegin>421</CharacterOffsetBegin>
            <CharacterOffsetEnd>423</CharacterOffsetEnd>
            <POS>IN</POS>
          </token>
          <token id="16">
            <word>the</word>
            <lemma>the</lemma>
            <CharacterOffsetBegin>424</CharacterOffsetBegin>
            <CharacterOffsetEnd>427</CharacterOffsetEnd>
            <POS>DT</POS>
          </token>
          <token id="17">
            <word>charge</word>
            <lemma>charge</lemma>
            <CharacterOffsetBegin>428</CharacterOffsetBegin>
            <CharacterOffsetEnd>434</CharacterOffsetEnd>
            <POS>NN</POS>
          </token>
          <token id="18">
            <word>and</word>
            <lemma>and</lemma>
            <CharacterOffsetBegin>435</CharacterOffsetBegin>
            <CharacterOffsetEnd>438</CharacterOffsetEnd>
            <POS>CC</POS>
          </token>
          <token id="19">
            <word>a</word>
            <lemma>a</lemma>
            <CharacterOffsetBegin>439</CharacterOffsetBegin>
            <CharacterOffsetEnd>440</CharacterOffsetEnd>
            <POS>DT</POS>
          </token>
          <token id="20">
            <word>fine</word>
            <lemma>fine</lemma>
            <CharacterOffsetBegin>441</CharacterOffsetBegin>
            <CharacterOffsetEnd>445</CharacterOffsetEnd>
            <POS>NN</POS>
          </token>
          <token id="21">
            <word>of</word>
            <lemma>of</lemma>
            <CharacterOffsetBegin>446</CharacterOffsetBegin>
            <CharacterOffsetEnd>448</CharacterOffsetEnd>
            <POS>IN</POS>
          </token>
          <token id="22">
            <word>$</word>
            <lemma>$</lemma>
            <CharacterOffsetBegin>449</CharacterOffsetBegin>
            <CharacterOffsetEnd>450</CharacterOffsetEnd>
            <POS>$</POS>
          </token>
          <token id="23">
            <word>250,000</word>
            <lemma>250,000</lemma>
            <CharacterOffsetBegin>450</CharacterOffsetBegin>
            <CharacterOffsetEnd>457</CharacterOffsetEnd>
            <POS>CD</POS>
          </token>
          <token id="24">
            <word>when</word>
            <lemma>when</lemma>
            <CharacterOffsetBegin>458</CharacterOffsetBegin>
            <CharacterOffsetEnd>462</CharacterOffsetEnd>
            <POS>WRB</POS>
          </token>
          <token id="25">
            <word>he</word>
            <lemma>he</lemma>
            <CharacterOffsetBegin>463</CharacterOffsetBegin>
            <CharacterOffsetEnd>465</CharacterOffsetEnd>
            <POS>PRP</POS>
          </token>
          <token id="26">
            <word>is</word>
            <lemma>be</lemma>
            <CharacterOffsetBegin>466</CharacterOffsetBegin>
            <CharacterOffsetEnd>468</CharacterOffsetEnd>
            <POS>VBZ</POS>
          </token>
          <token id="27">
            <word>sentenced</word>
            <lemma>sentence</lemma>
            <CharacterOffsetBegin>469</CharacterOffsetBegin>
            <CharacterOffsetEnd>478</CharacterOffsetEnd>
            <POS>VBN</POS>
          </token>
          <token id="28">
            <word>June</word>
            <lemma>June</lemma>
            <CharacterOffsetBegin>479</CharacterOffsetBegin>
            <CharacterOffsetEnd>483</CharacterOffsetEnd>
            <POS>NNP</POS>
          </token>
          <token id="29">
            <word>30</word>
            <lemma>30</lemma>
            <CharacterOffsetBegin>484</CharacterOffsetBegin>
            <CharacterOffsetEnd>486</CharacterOffsetEnd>
            <POS>CD</POS>
          </token>
          <token id="30">
            <word>.</word>
            <lemma>.</lemma>
            <CharacterOffsetBegin>486</CharacterOffsetBegin>
            <CharacterOffsetEnd>487</CharacterOffsetEnd>
            <POS>.</POS>
          </token>
        </tokens>
      </sentence>
      <sentence id="5">
        <tokens>
          <token id="1">
            <word>Smart</word>
            <lemma>Smart</lemma>
            <CharacterOffsetBegin>488</CharacterOffsetBegin>
            <CharacterOffsetEnd>493</CharacterOffsetEnd>
            <POS>NNP</POS>
          </token>
          <token id="2">
            <word>was</word>
            <lemma>be</lemma>
            <CharacterOffsetBegin>494</CharacterOffsetBegin>
            <CharacterOffsetEnd>497</CharacterOffsetEnd>
            <POS>VBD</POS>
          </token>
          <token id="3">
            <word>indicted</word>
            <lemma>indict</lemma>
            <CharacterOffsetBegin>498</CharacterOffsetBegin>
            <CharacterOffsetEnd>506</CharacterOffsetEnd>
            <POS>VBN</POS>
          </token>
          <token id="4">
            <word>in</word>
            <lemma>in</lemma>
            <CharacterOffsetBegin>507</CharacterOffsetBegin>
            <CharacterOffsetEnd>509</CharacterOffsetEnd>
            <POS>IN</POS>
          </token>
          <token id="5">
            <word>2007</word>
            <lemma>2007</lemma>
            <CharacterOffsetBegin>510</CharacterOffsetBegin>
            <CharacterOffsetEnd>514</CharacterOffsetEnd>
            <POS>CD</POS>
          </token>
          <token id="6">
            <word>in</word>
            <lemma>in</lemma>
            <CharacterOffsetBegin>515</CharacterOffsetBegin>
            <CharacterOffsetEnd>517</CharacterOffsetEnd>
            <POS>IN</POS>
          </token>
          <token id="7">
            <word>Memphis</word>
            <lemma>Memphis</lemma>
            <CharacterOffsetBegin>518</CharacterOffsetBegin>
            <CharacterOffsetEnd>525</CharacterOffsetEnd>
            <POS>NNP</POS>
          </token>
          <token id="8">
            <word>,</word>
            <lemma>,</lemma>
            <CharacterOffsetBegin>525</CharacterOffsetBegin>
            <CharacterOffsetEnd>526</CharacterOffsetEnd>
            <POS>,</POS>
          </token>
          <token id="9">
            <word>accused</word>
            <lemma>accuse</lemma>
            <CharacterOffsetBegin>527</CharacterOffsetBegin>
            <CharacterOffsetEnd>534</CharacterOffsetEnd>
            <POS>VBD</POS>
          </token>
          <token id="10">
            <word>of</word>
            <lemma>of</lemma>
            <CharacterOffsetBegin>535</CharacterOffsetBegin>
            <CharacterOffsetEnd>537</CharacterOffsetEnd>
            <POS>IN</POS>
          </token>
          <token id="11">
            <word>diverting</word>
            <lemma>divert</lemma>
            <CharacterOffsetBegin>538</CharacterOffsetBegin>
            <CharacterOffsetEnd>547</CharacterOffsetEnd>
            <POS>VBG</POS>
          </token>
          <token id="12">
            <word>$</word>
            <lemma>$</lemma>
            <CharacterOffsetBegin>548</CharacterOffsetBegin>
            <CharacterOffsetEnd>549</CharacterOffsetEnd>
            <POS>$</POS>
          </token>
          <token id="13">
            <word>20</word>
            <lemma>20</lemma>
            <CharacterOffsetBegin>549</CharacterOffsetBegin>
            <CharacterOffsetEnd>551</CharacterOffsetEnd>
            <POS>CD</POS>
          </token>
          <token id="14">
            <word>million</word>
            <lemma>million</lemma>
            <CharacterOffsetBegin>552</CharacterOffsetBegin>
            <CharacterOffsetEnd>559</CharacterOffsetEnd>
            <POS>CD</POS>
          </token>
          <token id="15">
            <word>from</word>
            <lemma>from</lemma>
            <CharacterOffsetBegin>560</CharacterOffsetBegin>
            <CharacterOffsetEnd>564</CharacterOffsetEnd>
            <POS>IN</POS>
          </token>
          <token id="16">
            <word>cemetery</word>
            <lemma>cemetery</lemma>
            <CharacterOffsetBegin>565</CharacterOffsetBegin>
            <CharacterOffsetEnd>573</CharacterOffsetEnd>
            <POS>NN</POS>
          </token>
          <token id="17">
            <word>trust</word>
            <lemma>trust</lemma>
            <CharacterOffsetBegin>574</CharacterOffsetBegin>
            <CharacterOffsetEnd>579</CharacterOffsetEnd>
            <POS>NN</POS>
          </token>
          <token id="18">
            <word>funds</word>
            <lemma>fund</lemma>
            <CharacterOffsetBegin>580</CharacterOffsetBegin>
            <CharacterOffsetEnd>585</CharacterOffsetEnd>
            <POS>NNS</POS>
          </token>
          <token id="19">
            <word>.</word>
            <lemma>.</lemma>
            <CharacterOffsetBegin>585</CharacterOffsetBegin>
            <CharacterOffsetEnd>586</CharacterOffsetEnd>
            <POS>.</POS>
          </token>
        </tokens>
      </sentence>
      <sentence id="6">
        <tokens>
          <token id="1">
            <word>The</word>
            <lemma>the</lemma>
            <CharacterOffsetBegin>587</CharacterOffsetBegin>
            <CharacterOffsetEnd>590</CharacterOffsetEnd>
            <POS>DT</POS>
          </token>
          <token id="2">
            <word>cemeteries</word>
            <lemma>cemetery</lemma>
            <CharacterOffsetBegin>591</CharacterOffsetBegin>
            <CharacterOffsetEnd>601</CharacterOffsetEnd>
            <POS>NNS</POS>
          </token>
          <token id="3">
            <word>are</word>
            <lemma>be</lemma>
            <CharacterOffsetBegin>602</CharacterOffsetBegin>
            <CharacterOffsetEnd>605</CharacterOffsetEnd>
            <POS>VBP</POS>
          </token>
          <token id="4">
            <word>in</word>
            <lemma>in</lemma>
            <CharacterOffsetBegin>606</CharacterOffsetBegin>
            <CharacterOffsetEnd>608</CharacterOffsetEnd>
            <POS>IN</POS>
          </token>
          <token id="5">
            <word>Tennessee</word>
            <lemma>Tennessee</lemma>
            <CharacterOffsetBegin>609</CharacterOffsetBegin>
            <CharacterOffsetEnd>618</CharacterOffsetEnd>
            <POS>NNP</POS>
          </token>
          <token id="6">
            <word>and</word>
            <lemma>and</lemma>
            <CharacterOffsetBegin>619</CharacterOffsetBegin>
            <CharacterOffsetEnd>622</CharacterOffsetEnd>
            <POS>CC</POS>
          </token>
          <token id="7">
            <word>Michigan</word>
            <lemma>Michigan</lemma>
            <CharacterOffsetBegin>623</CharacterOffsetBegin>
            <CharacterOffsetEnd>631</CharacterOffsetEnd>
            <POS>NNP</POS>
          </token>
          <token id="8">
            <word>.</word>
            <lemma>.</lemma>
            <CharacterOffsetBegin>631</CharacterOffsetBegin>
            <CharacterOffsetEnd>632</CharacterOffsetEnd>
            <POS>.</POS>
          </token>
        </tokens>
      </sentence>
      <sentence id="7">
        <tokens>
          <token id="1">
            <word>Prosecutors</word>
            <lemma>prosecutor</lemma>
            <CharacterOffsetBegin>633</CharacterOffsetBegin>
            <CharacterOffsetEnd>644</CharacterOffsetEnd>
            <POS>NNS</POS>
          </token>
          <token id="2">
            <word>in</word>
            <lemma>in</lemma>
            <CharacterOffsetBegin>645</CharacterOffsetBegin>
            <CharacterOffsetEnd>647</CharacterOffsetEnd>
            <POS>IN</POS>
          </token>
          <token id="3">
            <word>Oklahoma</word>
            <lemma>Oklahoma</lemma>
            <CharacterOffsetBegin>648</CharacterOffsetBegin>
            <CharacterOffsetEnd>656</CharacterOffsetEnd>
            <POS>NNP</POS>
          </token>
          <token id="4">
            <word>have</word>
            <lemma>have</lemma>
            <CharacterOffsetBegin>657</CharacterOffsetBegin>
            <CharacterOffsetEnd>661</CharacterOffsetEnd>
            <POS>VBP</POS>
          </token>
          <token id="5">
            <word>said</word>
            <lemma>say</lemma>
            <CharacterOffsetBegin>662</CharacterOffsetBegin>
            <CharacterOffsetEnd>666</CharacterOffsetEnd>
            <POS>VBN</POS>
          </token>
          <token id="6">
            <word>Smart</word>
            <lemma>Smart</lemma>
            <CharacterOffsetBegin>667</CharacterOffsetBegin>
            <CharacterOffsetEnd>672</CharacterOffsetEnd>
            <POS>NNP</POS>
          </token>
          <token id="7">
            <word>filed</word>
            <lemma>file</lemma>
            <CharacterOffsetBegin>673</CharacterOffsetBegin>
            <CharacterOffsetEnd>678</CharacterOffsetEnd>
            <POS>VBD</POS>
          </token>
          <token id="8">
            <word>a</word>
            <lemma>a</lemma>
            <CharacterOffsetBegin>679</CharacterOffsetBegin>
            <CharacterOffsetEnd>680</CharacterOffsetEnd>
            <POS>DT</POS>
          </token>
          <token id="9">
            <word>federal</word>
            <lemma>federal</lemma>
            <CharacterOffsetBegin>681</CharacterOffsetBegin>
            <CharacterOffsetEnd>688</CharacterOffsetEnd>
            <POS>JJ</POS>
          </token>
          <token id="10">
            <word>tax</word>
            <lemma>tax</lemma>
            <CharacterOffsetBegin>689</CharacterOffsetBegin>
            <CharacterOffsetEnd>692</CharacterOffsetEnd>
            <POS>NN</POS>
          </token>
          <token id="11">
            <word>return</word>
            <lemma>return</lemma>
            <CharacterOffsetBegin>693</CharacterOffsetBegin>
            <CharacterOffsetEnd>699</CharacterOffsetEnd>
            <POS>NN</POS>
          </token>
          <token id="12">
            <word>for</word>
            <lemma>for</lemma>
            <CharacterOffsetBegin>700</CharacterOffsetBegin>
            <CharacterOffsetEnd>703</CharacterOffsetEnd>
            <POS>IN</POS>
          </token>
          <token id="13">
            <word>2004</word>
            <lemma>2004</lemma>
            <CharacterOffsetBegin>704</CharacterOffsetBegin>
            <CharacterOffsetEnd>708</CharacterOffsetEnd>
            <POS>CD</POS>
          </token>
          <token id="14">
            <word>showing</word>
            <lemma>show</lemma>
            <CharacterOffsetBegin>709</CharacterOffsetBegin>
            <CharacterOffsetEnd>716</CharacterOffsetEnd>
            <POS>VBG</POS>
          </token>
          <token id="15">
            <word>he</word>
            <lemma>he</lemma>
            <CharacterOffsetBegin>717</CharacterOffsetBegin>
            <CharacterOffsetEnd>719</CharacterOffsetEnd>
            <POS>PRP</POS>
          </token>
          <token id="16">
            <word>had</word>
            <lemma>have</lemma>
            <CharacterOffsetBegin>720</CharacterOffsetBegin>
            <CharacterOffsetEnd>723</CharacterOffsetEnd>
            <POS>VBD</POS>
          </token>
          <token id="17">
            <word>no</word>
            <lemma>no</lemma>
            <CharacterOffsetBegin>724</CharacterOffsetBegin>
            <CharacterOffsetEnd>726</CharacterOffsetEnd>
            <POS>DT</POS>
          </token>
          <token id="18">
            <word>income</word>
            <lemma>income</lemma>
            <CharacterOffsetBegin>727</CharacterOffsetBegin>
            <CharacterOffsetEnd>733</CharacterOffsetEnd>
            <POS>NN</POS>
          </token>
          <token id="19">
            <word>that</word>
            <lemma>that</lemma>
            <CharacterOffsetBegin>734</CharacterOffsetBegin>
            <CharacterOffsetEnd>738</CharacterOffsetEnd>
            <POS>WDT</POS>
          </token>
          <token id="20">
            <word>year</word>
            <lemma>year</lemma>
            <CharacterOffsetBegin>739</CharacterOffsetBegin>
            <CharacterOffsetEnd>743</CharacterOffsetEnd>
            <POS>NN</POS>
          </token>
          <token id="21">
            <word>,</word>
            <lemma>,</lemma>
            <CharacterOffsetBegin>743</CharacterOffsetBegin>
            <CharacterOffsetEnd>744</CharacterOffsetEnd>
            <POS>,</POS>
          </token>
          <token id="22">
            <word>but</word>
            <lemma>but</lemma>
            <CharacterOffsetBegin>745</CharacterOffsetBegin>
            <CharacterOffsetEnd>748</CharacterOffsetEnd>
            <POS>CC</POS>
          </token>
          <token id="23">
            <word>actually</word>
            <lemma>actually</lemma>
            <CharacterOffsetBegin>749</CharacterOffsetBegin>
            <CharacterOffsetEnd>757</CharacterOffsetEnd>
            <POS>RB</POS>
          </token>
          <token id="24">
            <word>made</word>
            <lemma>make</lemma>
            <CharacterOffsetBegin>758</CharacterOffsetBegin>
            <CharacterOffsetEnd>762</CharacterOffsetEnd>
            <POS>VBN</POS>
          </token>
          <token id="25">
            <word>more</word>
            <lemma>more</lemma>
            <CharacterOffsetBegin>763</CharacterOffsetBegin>
            <CharacterOffsetEnd>767</CharacterOffsetEnd>
            <POS>JJR</POS>
          </token>
          <token id="26">
            <word>than</word>
            <lemma>than</lemma>
            <CharacterOffsetBegin>768</CharacterOffsetBegin>
            <CharacterOffsetEnd>772</CharacterOffsetEnd>
            <POS>IN</POS>
          </token>
          <token id="27">
            <word>$</word>
            <lemma>$</lemma>
            <CharacterOffsetBegin>773</CharacterOffsetBegin>
            <CharacterOffsetEnd>774</CharacterOffsetEnd>
            <POS>$</POS>
          </token>
          <token id="28">
            <word>11</word>
            <lemma>11</lemma>
            <CharacterOffsetBegin>774</CharacterOffsetBegin>
            <CharacterOffsetEnd>776</CharacterOffsetEnd>
            <POS>CD</POS>
          </token>
          <token id="29">
            <word>million</word>
            <lemma>million</lemma>
            <CharacterOffsetBegin>777</CharacterOffsetBegin>
            <CharacterOffsetEnd>784</CharacterOffsetEnd>
            <POS>CD</POS>
          </token>
          <token id="30">
            <word>and</word>
            <lemma>and</lemma>
            <CharacterOffsetBegin>785</CharacterOffsetBegin>
            <CharacterOffsetEnd>788</CharacterOffsetEnd>
            <POS>CC</POS>
          </token>
          <token id="31">
            <word>owed</word>
            <lemma>owe</lemma>
            <CharacterOffsetBegin>789</CharacterOffsetBegin>
            <CharacterOffsetEnd>793</CharacterOffsetEnd>
            <POS>VBD</POS>
          </token>
          <token id="32">
            <word>more</word>
            <lemma>more</lemma>
            <CharacterOffsetBegin>794</CharacterOffsetBegin>
            <CharacterOffsetEnd>798</CharacterOffsetEnd>
            <POS>JJR</POS>
          </token>
          <token id="33">
            <word>than</word>
            <lemma>than</lemma>
            <CharacterOffsetBegin>799</CharacterOffsetBegin>
            <CharacterOffsetEnd>803</CharacterOffsetEnd>
            <POS>IN</POS>
          </token>
          <token id="34">
            <word>$</word>
            <lemma>$</lemma>
            <CharacterOffsetBegin>804</CharacterOffsetBegin>
            <CharacterOffsetEnd>805</CharacterOffsetEnd>
            <POS>$</POS>
          </token>
          <token id="35">
            <word>4</word>
            <lemma>4</lemma>
            <CharacterOffsetBegin>805</CharacterOffsetBegin>
            <CharacterOffsetEnd>806</CharacterOffsetEnd>
            <POS>CD</POS>
          </token>
          <token id="36">
            <word>million</word>
            <lemma>million</lemma>
            <CharacterOffsetBegin>807</CharacterOffsetBegin>
            <CharacterOffsetEnd>814</CharacterOffsetEnd>
            <POS>CD</POS>
          </token>
          <token id="37">
            <word>in</word>
            <lemma>in</lemma>
            <CharacterOffsetBegin>815</CharacterOffsetBegin>
            <CharacterOffsetEnd>817</CharacterOffsetEnd>
            <POS>IN</POS>
          </token>
          <token id="38">
            <word>taxes</word>
            <lemma>tax</lemma>
            <CharacterOffsetBegin>818</CharacterOffsetBegin>
            <CharacterOffsetEnd>823</CharacterOffsetEnd>
            <POS>NNS</POS>
          </token>
          <token id="39">
            <word>.</word>
            <lemma>.</lemma>
            <CharacterOffsetBegin>823</CharacterOffsetBegin>
            <CharacterOffsetEnd>824</CharacterOffsetEnd>
            <POS>.</POS>
          </token>
        </tokens>
      </sentence>
    </sentences>
  </document>
</root>
