<?xml version="1.0" encoding="UTF-8"?>
<?xml-stylesheet href="CoreNLP-to-HTML.xsl" type="text/xsl"?>
<root>
  <document>
    <sentences>
      <sentence id="1">
        <tokens>
          <token id="1">
            <word>London</word>
            <lemma>London</lemma>
            <CharacterOffsetBegin>0</CharacterOffsetBegin>
            <CharacterOffsetEnd>6</CharacterOffsetEnd>
            <POS>NNP</POS>
          </token>
          <token id="2">
            <word>2012</word>
            <lemma>2012</lemma>
            <CharacterOffsetBegin>7</CharacterOffsetBegin>
            <CharacterOffsetEnd>11</CharacterOffsetEnd>
            <POS>CD</POS>
          </token>
          <token id="3">
            <word>:</word>
            <lemma>:</lemma>
            <CharacterOffsetBegin>11</CharacterOffsetBegin>
            <CharacterOffsetEnd>12</CharacterOffsetEnd>
            <POS>:</POS>
          </token>
          <token id="4">
            <word>Third</word>
            <lemma>Third</lemma>
            <CharacterOffsetBegin>13</CharacterOffsetBegin>
            <CharacterOffsetEnd>18</CharacterOffsetEnd>
            <POS>NNP</POS>
          </token>
          <token id="5">
            <word>arrest</word>
            <lemma>arrest</lemma>
            <CharacterOffsetBegin>19</CharacterOffsetBegin>
            <CharacterOffsetEnd>25</CharacterOffsetEnd>
            <POS>NN</POS>
          </token>
          <token id="6">
            <word>over</word>
            <lemma>over</lemma>
            <CharacterOffsetBegin>26</CharacterOffsetBegin>
            <CharacterOffsetEnd>30</CharacterOffsetEnd>
            <POS>IN</POS>
          </token>
          <token id="7">
            <word>explosives</word>
            <lemma>explosive</lemma>
            <CharacterOffsetBegin>31</CharacterOffsetBegin>
            <CharacterOffsetEnd>41</CharacterOffsetEnd>
            <POS>NNS</POS>
          </token>
          <token id="8">
            <word>found</word>
            <lemma>find</lemma>
            <CharacterOffsetBegin>42</CharacterOffsetBegin>
            <CharacterOffsetEnd>47</CharacterOffsetEnd>
            <POS>VBN</POS>
          </token>
          <token id="9">
            <word>in</word>
            <lemma>in</lemma>
            <CharacterOffsetBegin>48</CharacterOffsetBegin>
            <CharacterOffsetEnd>50</CharacterOffsetEnd>
            <POS>IN</POS>
          </token>
          <token id="10">
            <word>a</word>
            <lemma>a</lemma>
            <CharacterOffsetBegin>51</CharacterOffsetBegin>
            <CharacterOffsetEnd>52</CharacterOffsetEnd>
            <POS>DT</POS>
          </token>
          <token id="11">
            <word>car</word>
            <lemma>car</lemma>
            <CharacterOffsetBegin>53</CharacterOffsetBegin>
            <CharacterOffsetEnd>56</CharacterOffsetEnd>
            <POS>NN</POS>
          </token>
          <token id="12">
            <word>at</word>
            <lemma>at</lemma>
            <CharacterOffsetBegin>57</CharacterOffsetBegin>
            <CharacterOffsetEnd>59</CharacterOffsetEnd>
            <POS>IN</POS>
          </token>
          <token id="13">
            <word>Olympic</word>
            <lemma>olympic</lemma>
            <CharacterOffsetBegin>60</CharacterOffsetBegin>
            <CharacterOffsetEnd>67</CharacterOffsetEnd>
            <POS>JJ</POS>
          </token>
          <token id="14">
            <word>site</word>
            <lemma>site</lemma>
            <CharacterOffsetBegin>68</CharacterOffsetBegin>
            <CharacterOffsetEnd>72</CharacterOffsetEnd>
            <POS>NN</POS>
          </token>
        </tokens>
      </sentence>
      <sentence id="2">
        <tokens>
          <token id="1">
            <word>A</word>
            <lemma>a</lemma>
            <CharacterOffsetBegin>74</CharacterOffsetBegin>
            <CharacterOffsetEnd>75</CharacterOffsetEnd>
            <POS>DT</POS>
          </token>
          <token id="2">
            <word>third</word>
            <lemma>third</lemma>
            <CharacterOffsetBegin>76</CharacterOffsetBegin>
            <CharacterOffsetEnd>81</CharacterOffsetEnd>
            <POS>JJ</POS>
          </token>
          <token id="3">
            <word>person</word>
            <lemma>person</lemma>
            <CharacterOffsetBegin>82</CharacterOffsetBegin>
            <CharacterOffsetEnd>88</CharacterOffsetEnd>
            <POS>NN</POS>
          </token>
          <token id="4">
            <word>has</word>
            <lemma>have</lemma>
            <CharacterOffsetBegin>89</CharacterOffsetBegin>
            <CharacterOffsetEnd>92</CharacterOffsetEnd>
            <POS>VBZ</POS>
          </token>
          <token id="5">
            <word>been</word>
            <lemma>be</lemma>
            <CharacterOffsetBegin>93</CharacterOffsetBegin>
            <CharacterOffsetEnd>97</CharacterOffsetEnd>
            <POS>VBN</POS>
          </token>
          <token id="6">
            <word>arrested</word>
            <lemma>arrest</lemma>
            <CharacterOffsetBegin>98</CharacterOffsetBegin>
            <CharacterOffsetEnd>106</CharacterOffsetEnd>
            <POS>VBN</POS>
          </token>
          <token id="7">
            <word>at</word>
            <lemma>at</lemma>
            <CharacterOffsetBegin>107</CharacterOffsetBegin>
            <CharacterOffsetEnd>109</CharacterOffsetEnd>
            <POS>IN</POS>
          </token>
          <token id="8">
            <word>London</word>
            <lemma>London</lemma>
            <CharacterOffsetBegin>110</CharacterOffsetBegin>
            <CharacterOffsetEnd>116</CharacterOffsetEnd>
            <POS>NNP</POS>
          </token>
          <token id="9">
            <word>'s</word>
            <lemma>'s</lemma>
            <CharacterOffsetBegin>116</CharacterOffsetBegin>
            <CharacterOffsetEnd>118</CharacterOffsetEnd>
            <POS>POS</POS>
          </token>
          <token id="10">
            <word>Olympic</word>
            <lemma>Olympic</lemma>
            <CharacterOffsetBegin>119</CharacterOffsetBegin>
            <CharacterOffsetEnd>126</CharacterOffsetEnd>
            <POS>NNP</POS>
          </token>
          <token id="11">
            <word>Stadium</word>
            <lemma>Stadium</lemma>
            <CharacterOffsetBegin>127</CharacterOffsetBegin>
            <CharacterOffsetEnd>134</CharacterOffsetEnd>
            <POS>NNP</POS>
          </token>
          <token id="12">
            <word>site</word>
            <lemma>site</lemma>
            <CharacterOffsetBegin>135</CharacterOffsetBegin>
            <CharacterOffsetEnd>139</CharacterOffsetEnd>
            <POS>NN</POS>
          </token>
          <token id="13">
            <word>on</word>
            <lemma>on</lemma>
            <CharacterOffsetBegin>140</CharacterOffsetBegin>
            <CharacterOffsetEnd>142</CharacterOffsetEnd>
            <POS>IN</POS>
          </token>
          <token id="14">
            <word>suspicion</word>
            <lemma>suspicion</lemma>
            <CharacterOffsetBegin>143</CharacterOffsetBegin>
            <CharacterOffsetEnd>152</CharacterOffsetEnd>
            <POS>NN</POS>
          </token>
          <token id="15">
            <word>of</word>
            <lemma>of</lemma>
            <CharacterOffsetBegin>153</CharacterOffsetBegin>
            <CharacterOffsetEnd>155</CharacterOffsetEnd>
            <POS>IN</POS>
          </token>
          <token id="16">
            <word>supplying</word>
            <lemma>supply</lemma>
            <CharacterOffsetBegin>156</CharacterOffsetBegin>
            <CharacterOffsetEnd>165</CharacterOffsetEnd>
            <POS>VBG</POS>
          </token>
          <token id="17">
            <word>explosives</word>
            <lemma>explosive</lemma>
            <CharacterOffsetBegin>166</CharacterOffsetBegin>
            <CharacterOffsetEnd>176</CharacterOffsetEnd>
            <POS>NNS</POS>
          </token>
          <token id="18">
            <word>.</word>
            <lemma>.</lemma>
            <CharacterOffsetBegin>176</CharacterOffsetBegin>
            <CharacterOffsetEnd>177</CharacterOffsetEnd>
            <POS>.</POS>
          </token>
        </tokens>
      </sentence>
      <sentence id="3">
        <tokens>
          <token id="1">
            <word>The</word>
            <lemma>the</lemma>
            <CharacterOffsetBegin>178</CharacterOffsetBegin>
            <CharacterOffsetEnd>181</CharacterOffsetEnd>
            <POS>DT</POS>
          </token>
          <token id="2">
            <word>61-year-old</word>
            <lemma>61-year-old</lemma>
            <CharacterOffsetBegin>182</CharacterOffsetBegin>
            <CharacterOffsetEnd>193</CharacterOffsetEnd>
            <POS>JJ</POS>
          </token>
          <token id="3">
            <word>man</word>
            <lemma>man</lemma>
            <CharacterOffsetBegin>194</CharacterOffsetBegin>
            <CharacterOffsetEnd>197</CharacterOffsetEnd>
            <POS>NN</POS>
          </token>
          <token id="4">
            <word>is</word>
            <lemma>be</lemma>
            <CharacterOffsetBegin>198</CharacterOffsetBegin>
            <CharacterOffsetEnd>200</CharacterOffsetEnd>
            <POS>VBZ</POS>
          </token>
          <token id="5">
            <word>being</word>
            <lemma>be</lemma>
            <CharacterOffsetBegin>201</CharacterOffsetBegin>
            <CharacterOffsetEnd>206</CharacterOffsetEnd>
            <POS>VBG</POS>
          </token>
          <token id="6">
            <word>questioned</word>
            <lemma>question</lemma>
            <CharacterOffsetBegin>207</CharacterOffsetBegin>
            <CharacterOffsetEnd>217</CharacterOffsetEnd>
            <POS>VBN</POS>
          </token>
          <token id="7">
            <word>by</word>
            <lemma>by</lemma>
            <CharacterOffsetBegin>218</CharacterOffsetBegin>
            <CharacterOffsetEnd>220</CharacterOffsetEnd>
            <POS>IN</POS>
          </token>
          <token id="8">
            <word>police</word>
            <lemma>police</lemma>
            <CharacterOffsetBegin>221</CharacterOffsetBegin>
            <CharacterOffsetEnd>227</CharacterOffsetEnd>
            <POS>NN</POS>
          </token>
          <token id="9">
            <word>after</word>
            <lemma>after</lemma>
            <CharacterOffsetBegin>228</CharacterOffsetBegin>
            <CharacterOffsetEnd>233</CharacterOffsetEnd>
            <POS>IN</POS>
          </token>
          <token id="10">
            <word>officers</word>
            <lemma>officer</lemma>
            <CharacterOffsetBegin>234</CharacterOffsetBegin>
            <CharacterOffsetEnd>242</CharacterOffsetEnd>
            <POS>NNS</POS>
          </token>
          <token id="11">
            <word>from</word>
            <lemma>from</lemma>
            <CharacterOffsetBegin>243</CharacterOffsetBegin>
            <CharacterOffsetEnd>247</CharacterOffsetEnd>
            <POS>IN</POS>
          </token>
          <token id="12">
            <word>the</word>
            <lemma>the</lemma>
            <CharacterOffsetBegin>248</CharacterOffsetBegin>
            <CharacterOffsetEnd>251</CharacterOffsetEnd>
            <POS>DT</POS>
          </token>
          <token id="13">
            <word>Olympic</word>
            <lemma>Olympic</lemma>
            <CharacterOffsetBegin>252</CharacterOffsetBegin>
            <CharacterOffsetEnd>259</CharacterOffsetEnd>
            <POS>NNP</POS>
          </token>
          <token id="14">
            <word>Site</word>
            <lemma>site</lemma>
            <CharacterOffsetBegin>260</CharacterOffsetBegin>
            <CharacterOffsetEnd>264</CharacterOffsetEnd>
            <POS>NN</POS>
          </token>
          <token id="15">
            <word>Support</word>
            <lemma>support</lemma>
            <CharacterOffsetBegin>265</CharacterOffsetBegin>
            <CharacterOffsetEnd>272</CharacterOffsetEnd>
            <POS>NN</POS>
          </token>
          <token id="16">
            <word>Unit</word>
            <lemma>unit</lemma>
            <CharacterOffsetBegin>273</CharacterOffsetBegin>
            <CharacterOffsetEnd>277</CharacterOffsetEnd>
            <POS>NN</POS>
          </token>
          <token id="17">
            <word>stopped</word>
            <lemma>stop</lemma>
            <CharacterOffsetBegin>278</CharacterOffsetBegin>
            <CharacterOffsetEnd>285</CharacterOffsetEnd>
            <POS>VBD</POS>
          </token>
          <token id="18">
            <word>and</word>
            <lemma>and</lemma>
            <CharacterOffsetBegin>286</CharacterOffsetBegin>
            <CharacterOffsetEnd>289</CharacterOffsetEnd>
            <POS>CC</POS>
          </token>
          <token id="19">
            <word>searched</word>
            <lemma>search</lemma>
            <CharacterOffsetBegin>290</CharacterOffsetBegin>
            <CharacterOffsetEnd>298</CharacterOffsetEnd>
            <POS>VBD</POS>
          </token>
          <token id="20">
            <word>a</word>
            <lemma>a</lemma>
            <CharacterOffsetBegin>299</CharacterOffsetBegin>
            <CharacterOffsetEnd>300</CharacterOffsetEnd>
            <POS>DT</POS>
          </token>
          <token id="21">
            <word>woman</word>
            <lemma>woman</lemma>
            <CharacterOffsetBegin>301</CharacterOffsetBegin>
            <CharacterOffsetEnd>306</CharacterOffsetEnd>
            <POS>NN</POS>
          </token>
          <token id="22">
            <word>in</word>
            <lemma>in</lemma>
            <CharacterOffsetBegin>307</CharacterOffsetBegin>
            <CharacterOffsetEnd>309</CharacterOffsetEnd>
            <POS>IN</POS>
          </token>
          <token id="23">
            <word>a</word>
            <lemma>a</lemma>
            <CharacterOffsetBegin>310</CharacterOffsetBegin>
            <CharacterOffsetEnd>311</CharacterOffsetEnd>
            <POS>DT</POS>
          </token>
          <token id="24">
            <word>car</word>
            <lemma>car</lemma>
            <CharacterOffsetBegin>312</CharacterOffsetBegin>
            <CharacterOffsetEnd>315</CharacterOffsetEnd>
            <POS>NN</POS>
          </token>
          <token id="25">
            <word>park</word>
            <lemma>park</lemma>
            <CharacterOffsetBegin>316</CharacterOffsetBegin>
            <CharacterOffsetEnd>320</CharacterOffsetEnd>
            <POS>NN</POS>
          </token>
          <token id="26">
            <word>off</word>
            <lemma>off</lemma>
            <CharacterOffsetBegin>321</CharacterOffsetBegin>
            <CharacterOffsetEnd>324</CharacterOffsetEnd>
            <POS>IN</POS>
          </token>
          <token id="27">
            <word>Pudding</word>
            <lemma>pudding</lemma>
            <CharacterOffsetBegin>325</CharacterOffsetBegin>
            <CharacterOffsetEnd>332</CharacterOffsetEnd>
            <POS>NN</POS>
          </token>
          <token id="28">
            <word>Mill</word>
            <lemma>Mill</lemma>
            <CharacterOffsetBegin>333</CharacterOffsetBegin>
            <CharacterOffsetEnd>337</CharacterOffsetEnd>
            <POS>NNP</POS>
          </token>
          <token id="29">
            <word>Lane</word>
            <lemma>Lane</lemma>
            <CharacterOffsetBegin>338</CharacterOffsetBegin>
            <CharacterOffsetEnd>342</CharacterOffsetEnd>
            <POS>NNP</POS>
          </token>
          <token id="30">
            <word>on</word>
            <lemma>on</lemma>
            <CharacterOffsetBegin>343</CharacterOffsetBegin>
            <CharacterOffsetEnd>345</CharacterOffsetEnd>
            <POS>IN</POS>
          </token>
          <token id="31">
            <word>Tuesday</word>
            <lemma>Tuesday</lemma>
            <CharacterOffsetBegin>346</CharacterOffsetBegin>
            <CharacterOffsetEnd>353</CharacterOffsetEnd>
            <POS>NNP</POS>
          </token>
          <token id="32">
            <word>.</word>
            <lemma>.</lemma>
            <CharacterOffsetBegin>353</CharacterOffsetBegin>
            <CharacterOffsetEnd>354</CharacterOffsetEnd>
            <POS>.</POS>
          </token>
        </tokens>
      </sentence>
      <sentence id="4">
        <tokens>
          <token id="1">
            <word>The</word>
            <lemma>the</lemma>
            <CharacterOffsetBegin>355</CharacterOffsetBegin>
            <CharacterOffsetEnd>358</CharacterOffsetEnd>
            <POS>DT</POS>
          </token>
          <token id="2">
            <word>40-year-old</word>
            <lemma>40-year-old</lemma>
            <CharacterOffsetBegin>359</CharacterOffsetBegin>
            <CharacterOffsetEnd>370</CharacterOffsetEnd>
            <POS>JJ</POS>
          </token>
          <token id="3">
            <word>woman</word>
            <lemma>woman</lemma>
            <CharacterOffsetBegin>371</CharacterOffsetBegin>
            <CharacterOffsetEnd>376</CharacterOffsetEnd>
            <POS>NN</POS>
          </token>
          <token id="4">
            <word>was</word>
            <lemma>be</lemma>
            <CharacterOffsetBegin>377</CharacterOffsetBegin>
            <CharacterOffsetEnd>380</CharacterOffsetEnd>
            <POS>VBD</POS>
          </token>
          <token id="5">
            <word>a</word>
            <lemma>a</lemma>
            <CharacterOffsetBegin>381</CharacterOffsetBegin>
            <CharacterOffsetEnd>382</CharacterOffsetEnd>
            <POS>DT</POS>
          </token>
          <token id="6">
            <word>security</word>
            <lemma>security</lemma>
            <CharacterOffsetBegin>383</CharacterOffsetBegin>
            <CharacterOffsetEnd>391</CharacterOffsetEnd>
            <POS>NN</POS>
          </token>
          <token id="7">
            <word>guard</word>
            <lemma>guard</lemma>
            <CharacterOffsetBegin>392</CharacterOffsetBegin>
            <CharacterOffsetEnd>397</CharacterOffsetEnd>
            <POS>NN</POS>
          </token>
          <token id="8">
            <word>at</word>
            <lemma>at</lemma>
            <CharacterOffsetBegin>398</CharacterOffsetBegin>
            <CharacterOffsetEnd>400</CharacterOffsetEnd>
            <POS>IN</POS>
          </token>
          <token id="9">
            <word>the</word>
            <lemma>the</lemma>
            <CharacterOffsetBegin>401</CharacterOffsetBegin>
            <CharacterOffsetEnd>404</CharacterOffsetEnd>
            <POS>DT</POS>
          </token>
          <token id="10">
            <word>site</word>
            <lemma>site</lemma>
            <CharacterOffsetBegin>405</CharacterOffsetBegin>
            <CharacterOffsetEnd>409</CharacterOffsetEnd>
            <POS>NN</POS>
          </token>
          <token id="11">
            <word>and</word>
            <lemma>and</lemma>
            <CharacterOffsetBegin>410</CharacterOffsetBegin>
            <CharacterOffsetEnd>413</CharacterOffsetEnd>
            <POS>CC</POS>
          </token>
          <token id="12">
            <word>she</word>
            <lemma>she</lemma>
            <CharacterOffsetBegin>414</CharacterOffsetBegin>
            <CharacterOffsetEnd>417</CharacterOffsetEnd>
            <POS>PRP</POS>
          </token>
          <token id="13">
            <word>was</word>
            <lemma>be</lemma>
            <CharacterOffsetBegin>418</CharacterOffsetBegin>
            <CharacterOffsetEnd>421</CharacterOffsetEnd>
            <POS>VBD</POS>
          </token>
          <token id="14">
            <word>arrested</word>
            <lemma>arrest</lemma>
            <CharacterOffsetBegin>422</CharacterOffsetBegin>
            <CharacterOffsetEnd>430</CharacterOffsetEnd>
            <POS>VBN</POS>
          </token>
          <token id="15">
            <word>along</word>
            <lemma>along</lemma>
            <CharacterOffsetBegin>431</CharacterOffsetBegin>
            <CharacterOffsetEnd>436</CharacterOffsetEnd>
            <POS>IN</POS>
          </token>
          <token id="16">
            <word>with</word>
            <lemma>with</lemma>
            <CharacterOffsetBegin>437</CharacterOffsetBegin>
            <CharacterOffsetEnd>441</CharacterOffsetEnd>
            <POS>IN</POS>
          </token>
          <token id="17">
            <word>a</word>
            <lemma>a</lemma>
            <CharacterOffsetBegin>442</CharacterOffsetBegin>
            <CharacterOffsetEnd>443</CharacterOffsetEnd>
            <POS>DT</POS>
          </token>
          <token id="18">
            <word>43-year-old</word>
            <lemma>43-year-old</lemma>
            <CharacterOffsetBegin>444</CharacterOffsetBegin>
            <CharacterOffsetEnd>455</CharacterOffsetEnd>
            <POS>JJ</POS>
          </token>
          <token id="19">
            <word>man</word>
            <lemma>man</lemma>
            <CharacterOffsetBegin>456</CharacterOffsetBegin>
            <CharacterOffsetEnd>459</CharacterOffsetEnd>
            <POS>NN</POS>
          </token>
          <token id="20">
            <word>on</word>
            <lemma>on</lemma>
            <CharacterOffsetBegin>460</CharacterOffsetBegin>
            <CharacterOffsetEnd>462</CharacterOffsetEnd>
            <POS>IN</POS>
          </token>
          <token id="21">
            <word>suspicion</word>
            <lemma>suspicion</lemma>
            <CharacterOffsetBegin>463</CharacterOffsetBegin>
            <CharacterOffsetEnd>472</CharacterOffsetEnd>
            <POS>NN</POS>
          </token>
          <token id="22">
            <word>of</word>
            <lemma>of</lemma>
            <CharacterOffsetBegin>473</CharacterOffsetBegin>
            <CharacterOffsetEnd>475</CharacterOffsetEnd>
            <POS>IN</POS>
          </token>
          <token id="23">
            <word>possessing</word>
            <lemma>possess</lemma>
            <CharacterOffsetBegin>476</CharacterOffsetBegin>
            <CharacterOffsetEnd>486</CharacterOffsetEnd>
            <POS>VBG</POS>
          </token>
          <token id="24">
            <word>explosives</word>
            <lemma>explosive</lemma>
            <CharacterOffsetBegin>487</CharacterOffsetBegin>
            <CharacterOffsetEnd>497</CharacterOffsetEnd>
            <POS>NNS</POS>
          </token>
          <token id="25">
            <word>.</word>
            <lemma>.</lemma>
            <CharacterOffsetBegin>497</CharacterOffsetBegin>
            <CharacterOffsetEnd>498</CharacterOffsetEnd>
            <POS>.</POS>
          </token>
        </tokens>
      </sentence>
      <sentence id="5">
        <tokens>
          <token id="1">
            <word>The</word>
            <lemma>the</lemma>
            <CharacterOffsetBegin>499</CharacterOffsetBegin>
            <CharacterOffsetEnd>502</CharacterOffsetEnd>
            <POS>DT</POS>
          </token>
          <token id="2">
            <word>woman</word>
            <lemma>woman</lemma>
            <CharacterOffsetBegin>503</CharacterOffsetBegin>
            <CharacterOffsetEnd>508</CharacterOffsetEnd>
            <POS>NN</POS>
          </token>
          <token id="3">
            <word>,</word>
            <lemma>,</lemma>
            <CharacterOffsetBegin>508</CharacterOffsetBegin>
            <CharacterOffsetEnd>509</CharacterOffsetEnd>
            <POS>,</POS>
          </token>
          <token id="4">
            <word>employed</word>
            <lemma>employ</lemma>
            <CharacterOffsetBegin>510</CharacterOffsetBegin>
            <CharacterOffsetEnd>518</CharacterOffsetEnd>
            <POS>VBN</POS>
          </token>
          <token id="5">
            <word>by</word>
            <lemma>by</lemma>
            <CharacterOffsetBegin>519</CharacterOffsetBegin>
            <CharacterOffsetEnd>521</CharacterOffsetEnd>
            <POS>IN</POS>
          </token>
          <token id="6">
            <word>a</word>
            <lemma>a</lemma>
            <CharacterOffsetBegin>522</CharacterOffsetBegin>
            <CharacterOffsetEnd>523</CharacterOffsetEnd>
            <POS>DT</POS>
          </token>
          <token id="7">
            <word>private</word>
            <lemma>private</lemma>
            <CharacterOffsetBegin>524</CharacterOffsetBegin>
            <CharacterOffsetEnd>531</CharacterOffsetEnd>
            <POS>JJ</POS>
          </token>
          <token id="8">
            <word>security</word>
            <lemma>security</lemma>
            <CharacterOffsetBegin>532</CharacterOffsetBegin>
            <CharacterOffsetEnd>540</CharacterOffsetEnd>
            <POS>NN</POS>
          </token>
          <token id="9">
            <word>alarm</word>
            <lemma>alarm</lemma>
            <CharacterOffsetBegin>541</CharacterOffsetBegin>
            <CharacterOffsetEnd>546</CharacterOffsetEnd>
            <POS>NN</POS>
          </token>
          <token id="10">
            <word>,</word>
            <lemma>,</lemma>
            <CharacterOffsetBegin>546</CharacterOffsetBegin>
            <CharacterOffsetEnd>547</CharacterOffsetEnd>
            <POS>,</POS>
          </token>
          <token id="11">
            <word>was</word>
            <lemma>be</lemma>
            <CharacterOffsetBegin>548</CharacterOffsetBegin>
            <CharacterOffsetEnd>551</CharacterOffsetEnd>
            <POS>VBD</POS>
          </token>
          <token id="12">
            <word>also</word>
            <lemma>also</lemma>
            <CharacterOffsetBegin>552</CharacterOffsetBegin>
            <CharacterOffsetEnd>556</CharacterOffsetEnd>
            <POS>RB</POS>
          </token>
          <token id="13">
            <word>arrested</word>
            <lemma>arrest</lemma>
            <CharacterOffsetBegin>557</CharacterOffsetBegin>
            <CharacterOffsetEnd>565</CharacterOffsetEnd>
            <POS>VBN</POS>
          </token>
          <token id="14">
            <word>for</word>
            <lemma>for</lemma>
            <CharacterOffsetBegin>566</CharacterOffsetBegin>
            <CharacterOffsetEnd>569</CharacterOffsetEnd>
            <POS>IN</POS>
          </token>
          <token id="15">
            <word>possession</word>
            <lemma>possession</lemma>
            <CharacterOffsetBegin>570</CharacterOffsetBegin>
            <CharacterOffsetEnd>580</CharacterOffsetEnd>
            <POS>NN</POS>
          </token>
          <token id="16">
            <word>of</word>
            <lemma>of</lemma>
            <CharacterOffsetBegin>581</CharacterOffsetBegin>
            <CharacterOffsetEnd>583</CharacterOffsetEnd>
            <POS>IN</POS>
          </token>
          <token id="17">
            <word>class</word>
            <lemma>class</lemma>
            <CharacterOffsetBegin>584</CharacterOffsetBegin>
            <CharacterOffsetEnd>589</CharacterOffsetEnd>
            <POS>NN</POS>
          </token>
          <token id="18">
            <word>A</word>
            <lemma>a</lemma>
            <CharacterOffsetBegin>590</CharacterOffsetBegin>
            <CharacterOffsetEnd>591</CharacterOffsetEnd>
            <POS>NN</POS>
          </token>
          <token id="19">
            <word>drugs</word>
            <lemma>drug</lemma>
            <CharacterOffsetBegin>592</CharacterOffsetBegin>
            <CharacterOffsetEnd>597</CharacterOffsetEnd>
            <POS>NNS</POS>
          </token>
          <token id="20">
            <word>.</word>
            <lemma>.</lemma>
            <CharacterOffsetBegin>597</CharacterOffsetBegin>
            <CharacterOffsetEnd>598</CharacterOffsetEnd>
            <POS>.</POS>
          </token>
        </tokens>
      </sentence>
      <sentence id="6">
        <tokens>
          <token id="1">
            <word>She</word>
            <lemma>she</lemma>
            <CharacterOffsetBegin>599</CharacterOffsetBegin>
            <CharacterOffsetEnd>602</CharacterOffsetEnd>
            <POS>PRP</POS>
          </token>
          <token id="2">
            <word>is</word>
            <lemma>be</lemma>
            <CharacterOffsetBegin>603</CharacterOffsetBegin>
            <CharacterOffsetEnd>605</CharacterOffsetEnd>
            <POS>VBZ</POS>
          </token>
          <token id="3">
            <word>alleged</word>
            <lemma>allege</lemma>
            <CharacterOffsetBegin>606</CharacterOffsetBegin>
            <CharacterOffsetEnd>613</CharacterOffsetEnd>
            <POS>VBN</POS>
          </token>
          <token id="4">
            <word>to</word>
            <lemma>to</lemma>
            <CharacterOffsetBegin>614</CharacterOffsetBegin>
            <CharacterOffsetEnd>616</CharacterOffsetEnd>
            <POS>TO</POS>
          </token>
          <token id="5">
            <word>have</word>
            <lemma>have</lemma>
            <CharacterOffsetBegin>617</CharacterOffsetBegin>
            <CharacterOffsetEnd>621</CharacterOffsetEnd>
            <POS>VB</POS>
          </token>
          <token id="6">
            <word>said</word>
            <lemma>say</lemma>
            <CharacterOffsetBegin>622</CharacterOffsetBegin>
            <CharacterOffsetEnd>626</CharacterOffsetEnd>
            <POS>VBD</POS>
          </token>
          <token id="7">
            <word>that</word>
            <lemma>that</lemma>
            <CharacterOffsetBegin>627</CharacterOffsetBegin>
            <CharacterOffsetEnd>631</CharacterOffsetEnd>
            <POS>IN</POS>
          </token>
          <token id="8">
            <word>the</word>
            <lemma>the</lemma>
            <CharacterOffsetBegin>632</CharacterOffsetBegin>
            <CharacterOffsetEnd>635</CharacterOffsetEnd>
            <POS>DT</POS>
          </token>
          <token id="9">
            <word>substances</word>
            <lemma>substance</lemma>
            <CharacterOffsetBegin>636</CharacterOffsetBegin>
            <CharacterOffsetEnd>646</CharacterOffsetEnd>
            <POS>NNS</POS>
          </token>
          <token id="10">
            <word>were</word>
            <lemma>be</lemma>
            <CharacterOffsetBegin>647</CharacterOffsetBegin>
            <CharacterOffsetEnd>651</CharacterOffsetEnd>
            <POS>VBD</POS>
          </token>
          <token id="11">
            <word>used</word>
            <lemma>use</lemma>
            <CharacterOffsetBegin>652</CharacterOffsetBegin>
            <CharacterOffsetEnd>656</CharacterOffsetEnd>
            <POS>VBN</POS>
          </token>
          <token id="12">
            <word>for</word>
            <lemma>for</lemma>
            <CharacterOffsetBegin>657</CharacterOffsetBegin>
            <CharacterOffsetEnd>660</CharacterOffsetEnd>
            <POS>IN</POS>
          </token>
          <token id="13">
            <word>training</word>
            <lemma>training</lemma>
            <CharacterOffsetBegin>661</CharacterOffsetBegin>
            <CharacterOffsetEnd>669</CharacterOffsetEnd>
            <POS>NN</POS>
          </token>
          <token id="14">
            <word>dogs</word>
            <lemma>dog</lemma>
            <CharacterOffsetBegin>670</CharacterOffsetBegin>
            <CharacterOffsetEnd>674</CharacterOffsetEnd>
            <POS>NNS</POS>
          </token>
          <token id="15">
            <word>.</word>
            <lemma>.</lemma>
            <CharacterOffsetBegin>674</CharacterOffsetBegin>
            <CharacterOffsetEnd>675</CharacterOffsetEnd>
            <POS>.</POS>
          </token>
        </tokens>
      </sentence>
      <sentence id="7">
        <tokens>
          <token id="1">
            <word>Officials</word>
            <lemma>official</lemma>
            <CharacterOffsetBegin>676</CharacterOffsetBegin>
            <CharacterOffsetEnd>685</CharacterOffsetEnd>
            <POS>NNS</POS>
          </token>
          <token id="2">
            <word>have</word>
            <lemma>have</lemma>
            <CharacterOffsetBegin>686</CharacterOffsetBegin>
            <CharacterOffsetEnd>690</CharacterOffsetEnd>
            <POS>VBP</POS>
          </token>
          <token id="3">
            <word>stressed</word>
            <lemma>stress</lemma>
            <CharacterOffsetBegin>691</CharacterOffsetBegin>
            <CharacterOffsetEnd>699</CharacterOffsetEnd>
            <POS>VBN</POS>
          </token>
          <token id="4">
            <word>that</word>
            <lemma>that</lemma>
            <CharacterOffsetBegin>700</CharacterOffsetBegin>
            <CharacterOffsetEnd>704</CharacterOffsetEnd>
            <POS>IN</POS>
          </token>
          <token id="5">
            <word>the</word>
            <lemma>the</lemma>
            <CharacterOffsetBegin>705</CharacterOffsetBegin>
            <CharacterOffsetEnd>708</CharacterOffsetEnd>
            <POS>DT</POS>
          </token>
          <token id="6">
            <word>safety</word>
            <lemma>safety</lemma>
            <CharacterOffsetBegin>709</CharacterOffsetBegin>
            <CharacterOffsetEnd>715</CharacterOffsetEnd>
            <POS>NN</POS>
          </token>
          <token id="7">
            <word>of</word>
            <lemma>of</lemma>
            <CharacterOffsetBegin>716</CharacterOffsetBegin>
            <CharacterOffsetEnd>718</CharacterOffsetEnd>
            <POS>IN</POS>
          </token>
          <token id="8">
            <word>the</word>
            <lemma>the</lemma>
            <CharacterOffsetBegin>719</CharacterOffsetBegin>
            <CharacterOffsetEnd>722</CharacterOffsetEnd>
            <POS>DT</POS>
          </token>
          <token id="9">
            <word>stadium</word>
            <lemma>stadium</lemma>
            <CharacterOffsetBegin>723</CharacterOffsetBegin>
            <CharacterOffsetEnd>730</CharacterOffsetEnd>
            <POS>NN</POS>
          </token>
          <token id="10">
            <word>was</word>
            <lemma>be</lemma>
            <CharacterOffsetBegin>731</CharacterOffsetBegin>
            <CharacterOffsetEnd>734</CharacterOffsetEnd>
            <POS>VBD</POS>
          </token>
          <token id="11">
            <word>never</word>
            <lemma>never</lemma>
            <CharacterOffsetBegin>735</CharacterOffsetBegin>
            <CharacterOffsetEnd>740</CharacterOffsetEnd>
            <POS>RB</POS>
          </token>
          <token id="12">
            <word>at</word>
            <lemma>at</lemma>
            <CharacterOffsetBegin>741</CharacterOffsetBegin>
            <CharacterOffsetEnd>743</CharacterOffsetEnd>
            <POS>IN</POS>
          </token>
          <token id="13">
            <word>risk</word>
            <lemma>risk</lemma>
            <CharacterOffsetBegin>744</CharacterOffsetBegin>
            <CharacterOffsetEnd>748</CharacterOffsetEnd>
            <POS>NN</POS>
          </token>
          <token id="14">
            <word>and</word>
            <lemma>and</lemma>
            <CharacterOffsetBegin>749</CharacterOffsetBegin>
            <CharacterOffsetEnd>752</CharacterOffsetEnd>
            <POS>CC</POS>
          </token>
          <token id="15">
            <word>Scotland</word>
            <lemma>Scotland</lemma>
            <CharacterOffsetBegin>753</CharacterOffsetBegin>
            <CharacterOffsetEnd>761</CharacterOffsetEnd>
            <POS>NNP</POS>
          </token>
          <token id="16">
            <word>Yard</word>
            <lemma>Yard</lemma>
            <CharacterOffsetBegin>762</CharacterOffsetBegin>
            <CharacterOffsetEnd>766</CharacterOffsetEnd>
            <POS>NNP</POS>
          </token>
          <token id="17">
            <word>has</word>
            <lemma>have</lemma>
            <CharacterOffsetBegin>767</CharacterOffsetBegin>
            <CharacterOffsetEnd>770</CharacterOffsetEnd>
            <POS>VBZ</POS>
          </token>
          <token id="18">
            <word>said</word>
            <lemma>say</lemma>
            <CharacterOffsetBegin>771</CharacterOffsetBegin>
            <CharacterOffsetEnd>775</CharacterOffsetEnd>
            <POS>VBD</POS>
          </token>
          <token id="19">
            <word>the</word>
            <lemma>the</lemma>
            <CharacterOffsetBegin>776</CharacterOffsetBegin>
            <CharacterOffsetEnd>779</CharacterOffsetEnd>
            <POS>DT</POS>
          </token>
          <token id="20">
            <word>latest</word>
            <lemma>latest</lemma>
            <CharacterOffsetBegin>780</CharacterOffsetBegin>
            <CharacterOffsetEnd>786</CharacterOffsetEnd>
            <POS>JJS</POS>
          </token>
          <token id="21">
            <word>arrest</word>
            <lemma>arrest</lemma>
            <CharacterOffsetBegin>787</CharacterOffsetBegin>
            <CharacterOffsetEnd>793</CharacterOffsetEnd>
            <POS>NN</POS>
          </token>
          <token id="22">
            <word>was</word>
            <lemma>be</lemma>
            <CharacterOffsetBegin>794</CharacterOffsetBegin>
            <CharacterOffsetEnd>797</CharacterOffsetEnd>
            <POS>VBD</POS>
          </token>
          <token id="23">
            <word>part</word>
            <lemma>part</lemma>
            <CharacterOffsetBegin>798</CharacterOffsetBegin>
            <CharacterOffsetEnd>802</CharacterOffsetEnd>
            <POS>NN</POS>
          </token>
          <token id="24">
            <word>of</word>
            <lemma>of</lemma>
            <CharacterOffsetBegin>803</CharacterOffsetBegin>
            <CharacterOffsetEnd>805</CharacterOffsetEnd>
            <POS>IN</POS>
          </token>
          <token id="25">
            <word>an</word>
            <lemma>a</lemma>
            <CharacterOffsetBegin>806</CharacterOffsetBegin>
            <CharacterOffsetEnd>808</CharacterOffsetEnd>
            <POS>DT</POS>
          </token>
          <token id="26">
            <word>ongoing</word>
            <lemma>ongoing</lemma>
            <CharacterOffsetBegin>809</CharacterOffsetBegin>
            <CharacterOffsetEnd>816</CharacterOffsetEnd>
            <POS>JJ</POS>
          </token>
          <token id="27">
            <word>investigation</word>
            <lemma>investigation</lemma>
            <CharacterOffsetBegin>817</CharacterOffsetBegin>
            <CharacterOffsetEnd>830</CharacterOffsetEnd>
            <POS>NN</POS>
          </token>
          <token id="28">
            <word>into</word>
            <lemma>into</lemma>
            <CharacterOffsetBegin>831</CharacterOffsetBegin>
            <CharacterOffsetEnd>835</CharacterOffsetEnd>
            <POS>IN</POS>
          </token>
          <token id="29">
            <word>where</word>
            <lemma>where</lemma>
            <CharacterOffsetBegin>836</CharacterOffsetBegin>
            <CharacterOffsetEnd>841</CharacterOffsetEnd>
            <POS>WRB</POS>
          </token>
          <token id="30">
            <word>the</word>
            <lemma>the</lemma>
            <CharacterOffsetBegin>842</CharacterOffsetBegin>
            <CharacterOffsetEnd>845</CharacterOffsetEnd>
            <POS>DT</POS>
          </token>
          <token id="31">
            <word>substances</word>
            <lemma>substance</lemma>
            <CharacterOffsetBegin>846</CharacterOffsetBegin>
            <CharacterOffsetEnd>856</CharacterOffsetEnd>
            <POS>NNS</POS>
          </token>
          <token id="32">
            <word>had</word>
            <lemma>have</lemma>
            <CharacterOffsetBegin>857</CharacterOffsetBegin>
            <CharacterOffsetEnd>860</CharacterOffsetEnd>
            <POS>VBD</POS>
          </token>
          <token id="33">
            <word>come</word>
            <lemma>come</lemma>
            <CharacterOffsetBegin>861</CharacterOffsetBegin>
            <CharacterOffsetEnd>865</CharacterOffsetEnd>
            <POS>VBN</POS>
          </token>
          <token id="34">
            <word>from</word>
            <lemma>from</lemma>
            <CharacterOffsetBegin>866</CharacterOffsetBegin>
            <CharacterOffsetEnd>870</CharacterOffsetEnd>
            <POS>IN</POS>
          </token>
          <token id="35">
            <word>.</word>
            <lemma>.</lemma>
            <CharacterOffsetBegin>870</CharacterOffsetBegin>
            <CharacterOffsetEnd>871</CharacterOffsetEnd>
            <POS>.</POS>
          </token>
        </tokens>
      </sentence>
      <sentence id="8">
        <tokens>
          <token id="1">
            <word>The</word>
            <lemma>the</lemma>
            <CharacterOffsetBegin>872</CharacterOffsetBegin>
            <CharacterOffsetEnd>875</CharacterOffsetEnd>
            <POS>DT</POS>
          </token>
          <token id="2">
            <word>61-year-old</word>
            <lemma>61-year-old</lemma>
            <CharacterOffsetBegin>876</CharacterOffsetBegin>
            <CharacterOffsetEnd>887</CharacterOffsetEnd>
            <POS>JJ</POS>
          </token>
          <token id="3">
            <word>was</word>
            <lemma>be</lemma>
            <CharacterOffsetBegin>888</CharacterOffsetBegin>
            <CharacterOffsetEnd>891</CharacterOffsetEnd>
            <POS>VBD</POS>
          </token>
          <token id="4">
            <word>detained</word>
            <lemma>detain</lemma>
            <CharacterOffsetBegin>892</CharacterOffsetBegin>
            <CharacterOffsetEnd>900</CharacterOffsetEnd>
            <POS>VBN</POS>
          </token>
          <token id="5">
            <word>by</word>
            <lemma>by</lemma>
            <CharacterOffsetBegin>901</CharacterOffsetBegin>
            <CharacterOffsetEnd>903</CharacterOffsetEnd>
            <POS>IN</POS>
          </token>
          <token id="6">
            <word>police</word>
            <lemma>police</lemma>
            <CharacterOffsetBegin>904</CharacterOffsetBegin>
            <CharacterOffsetEnd>910</CharacterOffsetEnd>
            <POS>NN</POS>
          </token>
          <token id="7">
            <word>yesterday</word>
            <lemma>yesterday</lemma>
            <CharacterOffsetBegin>911</CharacterOffsetBegin>
            <CharacterOffsetEnd>920</CharacterOffsetEnd>
            <POS>NN</POS>
          </token>
          <token id="8">
            <word>and</word>
            <lemma>and</lemma>
            <CharacterOffsetBegin>921</CharacterOffsetBegin>
            <CharacterOffsetEnd>924</CharacterOffsetEnd>
            <POS>CC</POS>
          </token>
          <token id="9">
            <word>taken</word>
            <lemma>take</lemma>
            <CharacterOffsetBegin>925</CharacterOffsetBegin>
            <CharacterOffsetEnd>930</CharacterOffsetEnd>
            <POS>VBN</POS>
          </token>
          <token id="10">
            <word>to</word>
            <lemma>to</lemma>
            <CharacterOffsetBegin>931</CharacterOffsetBegin>
            <CharacterOffsetEnd>933</CharacterOffsetEnd>
            <POS>TO</POS>
          </token>
          <token id="11">
            <word>an</word>
            <lemma>a</lemma>
            <CharacterOffsetBegin>934</CharacterOffsetBegin>
            <CharacterOffsetEnd>936</CharacterOffsetEnd>
            <POS>DT</POS>
          </token>
          <token id="12">
            <word>east</word>
            <lemma>east</lemma>
            <CharacterOffsetBegin>937</CharacterOffsetBegin>
            <CharacterOffsetEnd>941</CharacterOffsetEnd>
            <POS>JJ</POS>
          </token>
          <token id="13">
            <word>London</word>
            <lemma>London</lemma>
            <CharacterOffsetBegin>942</CharacterOffsetBegin>
            <CharacterOffsetEnd>948</CharacterOffsetEnd>
            <POS>NNP</POS>
          </token>
          <token id="14">
            <word>police</word>
            <lemma>police</lemma>
            <CharacterOffsetBegin>949</CharacterOffsetBegin>
            <CharacterOffsetEnd>955</CharacterOffsetEnd>
            <POS>NN</POS>
          </token>
          <token id="15">
            <word>station</word>
            <lemma>station</lemma>
            <CharacterOffsetBegin>956</CharacterOffsetBegin>
            <CharacterOffsetEnd>963</CharacterOffsetEnd>
            <POS>NN</POS>
          </token>
          <token id="16">
            <word>for</word>
            <lemma>for</lemma>
            <CharacterOffsetBegin>964</CharacterOffsetBegin>
            <CharacterOffsetEnd>967</CharacterOffsetEnd>
            <POS>IN</POS>
          </token>
          <token id="17">
            <word>questioning</word>
            <lemma>question</lemma>
            <CharacterOffsetBegin>968</CharacterOffsetBegin>
            <CharacterOffsetEnd>979</CharacterOffsetEnd>
            <POS>VBG</POS>
          </token>
          <token id="18">
            <word>.</word>
            <lemma>.</lemma>
            <CharacterOffsetBegin>979</CharacterOffsetBegin>
            <CharacterOffsetEnd>980</CharacterOffsetEnd>
            <POS>.</POS>
          </token>
        </tokens>
      </sentence>
      <sentence id="9">
        <tokens>
          <token id="1">
            <word>The</word>
            <lemma>the</lemma>
            <CharacterOffsetBegin>981</CharacterOffsetBegin>
            <CharacterOffsetEnd>984</CharacterOffsetEnd>
            <POS>DT</POS>
          </token>
          <token id="2">
            <word>same</word>
            <lemma>same</lemma>
            <CharacterOffsetBegin>985</CharacterOffsetBegin>
            <CharacterOffsetEnd>989</CharacterOffsetEnd>
            <POS>JJ</POS>
          </token>
          <token id="3">
            <word>night</word>
            <lemma>night</lemma>
            <CharacterOffsetBegin>990</CharacterOffsetBegin>
            <CharacterOffsetEnd>995</CharacterOffsetEnd>
            <POS>NN</POS>
          </token>
          <token id="4">
            <word>that</word>
            <lemma>that</lemma>
            <CharacterOffsetBegin>996</CharacterOffsetBegin>
            <CharacterOffsetEnd>1000</CharacterOffsetEnd>
            <POS>IN</POS>
          </token>
          <token id="5">
            <word>police</word>
            <lemma>police</lemma>
            <CharacterOffsetBegin>1001</CharacterOffsetBegin>
            <CharacterOffsetEnd>1007</CharacterOffsetEnd>
            <POS>NN</POS>
          </token>
          <token id="6">
            <word>arrested</word>
            <lemma>arrest</lemma>
            <CharacterOffsetBegin>1008</CharacterOffsetBegin>
            <CharacterOffsetEnd>1016</CharacterOffsetEnd>
            <POS>VBD</POS>
          </token>
          <token id="7">
            <word>the</word>
            <lemma>the</lemma>
            <CharacterOffsetBegin>1017</CharacterOffsetBegin>
            <CharacterOffsetEnd>1020</CharacterOffsetEnd>
            <POS>DT</POS>
          </token>
          <token id="8">
            <word>woman</word>
            <lemma>woman</lemma>
            <CharacterOffsetBegin>1021</CharacterOffsetBegin>
            <CharacterOffsetEnd>1026</CharacterOffsetEnd>
            <POS>NN</POS>
          </token>
          <token id="9">
            <word>they</word>
            <lemma>they</lemma>
            <CharacterOffsetBegin>1027</CharacterOffsetBegin>
            <CharacterOffsetEnd>1031</CharacterOffsetEnd>
            <POS>PRP</POS>
          </token>
          <token id="10">
            <word>stopped</word>
            <lemma>stop</lemma>
            <CharacterOffsetBegin>1032</CharacterOffsetBegin>
            <CharacterOffsetEnd>1039</CharacterOffsetEnd>
            <POS>VBD</POS>
          </token>
          <token id="11">
            <word>and</word>
            <lemma>and</lemma>
            <CharacterOffsetBegin>1040</CharacterOffsetBegin>
            <CharacterOffsetEnd>1043</CharacterOffsetEnd>
            <POS>CC</POS>
          </token>
          <token id="12">
            <word>searched</word>
            <lemma>search</lemma>
            <CharacterOffsetBegin>1044</CharacterOffsetBegin>
            <CharacterOffsetEnd>1052</CharacterOffsetEnd>
            <POS>VBD</POS>
          </token>
          <token id="13">
            <word>another</word>
            <lemma>another</lemma>
            <CharacterOffsetBegin>1053</CharacterOffsetBegin>
            <CharacterOffsetEnd>1060</CharacterOffsetEnd>
            <POS>DT</POS>
          </token>
          <token id="14">
            <word>car</word>
            <lemma>car</lemma>
            <CharacterOffsetBegin>1061</CharacterOffsetBegin>
            <CharacterOffsetEnd>1064</CharacterOffsetEnd>
            <POS>NN</POS>
          </token>
          <token id="15">
            <word>on</word>
            <lemma>on</lemma>
            <CharacterOffsetBegin>1065</CharacterOffsetBegin>
            <CharacterOffsetEnd>1067</CharacterOffsetEnd>
            <POS>IN</POS>
          </token>
          <token id="16">
            <word>the</word>
            <lemma>the</lemma>
            <CharacterOffsetBegin>1068</CharacterOffsetBegin>
            <CharacterOffsetEnd>1071</CharacterOffsetEnd>
            <POS>DT</POS>
          </token>
          <token id="17">
            <word>M11</word>
            <lemma>m11</lemma>
            <CharacterOffsetBegin>1072</CharacterOffsetBegin>
            <CharacterOffsetEnd>1075</CharacterOffsetEnd>
            <POS>NN</POS>
          </token>
          <token id="18">
            <word>but</word>
            <lemma>but</lemma>
            <CharacterOffsetBegin>1076</CharacterOffsetBegin>
            <CharacterOffsetEnd>1079</CharacterOffsetEnd>
            <POS>CC</POS>
          </token>
          <token id="19">
            <word>nothing</word>
            <lemma>nothing</lemma>
            <CharacterOffsetBegin>1080</CharacterOffsetBegin>
            <CharacterOffsetEnd>1087</CharacterOffsetEnd>
            <POS>NN</POS>
          </token>
          <token id="20">
            <word>was</word>
            <lemma>be</lemma>
            <CharacterOffsetBegin>1088</CharacterOffsetBegin>
            <CharacterOffsetEnd>1091</CharacterOffsetEnd>
            <POS>VBD</POS>
          </token>
          <token id="21">
            <word>found</word>
            <lemma>find</lemma>
            <CharacterOffsetBegin>1092</CharacterOffsetBegin>
            <CharacterOffsetEnd>1097</CharacterOffsetEnd>
            <POS>VBN</POS>
          </token>
          <token id="22">
            <word>in</word>
            <lemma>in</lemma>
            <CharacterOffsetBegin>1098</CharacterOffsetBegin>
            <CharacterOffsetEnd>1100</CharacterOffsetEnd>
            <POS>IN</POS>
          </token>
          <token id="23">
            <word>the</word>
            <lemma>the</lemma>
            <CharacterOffsetBegin>1101</CharacterOffsetBegin>
            <CharacterOffsetEnd>1104</CharacterOffsetEnd>
            <POS>DT</POS>
          </token>
          <token id="24">
            <word>car</word>
            <lemma>car</lemma>
            <CharacterOffsetBegin>1105</CharacterOffsetBegin>
            <CharacterOffsetEnd>1108</CharacterOffsetEnd>
            <POS>NN</POS>
          </token>
          <token id="25">
            <word>and</word>
            <lemma>and</lemma>
            <CharacterOffsetBegin>1109</CharacterOffsetBegin>
            <CharacterOffsetEnd>1112</CharacterOffsetEnd>
            <POS>CC</POS>
          </token>
          <token id="26">
            <word>the</word>
            <lemma>the</lemma>
            <CharacterOffsetBegin>1113</CharacterOffsetBegin>
            <CharacterOffsetEnd>1116</CharacterOffsetEnd>
            <POS>DT</POS>
          </token>
          <token id="27">
            <word>driver</word>
            <lemma>driver</lemma>
            <CharacterOffsetBegin>1117</CharacterOffsetBegin>
            <CharacterOffsetEnd>1123</CharacterOffsetEnd>
            <POS>NN</POS>
          </token>
          <token id="28">
            <word>was</word>
            <lemma>be</lemma>
            <CharacterOffsetBegin>1124</CharacterOffsetBegin>
            <CharacterOffsetEnd>1127</CharacterOffsetEnd>
            <POS>VBD</POS>
          </token>
          <token id="29">
            <word>free</word>
            <lemma>free</lemma>
            <CharacterOffsetBegin>1128</CharacterOffsetBegin>
            <CharacterOffsetEnd>1132</CharacterOffsetEnd>
            <POS>JJ</POS>
          </token>
          <token id="30">
            <word>to</word>
            <lemma>to</lemma>
            <CharacterOffsetBegin>1133</CharacterOffsetBegin>
            <CharacterOffsetEnd>1135</CharacterOffsetEnd>
            <POS>TO</POS>
          </token>
          <token id="31">
            <word>leave</word>
            <lemma>leave</lemma>
            <CharacterOffsetBegin>1136</CharacterOffsetBegin>
            <CharacterOffsetEnd>1141</CharacterOffsetEnd>
            <POS>VB</POS>
          </token>
          <token id="32">
            <word>.</word>
            <lemma>.</lemma>
            <CharacterOffsetBegin>1141</CharacterOffsetBegin>
            <CharacterOffsetEnd>1142</CharacterOffsetEnd>
            <POS>.</POS>
          </token>
        </tokens>
      </sentence>
      <sentence id="10">
        <tokens>
          <token id="1">
            <word>Searches</word>
            <lemma>search</lemma>
            <CharacterOffsetBegin>1143</CharacterOffsetBegin>
            <CharacterOffsetEnd>1151</CharacterOffsetEnd>
            <POS>NNS</POS>
          </token>
          <token id="2">
            <word>were</word>
            <lemma>be</lemma>
            <CharacterOffsetBegin>1152</CharacterOffsetBegin>
            <CharacterOffsetEnd>1156</CharacterOffsetEnd>
            <POS>VBD</POS>
          </token>
          <token id="3">
            <word>carried</word>
            <lemma>carry</lemma>
            <CharacterOffsetBegin>1157</CharacterOffsetBegin>
            <CharacterOffsetEnd>1164</CharacterOffsetEnd>
            <POS>VBN</POS>
          </token>
          <token id="4">
            <word>out</word>
            <lemma>out</lemma>
            <CharacterOffsetBegin>1165</CharacterOffsetBegin>
            <CharacterOffsetEnd>1168</CharacterOffsetEnd>
            <POS>RP</POS>
          </token>
          <token id="5">
            <word>at</word>
            <lemma>at</lemma>
            <CharacterOffsetBegin>1169</CharacterOffsetBegin>
            <CharacterOffsetEnd>1171</CharacterOffsetEnd>
            <POS>IN</POS>
          </token>
          <token id="6">
            <word>houses</word>
            <lemma>house</lemma>
            <CharacterOffsetBegin>1172</CharacterOffsetBegin>
            <CharacterOffsetEnd>1178</CharacterOffsetEnd>
            <POS>NNS</POS>
          </token>
          <token id="7">
            <word>in</word>
            <lemma>in</lemma>
            <CharacterOffsetBegin>1179</CharacterOffsetBegin>
            <CharacterOffsetEnd>1181</CharacterOffsetEnd>
            <POS>IN</POS>
          </token>
          <token id="8">
            <word>Kent</word>
            <lemma>Kent</lemma>
            <CharacterOffsetBegin>1182</CharacterOffsetBegin>
            <CharacterOffsetEnd>1186</CharacterOffsetEnd>
            <POS>NNP</POS>
          </token>
          <token id="9">
            <word>and</word>
            <lemma>and</lemma>
            <CharacterOffsetBegin>1187</CharacterOffsetBegin>
            <CharacterOffsetEnd>1190</CharacterOffsetEnd>
            <POS>CC</POS>
          </token>
          <token id="10">
            <word>London</word>
            <lemma>London</lemma>
            <CharacterOffsetBegin>1191</CharacterOffsetBegin>
            <CharacterOffsetEnd>1197</CharacterOffsetEnd>
            <POS>NNP</POS>
          </token>
          <token id="11">
            <word>,</word>
            <lemma>,</lemma>
            <CharacterOffsetBegin>1197</CharacterOffsetBegin>
            <CharacterOffsetEnd>1198</CharacterOffsetEnd>
            <POS>,</POS>
          </token>
          <token id="12">
            <word>but</word>
            <lemma>but</lemma>
            <CharacterOffsetBegin>1199</CharacterOffsetBegin>
            <CharacterOffsetEnd>1202</CharacterOffsetEnd>
            <POS>CC</POS>
          </token>
          <token id="13">
            <word>no</word>
            <lemma>no</lemma>
            <CharacterOffsetBegin>1203</CharacterOffsetBegin>
            <CharacterOffsetEnd>1205</CharacterOffsetEnd>
            <POS>DT</POS>
          </token>
          <token id="14">
            <word>other</word>
            <lemma>other</lemma>
            <CharacterOffsetBegin>1206</CharacterOffsetBegin>
            <CharacterOffsetEnd>1211</CharacterOffsetEnd>
            <POS>JJ</POS>
          </token>
          <token id="15">
            <word>substances</word>
            <lemma>substance</lemma>
            <CharacterOffsetBegin>1212</CharacterOffsetBegin>
            <CharacterOffsetEnd>1222</CharacterOffsetEnd>
            <POS>NNS</POS>
          </token>
          <token id="16">
            <word>have</word>
            <lemma>have</lemma>
            <CharacterOffsetBegin>1223</CharacterOffsetBegin>
            <CharacterOffsetEnd>1227</CharacterOffsetEnd>
            <POS>VBP</POS>
          </token>
          <token id="17">
            <word>been</word>
            <lemma>be</lemma>
            <CharacterOffsetBegin>1228</CharacterOffsetBegin>
            <CharacterOffsetEnd>1232</CharacterOffsetEnd>
            <POS>VBN</POS>
          </token>
          <token id="18">
            <word>found</word>
            <lemma>find</lemma>
            <CharacterOffsetBegin>1233</CharacterOffsetBegin>
            <CharacterOffsetEnd>1238</CharacterOffsetEnd>
            <POS>VBN</POS>
          </token>
          <token id="19">
            <word>.</word>
            <lemma>.</lemma>
            <CharacterOffsetBegin>1238</CharacterOffsetBegin>
            <CharacterOffsetEnd>1239</CharacterOffsetEnd>
            <POS>.</POS>
          </token>
        </tokens>
      </sentence>
      <sentence id="11">
        <tokens>
          <token id="1">
            <word>The</word>
            <lemma>the</lemma>
            <CharacterOffsetBegin>1240</CharacterOffsetBegin>
            <CharacterOffsetEnd>1243</CharacterOffsetEnd>
            <POS>DT</POS>
          </token>
          <token id="2">
            <word>man</word>
            <lemma>man</lemma>
            <CharacterOffsetBegin>1244</CharacterOffsetBegin>
            <CharacterOffsetEnd>1247</CharacterOffsetEnd>
            <POS>NN</POS>
          </token>
          <token id="3">
            <word>and</word>
            <lemma>and</lemma>
            <CharacterOffsetBegin>1248</CharacterOffsetBegin>
            <CharacterOffsetEnd>1251</CharacterOffsetEnd>
            <POS>CC</POS>
          </token>
          <token id="4">
            <word>woman</word>
            <lemma>woman</lemma>
            <CharacterOffsetBegin>1252</CharacterOffsetBegin>
            <CharacterOffsetEnd>1257</CharacterOffsetEnd>
            <POS>NN</POS>
          </token>
          <token id="5">
            <word>in</word>
            <lemma>in</lemma>
            <CharacterOffsetBegin>1258</CharacterOffsetBegin>
            <CharacterOffsetEnd>1260</CharacterOffsetEnd>
            <POS>IN</POS>
          </token>
          <token id="6">
            <word>their</word>
            <lemma>they</lemma>
            <CharacterOffsetBegin>1261</CharacterOffsetBegin>
            <CharacterOffsetEnd>1266</CharacterOffsetEnd>
            <POS>PRP$</POS>
          </token>
          <token id="7">
            <word>forties</word>
            <lemma>forty</lemma>
            <CharacterOffsetBegin>1267</CharacterOffsetBegin>
            <CharacterOffsetEnd>1274</CharacterOffsetEnd>
            <POS>NNS</POS>
          </token>
          <token id="8">
            <word>have</word>
            <lemma>have</lemma>
            <CharacterOffsetBegin>1275</CharacterOffsetBegin>
            <CharacterOffsetEnd>1279</CharacterOffsetEnd>
            <POS>VBP</POS>
          </token>
          <token id="9">
            <word>both</word>
            <lemma>both</lemma>
            <CharacterOffsetBegin>1280</CharacterOffsetBegin>
            <CharacterOffsetEnd>1284</CharacterOffsetEnd>
            <POS>DT</POS>
          </token>
          <token id="10">
            <word>been</word>
            <lemma>be</lemma>
            <CharacterOffsetBegin>1285</CharacterOffsetBegin>
            <CharacterOffsetEnd>1289</CharacterOffsetEnd>
            <POS>VBN</POS>
          </token>
          <token id="11">
            <word>bailed</word>
            <lemma>bail</lemma>
            <CharacterOffsetBegin>1290</CharacterOffsetBegin>
            <CharacterOffsetEnd>1296</CharacterOffsetEnd>
            <POS>VBN</POS>
          </token>
          <token id="12">
            <word>until</word>
            <lemma>until</lemma>
            <CharacterOffsetBegin>1297</CharacterOffsetBegin>
            <CharacterOffsetEnd>1302</CharacterOffsetEnd>
            <POS>IN</POS>
          </token>
          <token id="13">
            <word>late</word>
            <lemma>late</lemma>
            <CharacterOffsetBegin>1303</CharacterOffsetBegin>
            <CharacterOffsetEnd>1307</CharacterOffsetEnd>
            <POS>JJ</POS>
          </token>
          <token id="14">
            <word>April</word>
            <lemma>April</lemma>
            <CharacterOffsetBegin>1308</CharacterOffsetBegin>
            <CharacterOffsetEnd>1313</CharacterOffsetEnd>
            <POS>NNP</POS>
          </token>
          <token id="15">
            <word>.</word>
            <lemma>.</lemma>
            <CharacterOffsetBegin>1313</CharacterOffsetBegin>
            <CharacterOffsetEnd>1314</CharacterOffsetEnd>
            <POS>.</POS>
          </token>
        </tokens>
      </sentence>
      <sentence id="12">
        <tokens>
          <token id="1">
            <word>A</word>
            <lemma>a</lemma>
            <CharacterOffsetBegin>1315</CharacterOffsetBegin>
            <CharacterOffsetEnd>1316</CharacterOffsetEnd>
            <POS>DT</POS>
          </token>
          <token id="2">
            <word>Scotland</word>
            <lemma>Scotland</lemma>
            <CharacterOffsetBegin>1317</CharacterOffsetBegin>
            <CharacterOffsetEnd>1325</CharacterOffsetEnd>
            <POS>NNP</POS>
          </token>
          <token id="3">
            <word>Yard</word>
            <lemma>Yard</lemma>
            <CharacterOffsetBegin>1326</CharacterOffsetBegin>
            <CharacterOffsetEnd>1330</CharacterOffsetEnd>
            <POS>NNP</POS>
          </token>
          <token id="4">
            <word>spokesman</word>
            <lemma>spokesman</lemma>
            <CharacterOffsetBegin>1331</CharacterOffsetBegin>
            <CharacterOffsetEnd>1340</CharacterOffsetEnd>
            <POS>NN</POS>
          </token>
          <token id="5">
            <word>said</word>
            <lemma>say</lemma>
            <CharacterOffsetBegin>1341</CharacterOffsetBegin>
            <CharacterOffsetEnd>1345</CharacterOffsetEnd>
            <POS>VBD</POS>
          </token>
          <token id="6">
            <word>:</word>
            <lemma>:</lemma>
            <CharacterOffsetBegin>1345</CharacterOffsetBegin>
            <CharacterOffsetEnd>1346</CharacterOffsetEnd>
            <POS>:</POS>
          </token>
          <token id="7">
            <word>`</word>
            <lemma>`</lemma>
            <CharacterOffsetBegin>1347</CharacterOffsetBegin>
            <CharacterOffsetEnd>1348</CharacterOffsetEnd>
            <POS>``</POS>
          </token>
          <token id="8">
            <word>The</word>
            <lemma>the</lemma>
            <CharacterOffsetBegin>1348</CharacterOffsetBegin>
            <CharacterOffsetEnd>1351</CharacterOffsetEnd>
            <POS>DT</POS>
          </token>
          <token id="9">
            <word>Counter</word>
            <lemma>Counter</lemma>
            <CharacterOffsetBegin>1352</CharacterOffsetBegin>
            <CharacterOffsetEnd>1359</CharacterOffsetEnd>
            <POS>NNP</POS>
          </token>
          <token id="10">
            <word>Terrorism</word>
            <lemma>Terrorism</lemma>
            <CharacterOffsetBegin>1360</CharacterOffsetBegin>
            <CharacterOffsetEnd>1369</CharacterOffsetEnd>
            <POS>NNP</POS>
          </token>
          <token id="11">
            <word>Command</word>
            <lemma>command</lemma>
            <CharacterOffsetBegin>1370</CharacterOffsetBegin>
            <CharacterOffsetEnd>1377</CharacterOffsetEnd>
            <POS>NN</POS>
          </token>
          <token id="12">
            <word>is</word>
            <lemma>be</lemma>
            <CharacterOffsetBegin>1378</CharacterOffsetBegin>
            <CharacterOffsetEnd>1380</CharacterOffsetEnd>
            <POS>VBZ</POS>
          </token>
          <token id="13">
            <word>aware</word>
            <lemma>aware</lemma>
            <CharacterOffsetBegin>1381</CharacterOffsetBegin>
            <CharacterOffsetEnd>1386</CharacterOffsetEnd>
            <POS>JJ</POS>
          </token>
          <token id="14">
            <word>but</word>
            <lemma>but</lemma>
            <CharacterOffsetBegin>1387</CharacterOffsetBegin>
            <CharacterOffsetEnd>1390</CharacterOffsetEnd>
            <POS>CC</POS>
          </token>
          <token id="15">
            <word>the</word>
            <lemma>the</lemma>
            <CharacterOffsetBegin>1391</CharacterOffsetBegin>
            <CharacterOffsetEnd>1394</CharacterOffsetEnd>
            <POS>DT</POS>
          </token>
          <token id="16">
            <word>incident</word>
            <lemma>incident</lemma>
            <CharacterOffsetBegin>1395</CharacterOffsetBegin>
            <CharacterOffsetEnd>1403</CharacterOffsetEnd>
            <POS>NN</POS>
          </token>
          <token id="17">
            <word>is</word>
            <lemma>be</lemma>
            <CharacterOffsetBegin>1404</CharacterOffsetBegin>
            <CharacterOffsetEnd>1406</CharacterOffsetEnd>
            <POS>VBZ</POS>
          </token>
          <token id="18">
            <word>not</word>
            <lemma>not</lemma>
            <CharacterOffsetBegin>1407</CharacterOffsetBegin>
            <CharacterOffsetEnd>1410</CharacterOffsetEnd>
            <POS>RB</POS>
          </token>
          <token id="19">
            <word>being</word>
            <lemma>be</lemma>
            <CharacterOffsetBegin>1411</CharacterOffsetBegin>
            <CharacterOffsetEnd>1416</CharacterOffsetEnd>
            <POS>VBG</POS>
          </token>
          <token id="20">
            <word>treated</word>
            <lemma>treat</lemma>
            <CharacterOffsetBegin>1417</CharacterOffsetBegin>
            <CharacterOffsetEnd>1424</CharacterOffsetEnd>
            <POS>VBN</POS>
          </token>
          <token id="21">
            <word>as</word>
            <lemma>as</lemma>
            <CharacterOffsetBegin>1425</CharacterOffsetBegin>
            <CharacterOffsetEnd>1427</CharacterOffsetEnd>
            <POS>IN</POS>
          </token>
          <token id="22">
            <word>terrorism</word>
            <lemma>terrorism</lemma>
            <CharacterOffsetBegin>1428</CharacterOffsetBegin>
            <CharacterOffsetEnd>1437</CharacterOffsetEnd>
            <POS>NN</POS>
          </token>
          <token id="23">
            <word>related</word>
            <lemma>related</lemma>
            <CharacterOffsetBegin>1438</CharacterOffsetBegin>
            <CharacterOffsetEnd>1445</CharacterOffsetEnd>
            <POS>JJ</POS>
          </token>
          <token id="24">
            <word>.</word>
            <lemma>.</lemma>
            <CharacterOffsetBegin>1445</CharacterOffsetBegin>
            <CharacterOffsetEnd>1446</CharacterOffsetEnd>
            <POS>.</POS>
          </token>
          <token id="25">
            <word>'</word>
            <lemma>'</lemma>
            <CharacterOffsetBegin>1446</CharacterOffsetBegin>
            <CharacterOffsetEnd>1447</CharacterOffsetEnd>
            <POS>''</POS>
          </token>
        </tokens>
      </sentence>
      <sentence id="13">
        <tokens>
          <token id="1">
            <word>Work</word>
            <lemma>work</lemma>
            <CharacterOffsetBegin>1448</CharacterOffsetBegin>
            <CharacterOffsetEnd>1452</CharacterOffsetEnd>
            <POS>NN</POS>
          </token>
          <token id="2">
            <word>on</word>
            <lemma>on</lemma>
            <CharacterOffsetBegin>1453</CharacterOffsetBegin>
            <CharacterOffsetEnd>1455</CharacterOffsetEnd>
            <POS>IN</POS>
          </token>
          <token id="3">
            <word>the</word>
            <lemma>the</lemma>
            <CharacterOffsetBegin>1456</CharacterOffsetBegin>
            <CharacterOffsetEnd>1459</CharacterOffsetEnd>
            <POS>DT</POS>
          </token>
          <token id="4">
            <word>#</word>
            <lemma>#</lemma>
            <CharacterOffsetBegin>1460</CharacterOffsetBegin>
            <CharacterOffsetEnd>1461</CharacterOffsetEnd>
            <POS>#</POS>
          </token>
          <token id="5">
            <word>486m</word>
            <lemma>486m</lemma>
            <CharacterOffsetBegin>1461</CharacterOffsetBegin>
            <CharacterOffsetEnd>1465</CharacterOffsetEnd>
            <POS>CD</POS>
          </token>
          <token id="6">
            <word>Olympic</word>
            <lemma>Olympic</lemma>
            <CharacterOffsetBegin>1466</CharacterOffsetBegin>
            <CharacterOffsetEnd>1473</CharacterOffsetEnd>
            <POS>NNP</POS>
          </token>
          <token id="7">
            <word>stadium</word>
            <lemma>stadium</lemma>
            <CharacterOffsetBegin>1474</CharacterOffsetBegin>
            <CharacterOffsetEnd>1481</CharacterOffsetEnd>
            <POS>NN</POS>
          </token>
          <token id="8">
            <word>,</word>
            <lemma>,</lemma>
            <CharacterOffsetBegin>1481</CharacterOffsetBegin>
            <CharacterOffsetEnd>1482</CharacterOffsetEnd>
            <POS>,</POS>
          </token>
          <token id="9">
            <word>which</word>
            <lemma>which</lemma>
            <CharacterOffsetBegin>1483</CharacterOffsetBegin>
            <CharacterOffsetEnd>1488</CharacterOffsetEnd>
            <POS>WDT</POS>
          </token>
          <token id="10">
            <word>has</word>
            <lemma>have</lemma>
            <CharacterOffsetBegin>1489</CharacterOffsetBegin>
            <CharacterOffsetEnd>1492</CharacterOffsetEnd>
            <POS>VBZ</POS>
          </token>
          <token id="11">
            <word>an</word>
            <lemma>a</lemma>
            <CharacterOffsetBegin>1493</CharacterOffsetBegin>
            <CharacterOffsetEnd>1495</CharacterOffsetEnd>
            <POS>DT</POS>
          </token>
          <token id="12">
            <word>80,000</word>
            <lemma>80,000</lemma>
            <CharacterOffsetBegin>1496</CharacterOffsetBegin>
            <CharacterOffsetEnd>1502</CharacterOffsetEnd>
            <POS>CD</POS>
          </token>
          <token id="13">
            <word>capacity</word>
            <lemma>capacity</lemma>
            <CharacterOffsetBegin>1503</CharacterOffsetBegin>
            <CharacterOffsetEnd>1511</CharacterOffsetEnd>
            <POS>NN</POS>
          </token>
          <token id="14">
            <word>was</word>
            <lemma>be</lemma>
            <CharacterOffsetBegin>1512</CharacterOffsetBegin>
            <CharacterOffsetEnd>1515</CharacterOffsetEnd>
            <POS>VBD</POS>
          </token>
          <token id="15">
            <word>officially</word>
            <lemma>officially</lemma>
            <CharacterOffsetBegin>1516</CharacterOffsetBegin>
            <CharacterOffsetEnd>1526</CharacterOffsetEnd>
            <POS>RB</POS>
          </token>
          <token id="16">
            <word>completed</word>
            <lemma>complete</lemma>
            <CharacterOffsetBegin>1527</CharacterOffsetBegin>
            <CharacterOffsetEnd>1536</CharacterOffsetEnd>
            <POS>VBN</POS>
          </token>
          <token id="17">
            <word>this</word>
            <lemma>this</lemma>
            <CharacterOffsetBegin>1537</CharacterOffsetBegin>
            <CharacterOffsetEnd>1541</CharacterOffsetEnd>
            <POS>DT</POS>
          </token>
          <token id="18">
            <word>week</word>
            <lemma>week</lemma>
            <CharacterOffsetBegin>1542</CharacterOffsetBegin>
            <CharacterOffsetEnd>1546</CharacterOffsetEnd>
            <POS>NN</POS>
          </token>
          <token id="19">
            <word>.</word>
            <lemma>.</lemma>
            <CharacterOffsetBegin>1546</CharacterOffsetBegin>
            <CharacterOffsetEnd>1547</CharacterOffsetEnd>
            <POS>.</POS>
          </token>
        </tokens>
      </sentence>
      <sentence id="14">
        <tokens>
          <token id="1">
            <word>The</word>
            <lemma>the</lemma>
            <CharacterOffsetBegin>1548</CharacterOffsetBegin>
            <CharacterOffsetEnd>1551</CharacterOffsetEnd>
            <POS>DT</POS>
          </token>
          <token id="2">
            <word>venue</word>
            <lemma>venue</lemma>
            <CharacterOffsetBegin>1552</CharacterOffsetBegin>
            <CharacterOffsetEnd>1557</CharacterOffsetEnd>
            <POS>NN</POS>
          </token>
          <token id="3">
            <word>will</word>
            <lemma>will</lemma>
            <CharacterOffsetBegin>1558</CharacterOffsetBegin>
            <CharacterOffsetEnd>1562</CharacterOffsetEnd>
            <POS>MD</POS>
          </token>
          <token id="4">
            <word>hold</word>
            <lemma>hold</lemma>
            <CharacterOffsetBegin>1563</CharacterOffsetBegin>
            <CharacterOffsetEnd>1567</CharacterOffsetEnd>
            <POS>VB</POS>
          </token>
          <token id="5">
            <word>thousands</word>
            <lemma>thousand</lemma>
            <CharacterOffsetBegin>1568</CharacterOffsetBegin>
            <CharacterOffsetEnd>1577</CharacterOffsetEnd>
            <POS>NNS</POS>
          </token>
          <token id="6">
            <word>of</word>
            <lemma>of</lemma>
            <CharacterOffsetBegin>1578</CharacterOffsetBegin>
            <CharacterOffsetEnd>1580</CharacterOffsetEnd>
            <POS>IN</POS>
          </token>
          <token id="7">
            <word>people</word>
            <lemma>people</lemma>
            <CharacterOffsetBegin>1581</CharacterOffsetBegin>
            <CharacterOffsetEnd>1587</CharacterOffsetEnd>
            <POS>NNS</POS>
          </token>
          <token id="8">
            <word>from</word>
            <lemma>from</lemma>
            <CharacterOffsetBegin>1588</CharacterOffsetBegin>
            <CharacterOffsetEnd>1592</CharacterOffsetEnd>
            <POS>IN</POS>
          </token>
          <token id="9">
            <word>across</word>
            <lemma>across</lemma>
            <CharacterOffsetBegin>1593</CharacterOffsetBegin>
            <CharacterOffsetEnd>1599</CharacterOffsetEnd>
            <POS>IN</POS>
          </token>
          <token id="10">
            <word>the</word>
            <lemma>the</lemma>
            <CharacterOffsetBegin>1600</CharacterOffsetBegin>
            <CharacterOffsetEnd>1603</CharacterOffsetEnd>
            <POS>DT</POS>
          </token>
          <token id="11">
            <word>world</word>
            <lemma>world</lemma>
            <CharacterOffsetBegin>1604</CharacterOffsetBegin>
            <CharacterOffsetEnd>1609</CharacterOffsetEnd>
            <POS>NN</POS>
          </token>
          <token id="12">
            <word>when</word>
            <lemma>when</lemma>
            <CharacterOffsetBegin>1610</CharacterOffsetBegin>
            <CharacterOffsetEnd>1614</CharacterOffsetEnd>
            <POS>WRB</POS>
          </token>
          <token id="13">
            <word>the</word>
            <lemma>the</lemma>
            <CharacterOffsetBegin>1615</CharacterOffsetBegin>
            <CharacterOffsetEnd>1618</CharacterOffsetEnd>
            <POS>DT</POS>
          </token>
          <token id="14">
            <word>Olympics</word>
            <lemma>Olympics</lemma>
            <CharacterOffsetBegin>1619</CharacterOffsetBegin>
            <CharacterOffsetEnd>1627</CharacterOffsetEnd>
            <POS>NNPS</POS>
          </token>
          <token id="15">
            <word>start</word>
            <lemma>start</lemma>
            <CharacterOffsetBegin>1628</CharacterOffsetBegin>
            <CharacterOffsetEnd>1633</CharacterOffsetEnd>
            <POS>VB</POS>
          </token>
          <token id="16">
            <word>in</word>
            <lemma>in</lemma>
            <CharacterOffsetBegin>1634</CharacterOffsetBegin>
            <CharacterOffsetEnd>1636</CharacterOffsetEnd>
            <POS>IN</POS>
          </token>
          <token id="17">
            <word>July</word>
            <lemma>July</lemma>
            <CharacterOffsetBegin>1637</CharacterOffsetBegin>
            <CharacterOffsetEnd>1641</CharacterOffsetEnd>
            <POS>NNP</POS>
          </token>
          <token id="18">
            <word>2012</word>
            <lemma>2012</lemma>
            <CharacterOffsetBegin>1642</CharacterOffsetBegin>
            <CharacterOffsetEnd>1646</CharacterOffsetEnd>
            <POS>CD</POS>
          </token>
          <token id="19">
            <word>.</word>
            <lemma>.</lemma>
            <CharacterOffsetBegin>1646</CharacterOffsetBegin>
            <CharacterOffsetEnd>1647</CharacterOffsetEnd>
            <POS>.</POS>
          </token>
        </tokens>
      </sentence>
      <sentence id="15">
        <tokens>
          <token id="1">
            <word>A</word>
            <lemma>a</lemma>
            <CharacterOffsetBegin>1648</CharacterOffsetBegin>
            <CharacterOffsetEnd>1649</CharacterOffsetEnd>
            <POS>DT</POS>
          </token>
          <token id="2">
            <word>spokesman</word>
            <lemma>spokesman</lemma>
            <CharacterOffsetBegin>1650</CharacterOffsetBegin>
            <CharacterOffsetEnd>1659</CharacterOffsetEnd>
            <POS>NN</POS>
          </token>
          <token id="3">
            <word>for</word>
            <lemma>for</lemma>
            <CharacterOffsetBegin>1660</CharacterOffsetBegin>
            <CharacterOffsetEnd>1663</CharacterOffsetEnd>
            <POS>IN</POS>
          </token>
          <token id="4">
            <word>the</word>
            <lemma>the</lemma>
            <CharacterOffsetBegin>1664</CharacterOffsetBegin>
            <CharacterOffsetEnd>1667</CharacterOffsetEnd>
            <POS>DT</POS>
          </token>
          <token id="5">
            <word>Olympic</word>
            <lemma>Olympic</lemma>
            <CharacterOffsetBegin>1668</CharacterOffsetBegin>
            <CharacterOffsetEnd>1675</CharacterOffsetEnd>
            <POS>NNP</POS>
          </token>
          <token id="6">
            <word>Delivery</word>
            <lemma>delivery</lemma>
            <CharacterOffsetBegin>1676</CharacterOffsetBegin>
            <CharacterOffsetEnd>1684</CharacterOffsetEnd>
            <POS>NN</POS>
          </token>
          <token id="7">
            <word>Authority</word>
            <lemma>Authority</lemma>
            <CharacterOffsetBegin>1685</CharacterOffsetBegin>
            <CharacterOffsetEnd>1694</CharacterOffsetEnd>
            <POS>NNP</POS>
          </token>
          <token id="8">
            <word>said</word>
            <lemma>say</lemma>
            <CharacterOffsetBegin>1695</CharacterOffsetBegin>
            <CharacterOffsetEnd>1699</CharacterOffsetEnd>
            <POS>VBD</POS>
          </token>
          <token id="9">
            <word>:</word>
            <lemma>:</lemma>
            <CharacterOffsetBegin>1699</CharacterOffsetBegin>
            <CharacterOffsetEnd>1700</CharacterOffsetEnd>
            <POS>:</POS>
          </token>
          <token id="10">
            <word>`</word>
            <lemma>`</lemma>
            <CharacterOffsetBegin>1701</CharacterOffsetBegin>
            <CharacterOffsetEnd>1702</CharacterOffsetEnd>
            <POS>``</POS>
          </token>
          <token id="11">
            <word>There</word>
            <lemma>there</lemma>
            <CharacterOffsetBegin>1702</CharacterOffsetBegin>
            <CharacterOffsetEnd>1707</CharacterOffsetEnd>
            <POS>EX</POS>
          </token>
          <token id="12">
            <word>are</word>
            <lemma>be</lemma>
            <CharacterOffsetBegin>1708</CharacterOffsetBegin>
            <CharacterOffsetEnd>1711</CharacterOffsetEnd>
            <POS>VBP</POS>
          </token>
          <token id="13">
            <word>robust</word>
            <lemma>robust</lemma>
            <CharacterOffsetBegin>1712</CharacterOffsetBegin>
            <CharacterOffsetEnd>1718</CharacterOffsetEnd>
            <POS>JJ</POS>
          </token>
          <token id="14">
            <word>measures</word>
            <lemma>measure</lemma>
            <CharacterOffsetBegin>1719</CharacterOffsetBegin>
            <CharacterOffsetEnd>1727</CharacterOffsetEnd>
            <POS>NNS</POS>
          </token>
          <token id="15">
            <word>to</word>
            <lemma>to</lemma>
            <CharacterOffsetBegin>1728</CharacterOffsetBegin>
            <CharacterOffsetEnd>1730</CharacterOffsetEnd>
            <POS>TO</POS>
          </token>
          <token id="16">
            <word>ensure</word>
            <lemma>ensure</lemma>
            <CharacterOffsetBegin>1731</CharacterOffsetBegin>
            <CharacterOffsetEnd>1737</CharacterOffsetEnd>
            <POS>VB</POS>
          </token>
          <token id="17">
            <word>the</word>
            <lemma>the</lemma>
            <CharacterOffsetBegin>1738</CharacterOffsetBegin>
            <CharacterOffsetEnd>1741</CharacterOffsetEnd>
            <POS>DT</POS>
          </token>
          <token id="18">
            <word>safety</word>
            <lemma>safety</lemma>
            <CharacterOffsetBegin>1742</CharacterOffsetBegin>
            <CharacterOffsetEnd>1748</CharacterOffsetEnd>
            <POS>NN</POS>
          </token>
          <token id="19">
            <word>and</word>
            <lemma>and</lemma>
            <CharacterOffsetBegin>1749</CharacterOffsetBegin>
            <CharacterOffsetEnd>1752</CharacterOffsetEnd>
            <POS>CC</POS>
          </token>
          <token id="20">
            <word>security</word>
            <lemma>security</lemma>
            <CharacterOffsetBegin>1753</CharacterOffsetBegin>
            <CharacterOffsetEnd>1761</CharacterOffsetEnd>
            <POS>NN</POS>
          </token>
          <token id="21">
            <word>of</word>
            <lemma>of</lemma>
            <CharacterOffsetBegin>1762</CharacterOffsetBegin>
            <CharacterOffsetEnd>1764</CharacterOffsetEnd>
            <POS>IN</POS>
          </token>
          <token id="22">
            <word>the</word>
            <lemma>the</lemma>
            <CharacterOffsetBegin>1765</CharacterOffsetBegin>
            <CharacterOffsetEnd>1768</CharacterOffsetEnd>
            <POS>DT</POS>
          </token>
          <token id="23">
            <word>Olympic</word>
            <lemma>Olympic</lemma>
            <CharacterOffsetBegin>1769</CharacterOffsetBegin>
            <CharacterOffsetEnd>1776</CharacterOffsetEnd>
            <POS>NNP</POS>
          </token>
          <token id="24">
            <word>Park</word>
            <lemma>Park</lemma>
            <CharacterOffsetBegin>1777</CharacterOffsetBegin>
            <CharacterOffsetEnd>1781</CharacterOffsetEnd>
            <POS>NNP</POS>
          </token>
          <token id="25">
            <word>.</word>
            <lemma>.</lemma>
            <CharacterOffsetBegin>1781</CharacterOffsetBegin>
            <CharacterOffsetEnd>1782</CharacterOffsetEnd>
            <POS>.</POS>
          </token>
        </tokens>
      </sentence>
      <sentence id="16">
        <tokens>
          <token id="1">
            <word>`</word>
            <lemma>`</lemma>
            <CharacterOffsetBegin>1783</CharacterOffsetBegin>
            <CharacterOffsetEnd>1784</CharacterOffsetEnd>
            <POS>``</POS>
          </token>
          <token id="2">
            <word>We</word>
            <lemma>we</lemma>
            <CharacterOffsetBegin>1784</CharacterOffsetBegin>
            <CharacterOffsetEnd>1786</CharacterOffsetEnd>
            <POS>PRP</POS>
          </token>
          <token id="3">
            <word>are</word>
            <lemma>be</lemma>
            <CharacterOffsetBegin>1787</CharacterOffsetBegin>
            <CharacterOffsetEnd>1790</CharacterOffsetEnd>
            <POS>VBP</POS>
          </token>
          <token id="4">
            <word>working</word>
            <lemma>work</lemma>
            <CharacterOffsetBegin>1791</CharacterOffsetBegin>
            <CharacterOffsetEnd>1798</CharacterOffsetEnd>
            <POS>VBG</POS>
          </token>
          <token id="5">
            <word>with</word>
            <lemma>with</lemma>
            <CharacterOffsetBegin>1799</CharacterOffsetBegin>
            <CharacterOffsetEnd>1803</CharacterOffsetEnd>
            <POS>IN</POS>
          </token>
          <token id="6">
            <word>the</word>
            <lemma>the</lemma>
            <CharacterOffsetBegin>1804</CharacterOffsetBegin>
            <CharacterOffsetEnd>1807</CharacterOffsetEnd>
            <POS>DT</POS>
          </token>
          <token id="7">
            <word>police</word>
            <lemma>police</lemma>
            <CharacterOffsetBegin>1808</CharacterOffsetBegin>
            <CharacterOffsetEnd>1814</CharacterOffsetEnd>
            <POS>NN</POS>
          </token>
          <token id="8">
            <word>in</word>
            <lemma>in</lemma>
            <CharacterOffsetBegin>1815</CharacterOffsetBegin>
            <CharacterOffsetEnd>1817</CharacterOffsetEnd>
            <POS>IN</POS>
          </token>
          <token id="9">
            <word>their</word>
            <lemma>they</lemma>
            <CharacterOffsetBegin>1818</CharacterOffsetBegin>
            <CharacterOffsetEnd>1823</CharacterOffsetEnd>
            <POS>PRP$</POS>
          </token>
          <token id="10">
            <word>investigation</word>
            <lemma>investigation</lemma>
            <CharacterOffsetBegin>1824</CharacterOffsetBegin>
            <CharacterOffsetEnd>1837</CharacterOffsetEnd>
            <POS>NN</POS>
          </token>
          <token id="11">
            <word>.</word>
            <lemma>.</lemma>
            <CharacterOffsetBegin>1837</CharacterOffsetBegin>
            <CharacterOffsetEnd>1838</CharacterOffsetEnd>
            <POS>.</POS>
          </token>
        </tokens>
      </sentence>
      <sentence id="17">
        <tokens>
          <token id="1">
            <word>At</word>
            <lemma>at</lemma>
            <CharacterOffsetBegin>1839</CharacterOffsetBegin>
            <CharacterOffsetEnd>1841</CharacterOffsetEnd>
            <POS>IN</POS>
          </token>
          <token id="2">
            <word>no</word>
            <lemma>no</lemma>
            <CharacterOffsetBegin>1842</CharacterOffsetBegin>
            <CharacterOffsetEnd>1844</CharacterOffsetEnd>
            <POS>DT</POS>
          </token>
          <token id="3">
            <word>point</word>
            <lemma>point</lemma>
            <CharacterOffsetBegin>1845</CharacterOffsetBegin>
            <CharacterOffsetEnd>1850</CharacterOffsetEnd>
            <POS>NN</POS>
          </token>
          <token id="4">
            <word>has</word>
            <lemma>have</lemma>
            <CharacterOffsetBegin>1851</CharacterOffsetBegin>
            <CharacterOffsetEnd>1854</CharacterOffsetEnd>
            <POS>VBZ</POS>
          </token>
          <token id="5">
            <word>the</word>
            <lemma>the</lemma>
            <CharacterOffsetBegin>1855</CharacterOffsetBegin>
            <CharacterOffsetEnd>1858</CharacterOffsetEnd>
            <POS>DT</POS>
          </token>
          <token id="6">
            <word>safety</word>
            <lemma>safety</lemma>
            <CharacterOffsetBegin>1859</CharacterOffsetBegin>
            <CharacterOffsetEnd>1865</CharacterOffsetEnd>
            <POS>NN</POS>
          </token>
          <token id="7">
            <word>and</word>
            <lemma>and</lemma>
            <CharacterOffsetBegin>1866</CharacterOffsetBegin>
            <CharacterOffsetEnd>1869</CharacterOffsetEnd>
            <POS>CC</POS>
          </token>
          <token id="8">
            <word>security</word>
            <lemma>security</lemma>
            <CharacterOffsetBegin>1870</CharacterOffsetBegin>
            <CharacterOffsetEnd>1878</CharacterOffsetEnd>
            <POS>NN</POS>
          </token>
          <token id="9">
            <word>of</word>
            <lemma>of</lemma>
            <CharacterOffsetBegin>1879</CharacterOffsetBegin>
            <CharacterOffsetEnd>1881</CharacterOffsetEnd>
            <POS>IN</POS>
          </token>
          <token id="10">
            <word>the</word>
            <lemma>the</lemma>
            <CharacterOffsetBegin>1882</CharacterOffsetBegin>
            <CharacterOffsetEnd>1885</CharacterOffsetEnd>
            <POS>DT</POS>
          </token>
          <token id="11">
            <word>Olympic</word>
            <lemma>Olympic</lemma>
            <CharacterOffsetBegin>1886</CharacterOffsetBegin>
            <CharacterOffsetEnd>1893</CharacterOffsetEnd>
            <POS>NNP</POS>
          </token>
          <token id="12">
            <word>Park</word>
            <lemma>Park</lemma>
            <CharacterOffsetBegin>1894</CharacterOffsetBegin>
            <CharacterOffsetEnd>1898</CharacterOffsetEnd>
            <POS>NNP</POS>
          </token>
          <token id="13">
            <word>been</word>
            <lemma>be</lemma>
            <CharacterOffsetBegin>1899</CharacterOffsetBegin>
            <CharacterOffsetEnd>1903</CharacterOffsetEnd>
            <POS>VBN</POS>
          </token>
          <token id="14">
            <word>put</word>
            <lemma>put</lemma>
            <CharacterOffsetBegin>1904</CharacterOffsetBegin>
            <CharacterOffsetEnd>1907</CharacterOffsetEnd>
            <POS>VBN</POS>
          </token>
          <token id="15">
            <word>at</word>
            <lemma>at</lemma>
            <CharacterOffsetBegin>1908</CharacterOffsetBegin>
            <CharacterOffsetEnd>1910</CharacterOffsetEnd>
            <POS>IN</POS>
          </token>
          <token id="16">
            <word>risk</word>
            <lemma>risk</lemma>
            <CharacterOffsetBegin>1911</CharacterOffsetBegin>
            <CharacterOffsetEnd>1915</CharacterOffsetEnd>
            <POS>NN</POS>
          </token>
          <token id="17">
            <word>.</word>
            <lemma>.</lemma>
            <CharacterOffsetBegin>1915</CharacterOffsetBegin>
            <CharacterOffsetEnd>1916</CharacterOffsetEnd>
            <POS>.</POS>
          </token>
          <token id="18">
            <word>'</word>
            <lemma>'</lemma>
            <CharacterOffsetBegin>1916</CharacterOffsetBegin>
            <CharacterOffsetEnd>1917</CharacterOffsetEnd>
            <POS>''</POS>
          </token>
        </tokens>
      </sentence>
    </sentences>
  </document>
</root>
