<?xml version="1.0" encoding="UTF-8"?>
<?xml-stylesheet href="CoreNLP-to-HTML.xsl" type="text/xsl"?>
<root>
  <document>
    <sentences>
      <sentence id="1">
        <tokens>
          <token id="1">
            <word>Consumer</word>
            <lemma>Consumer</lemma>
            <CharacterOffsetBegin>0</CharacterOffsetBegin>
            <CharacterOffsetEnd>8</CharacterOffsetEnd>
            <POS>NNP</POS>
          </token>
          <token id="2">
            <word>Shoe</word>
            <lemma>Shoe</lemma>
            <CharacterOffsetBegin>9</CharacterOffsetBegin>
            <CharacterOffsetEnd>13</CharacterOffsetEnd>
            <POS>NNP</POS>
          </token>
          <token id="3">
            <word>Index</word>
            <lemma>Index</lemma>
            <CharacterOffsetBegin>14</CharacterOffsetBegin>
            <CharacterOffsetEnd>19</CharacterOffsetEnd>
            <POS>NNP</POS>
          </token>
        </tokens>
      </sentence>
      <sentence id="2">
        <tokens>
          <token id="1">
            <word>I</word>
            <lemma>I</lemma>
            <CharacterOffsetBegin>21</CharacterOffsetBegin>
            <CharacterOffsetEnd>22</CharacterOffsetEnd>
            <POS>PRP</POS>
          </token>
          <token id="2">
            <word>'ve</word>
            <lemma>have</lemma>
            <CharacterOffsetBegin>22</CharacterOffsetBegin>
            <CharacterOffsetEnd>25</CharacterOffsetEnd>
            <POS>VBP</POS>
          </token>
          <token id="3">
            <word>always</word>
            <lemma>always</lemma>
            <CharacterOffsetBegin>26</CharacterOffsetBegin>
            <CharacterOffsetEnd>32</CharacterOffsetEnd>
            <POS>RB</POS>
          </token>
          <token id="4">
            <word>considered</word>
            <lemma>consider</lemma>
            <CharacterOffsetBegin>33</CharacterOffsetBegin>
            <CharacterOffsetEnd>43</CharacterOffsetEnd>
            <POS>VBN</POS>
          </token>
          <token id="5">
            <word>shoe</word>
            <lemma>shoe</lemma>
            <CharacterOffsetBegin>44</CharacterOffsetBegin>
            <CharacterOffsetEnd>48</CharacterOffsetEnd>
            <POS>NN</POS>
          </token>
          <token id="6">
            <word>catalogs</word>
            <lemma>catalog</lemma>
            <CharacterOffsetBegin>49</CharacterOffsetBegin>
            <CharacterOffsetEnd>57</CharacterOffsetEnd>
            <POS>NNS</POS>
          </token>
          <token id="7">
            <word>to</word>
            <lemma>to</lemma>
            <CharacterOffsetBegin>58</CharacterOffsetBegin>
            <CharacterOffsetEnd>60</CharacterOffsetEnd>
            <POS>TO</POS>
          </token>
          <token id="8">
            <word>be</word>
            <lemma>be</lemma>
            <CharacterOffsetBegin>61</CharacterOffsetBegin>
            <CharacterOffsetEnd>63</CharacterOffsetEnd>
            <POS>VB</POS>
          </token>
          <token id="9">
            <word>a</word>
            <lemma>a</lemma>
            <CharacterOffsetBegin>64</CharacterOffsetBegin>
            <CharacterOffsetEnd>65</CharacterOffsetEnd>
            <POS>DT</POS>
          </token>
          <token id="10">
            <word>relatively</word>
            <lemma>relatively</lemma>
            <CharacterOffsetBegin>66</CharacterOffsetBegin>
            <CharacterOffsetEnd>76</CharacterOffsetEnd>
            <POS>RB</POS>
          </token>
          <token id="11">
            <word>safe</word>
            <lemma>safe</lemma>
            <CharacterOffsetBegin>77</CharacterOffsetBegin>
            <CharacterOffsetEnd>81</CharacterOffsetEnd>
            <POS>JJ</POS>
          </token>
          <token id="12">
            <word>pleasure</word>
            <lemma>pleasure</lemma>
            <CharacterOffsetBegin>82</CharacterOffsetBegin>
            <CharacterOffsetEnd>90</CharacterOffsetEnd>
            <POS>NN</POS>
          </token>
          <token id="13">
            <word>,</word>
            <lemma>,</lemma>
            <CharacterOffsetBegin>90</CharacterOffsetBegin>
            <CharacterOffsetEnd>91</CharacterOffsetEnd>
            <POS>,</POS>
          </token>
          <token id="14">
            <word>if</word>
            <lemma>if</lemma>
            <CharacterOffsetBegin>92</CharacterOffsetBegin>
            <CharacterOffsetEnd>94</CharacterOffsetEnd>
            <POS>IN</POS>
          </token>
          <token id="15">
            <word>only</word>
            <lemma>only</lemma>
            <CharacterOffsetBegin>95</CharacterOffsetBegin>
            <CharacterOffsetEnd>99</CharacterOffsetEnd>
            <POS>RB</POS>
          </token>
          <token id="16">
            <word>because</word>
            <lemma>because</lemma>
            <CharacterOffsetBegin>100</CharacterOffsetBegin>
            <CharacterOffsetEnd>107</CharacterOffsetEnd>
            <POS>IN</POS>
          </token>
          <token id="17">
            <word>a</word>
            <lemma>a</lemma>
            <CharacterOffsetBegin>108</CharacterOffsetBegin>
            <CharacterOffsetEnd>109</CharacterOffsetEnd>
            <POS>DT</POS>
          </token>
          <token id="18">
            <word>new</word>
            <lemma>new</lemma>
            <CharacterOffsetBegin>110</CharacterOffsetBegin>
            <CharacterOffsetEnd>113</CharacterOffsetEnd>
            <POS>JJ</POS>
          </token>
          <token id="19">
            <word>pair</word>
            <lemma>pair</lemma>
            <CharacterOffsetBegin>114</CharacterOffsetBegin>
            <CharacterOffsetEnd>118</CharacterOffsetEnd>
            <POS>NN</POS>
          </token>
          <token id="20">
            <word>of</word>
            <lemma>of</lemma>
            <CharacterOffsetBegin>119</CharacterOffsetBegin>
            <CharacterOffsetEnd>121</CharacterOffsetEnd>
            <POS>IN</POS>
          </token>
          <token id="21">
            <word>shoes</word>
            <lemma>shoe</lemma>
            <CharacterOffsetBegin>122</CharacterOffsetBegin>
            <CharacterOffsetEnd>127</CharacterOffsetEnd>
            <POS>NNS</POS>
          </token>
          <token id="22">
            <word>-</word>
            <lemma>-</lemma>
            <CharacterOffsetBegin>128</CharacterOffsetBegin>
            <CharacterOffsetEnd>129</CharacterOffsetEnd>
            <POS>:</POS>
          </token>
          <token id="23">
            <word>unlike</word>
            <lemma>unlike</lemma>
            <CharacterOffsetBegin>130</CharacterOffsetBegin>
            <CharacterOffsetEnd>136</CharacterOffsetEnd>
            <POS>IN</POS>
          </token>
          <token id="24">
            <word>new</word>
            <lemma>new</lemma>
            <CharacterOffsetBegin>137</CharacterOffsetBegin>
            <CharacterOffsetEnd>140</CharacterOffsetEnd>
            <POS>JJ</POS>
          </token>
          <token id="25">
            <word>clothes</word>
            <lemma>clothes</lemma>
            <CharacterOffsetBegin>141</CharacterOffsetBegin>
            <CharacterOffsetEnd>148</CharacterOffsetEnd>
            <POS>NNS</POS>
          </token>
          <token id="26">
            <word>-</word>
            <lemma>-</lemma>
            <CharacterOffsetBegin>149</CharacterOffsetBegin>
            <CharacterOffsetEnd>150</CharacterOffsetEnd>
            <POS>:</POS>
          </token>
          <token id="27">
            <word>can</word>
            <lemma>can</lemma>
            <CharacterOffsetBegin>151</CharacterOffsetBegin>
            <CharacterOffsetEnd>154</CharacterOffsetEnd>
            <POS>MD</POS>
          </token>
          <token id="28">
            <word>be</word>
            <lemma>be</lemma>
            <CharacterOffsetBegin>155</CharacterOffsetBegin>
            <CharacterOffsetEnd>157</CharacterOffsetEnd>
            <POS>VB</POS>
          </token>
          <token id="29">
            <word>counted</word>
            <lemma>count</lemma>
            <CharacterOffsetBegin>158</CharacterOffsetBegin>
            <CharacterOffsetEnd>165</CharacterOffsetEnd>
            <POS>VBN</POS>
          </token>
          <token id="30">
            <word>on</word>
            <lemma>on</lemma>
            <CharacterOffsetBegin>166</CharacterOffsetBegin>
            <CharacterOffsetEnd>168</CharacterOffsetEnd>
            <POS>IN</POS>
          </token>
          <token id="31">
            <word>to</word>
            <lemma>to</lemma>
            <CharacterOffsetBegin>169</CharacterOffsetBegin>
            <CharacterOffsetEnd>171</CharacterOffsetEnd>
            <POS>TO</POS>
          </token>
          <token id="32">
            <word>provide</word>
            <lemma>provide</lemma>
            <CharacterOffsetBegin>172</CharacterOffsetBegin>
            <CharacterOffsetEnd>179</CharacterOffsetEnd>
            <POS>VB</POS>
          </token>
          <token id="33">
            <word>a</word>
            <lemma>a</lemma>
            <CharacterOffsetBegin>180</CharacterOffsetBegin>
            <CharacterOffsetEnd>181</CharacterOffsetEnd>
            <POS>DT</POS>
          </token>
          <token id="34">
            <word>jolt</word>
            <lemma>jolt</lemma>
            <CharacterOffsetBegin>182</CharacterOffsetBegin>
            <CharacterOffsetEnd>186</CharacterOffsetEnd>
            <POS>NN</POS>
          </token>
          <token id="35">
            <word>of</word>
            <lemma>of</lemma>
            <CharacterOffsetBegin>187</CharacterOffsetBegin>
            <CharacterOffsetEnd>189</CharacterOffsetEnd>
            <POS>IN</POS>
          </token>
          <token id="36">
            <word>fashion</word>
            <lemma>fashion</lemma>
            <CharacterOffsetBegin>190</CharacterOffsetBegin>
            <CharacterOffsetEnd>197</CharacterOffsetEnd>
            <POS>NN</POS>
          </token>
          <token id="37">
            <word>without</word>
            <lemma>without</lemma>
            <CharacterOffsetBegin>198</CharacterOffsetBegin>
            <CharacterOffsetEnd>205</CharacterOffsetEnd>
            <POS>IN</POS>
          </token>
          <token id="38">
            <word>leaving</word>
            <lemma>leave</lemma>
            <CharacterOffsetBegin>206</CharacterOffsetBegin>
            <CharacterOffsetEnd>213</CharacterOffsetEnd>
            <POS>VBG</POS>
          </token>
          <token id="39">
            <word>one</word>
            <lemma>one</lemma>
            <CharacterOffsetBegin>214</CharacterOffsetBegin>
            <CharacterOffsetEnd>217</CharacterOffsetEnd>
            <POS>CD</POS>
          </token>
          <token id="40">
            <word>breathless</word>
            <lemma>breathless</lemma>
            <CharacterOffsetBegin>218</CharacterOffsetBegin>
            <CharacterOffsetEnd>228</CharacterOffsetEnd>
            <POS>JJ</POS>
          </token>
          <token id="41">
            <word>with</word>
            <lemma>with</lemma>
            <CharacterOffsetBegin>229</CharacterOffsetBegin>
            <CharacterOffsetEnd>233</CharacterOffsetEnd>
            <POS>IN</POS>
          </token>
          <token id="42">
            <word>anxiety</word>
            <lemma>anxiety</lemma>
            <CharacterOffsetBegin>234</CharacterOffsetBegin>
            <CharacterOffsetEnd>241</CharacterOffsetEnd>
            <POS>NN</POS>
          </token>
          <token id="43">
            <word>.</word>
            <lemma>.</lemma>
            <CharacterOffsetBegin>241</CharacterOffsetBegin>
            <CharacterOffsetEnd>242</CharacterOffsetEnd>
            <POS>.</POS>
          </token>
        </tokens>
      </sentence>
      <sentence id="3">
        <tokens>
          <token id="1">
            <word>Or</word>
            <lemma>or</lemma>
            <CharacterOffsetBegin>243</CharacterOffsetBegin>
            <CharacterOffsetEnd>245</CharacterOffsetEnd>
            <POS>CC</POS>
          </token>
          <token id="2">
            <word>so</word>
            <lemma>so</lemma>
            <CharacterOffsetBegin>246</CharacterOffsetBegin>
            <CharacterOffsetEnd>248</CharacterOffsetEnd>
            <POS>IN</POS>
          </token>
          <token id="3">
            <word>it</word>
            <lemma>it</lemma>
            <CharacterOffsetBegin>249</CharacterOffsetBegin>
            <CharacterOffsetEnd>251</CharacterOffsetEnd>
            <POS>PRP</POS>
          </token>
          <token id="4">
            <word>used</word>
            <lemma>use</lemma>
            <CharacterOffsetBegin>252</CharacterOffsetBegin>
            <CharacterOffsetEnd>256</CharacterOffsetEnd>
            <POS>VBD</POS>
          </token>
          <token id="5">
            <word>to</word>
            <lemma>to</lemma>
            <CharacterOffsetBegin>257</CharacterOffsetBegin>
            <CharacterOffsetEnd>259</CharacterOffsetEnd>
            <POS>TO</POS>
          </token>
          <token id="6">
            <word>be</word>
            <lemma>be</lemma>
            <CharacterOffsetBegin>260</CharacterOffsetBegin>
            <CharacterOffsetEnd>262</CharacterOffsetEnd>
            <POS>VB</POS>
          </token>
          <token id="7">
            <word>until</word>
            <lemma>until</lemma>
            <CharacterOffsetBegin>263</CharacterOffsetBegin>
            <CharacterOffsetEnd>268</CharacterOffsetEnd>
            <POS>IN</POS>
          </token>
          <token id="8">
            <word>the</word>
            <lemma>the</lemma>
            <CharacterOffsetBegin>269</CharacterOffsetBegin>
            <CharacterOffsetEnd>272</CharacterOffsetEnd>
            <POS>DT</POS>
          </token>
          <token id="9">
            <word>appearance</word>
            <lemma>appearance</lemma>
            <CharacterOffsetBegin>273</CharacterOffsetBegin>
            <CharacterOffsetEnd>283</CharacterOffsetEnd>
            <POS>NN</POS>
          </token>
          <token id="10">
            <word>of</word>
            <lemma>of</lemma>
            <CharacterOffsetBegin>284</CharacterOffsetBegin>
            <CharacterOffsetEnd>286</CharacterOffsetEnd>
            <POS>IN</POS>
          </token>
          <token id="11">
            <word>Bergdorf</word>
            <lemma>Bergdorf</lemma>
            <CharacterOffsetBegin>287</CharacterOffsetBegin>
            <CharacterOffsetEnd>295</CharacterOffsetEnd>
            <POS>NNP</POS>
          </token>
          <token id="12">
            <word>Goodman</word>
            <lemma>Goodman</lemma>
            <CharacterOffsetBegin>296</CharacterOffsetBegin>
            <CharacterOffsetEnd>303</CharacterOffsetEnd>
            <POS>NNP</POS>
          </token>
          <token id="13">
            <word>'s</word>
            <lemma>'s</lemma>
            <CharacterOffsetBegin>303</CharacterOffsetBegin>
            <CharacterOffsetEnd>305</CharacterOffsetEnd>
            <POS>POS</POS>
          </token>
          <token id="14">
            <word>spring</word>
            <lemma>spring</lemma>
            <CharacterOffsetBegin>306</CharacterOffsetBegin>
            <CharacterOffsetEnd>312</CharacterOffsetEnd>
            <POS>NN</POS>
          </token>
          <token id="15">
            <word>shoe</word>
            <lemma>shoe</lemma>
            <CharacterOffsetBegin>313</CharacterOffsetBegin>
            <CharacterOffsetEnd>317</CharacterOffsetEnd>
            <POS>NN</POS>
          </token>
          <token id="16">
            <word>catalog</word>
            <lemma>catalog</lemma>
            <CharacterOffsetBegin>318</CharacterOffsetBegin>
            <CharacterOffsetEnd>325</CharacterOffsetEnd>
            <POS>NN</POS>
          </token>
          <token id="17">
            <word>.</word>
            <lemma>.</lemma>
            <CharacterOffsetBegin>325</CharacterOffsetBegin>
            <CharacterOffsetEnd>326</CharacterOffsetEnd>
            <POS>.</POS>
          </token>
        </tokens>
      </sentence>
      <sentence id="4">
        <tokens>
          <token id="1">
            <word>From</word>
            <lemma>from</lemma>
            <CharacterOffsetBegin>327</CharacterOffsetBegin>
            <CharacterOffsetEnd>331</CharacterOffsetEnd>
            <POS>IN</POS>
          </token>
          <token id="2">
            <word>the</word>
            <lemma>the</lemma>
            <CharacterOffsetBegin>332</CharacterOffsetBegin>
            <CharacterOffsetEnd>335</CharacterOffsetEnd>
            <POS>DT</POS>
          </token>
          <token id="3">
            <word>first</word>
            <lemma>first</lemma>
            <CharacterOffsetBegin>336</CharacterOffsetBegin>
            <CharacterOffsetEnd>341</CharacterOffsetEnd>
            <POS>JJ</POS>
          </token>
          <token id="4">
            <word>item</word>
            <lemma>item</lemma>
            <CharacterOffsetBegin>342</CharacterOffsetBegin>
            <CharacterOffsetEnd>346</CharacterOffsetEnd>
            <POS>NN</POS>
          </token>
          <token id="5">
            <word>on</word>
            <lemma>on</lemma>
            <CharacterOffsetBegin>347</CharacterOffsetBegin>
            <CharacterOffsetEnd>349</CharacterOffsetEnd>
            <POS>IN</POS>
          </token>
          <token id="6">
            <word>,</word>
            <lemma>,</lemma>
            <CharacterOffsetBegin>349</CharacterOffsetBegin>
            <CharacterOffsetEnd>350</CharacterOffsetEnd>
            <POS>,</POS>
          </token>
          <token id="7">
            <word>which</word>
            <lemma>which</lemma>
            <CharacterOffsetBegin>351</CharacterOffsetBegin>
            <CharacterOffsetEnd>356</CharacterOffsetEnd>
            <POS>WDT</POS>
          </token>
          <token id="8">
            <word>is</word>
            <lemma>be</lemma>
            <CharacterOffsetBegin>357</CharacterOffsetBegin>
            <CharacterOffsetEnd>359</CharacterOffsetEnd>
            <POS>VBZ</POS>
          </token>
          <token id="9">
            <word>a</word>
            <lemma>a</lemma>
            <CharacterOffsetBegin>360</CharacterOffsetBegin>
            <CharacterOffsetEnd>361</CharacterOffsetEnd>
            <POS>DT</POS>
          </token>
          <token id="10">
            <word>crazy</word>
            <lemma>crazy</lemma>
            <CharacterOffsetBegin>362</CharacterOffsetBegin>
            <CharacterOffsetEnd>367</CharacterOffsetEnd>
            <POS>JJ</POS>
          </token>
          <token id="11">
            <word>quilt</word>
            <lemma>quilt</lemma>
            <CharacterOffsetBegin>368</CharacterOffsetBegin>
            <CharacterOffsetEnd>373</CharacterOffsetEnd>
            <POS>NN</POS>
          </token>
          <token id="12">
            <word>of</word>
            <lemma>of</lemma>
            <CharacterOffsetBegin>374</CharacterOffsetBegin>
            <CharacterOffsetEnd>376</CharacterOffsetEnd>
            <POS>IN</POS>
          </token>
          <token id="13">
            <word>a</word>
            <lemma>a</lemma>
            <CharacterOffsetBegin>377</CharacterOffsetBegin>
            <CharacterOffsetEnd>378</CharacterOffsetEnd>
            <POS>DT</POS>
          </token>
          <token id="14">
            <word>Dries</word>
            <lemma>Dries</lemma>
            <CharacterOffsetBegin>379</CharacterOffsetBegin>
            <CharacterOffsetEnd>384</CharacterOffsetEnd>
            <POS>NNP</POS>
          </token>
          <token id="15">
            <word>van</word>
            <lemma>van</lemma>
            <CharacterOffsetBegin>385</CharacterOffsetBegin>
            <CharacterOffsetEnd>388</CharacterOffsetEnd>
            <POS>NNP</POS>
          </token>
          <token id="16">
            <word>Noten</word>
            <lemma>Noten</lemma>
            <CharacterOffsetBegin>389</CharacterOffsetBegin>
            <CharacterOffsetEnd>394</CharacterOffsetEnd>
            <POS>NNP</POS>
          </token>
          <token id="17">
            <word>sandal</word>
            <lemma>sandal</lemma>
            <CharacterOffsetBegin>395</CharacterOffsetBegin>
            <CharacterOffsetEnd>401</CharacterOffsetEnd>
            <POS>NN</POS>
          </token>
          <token id="18">
            <word>that</word>
            <lemma>that</lemma>
            <CharacterOffsetBegin>402</CharacterOffsetBegin>
            <CharacterOffsetEnd>406</CharacterOffsetEnd>
            <POS>WDT</POS>
          </token>
          <token id="19">
            <word>rings</word>
            <lemma>ring</lemma>
            <CharacterOffsetBegin>407</CharacterOffsetBegin>
            <CharacterOffsetEnd>412</CharacterOffsetEnd>
            <POS>VBZ</POS>
          </token>
          <token id="20">
            <word>in</word>
            <lemma>in</lemma>
            <CharacterOffsetBegin>413</CharacterOffsetBegin>
            <CharacterOffsetEnd>415</CharacterOffsetEnd>
            <POS>IN</POS>
          </token>
          <token id="21">
            <word>at</word>
            <lemma>at</lemma>
            <CharacterOffsetBegin>416</CharacterOffsetBegin>
            <CharacterOffsetEnd>418</CharacterOffsetEnd>
            <POS>IN</POS>
          </token>
          <token id="22">
            <word>$</word>
            <lemma>$</lemma>
            <CharacterOffsetBegin>419</CharacterOffsetBegin>
            <CharacterOffsetEnd>420</CharacterOffsetEnd>
            <POS>$</POS>
          </token>
          <token id="23">
            <word>920</word>
            <lemma>920</lemma>
            <CharacterOffsetBegin>420</CharacterOffsetBegin>
            <CharacterOffsetEnd>423</CharacterOffsetEnd>
            <POS>CD</POS>
          </token>
          <token id="24">
            <word>,</word>
            <lemma>,</lemma>
            <CharacterOffsetBegin>423</CharacterOffsetBegin>
            <CharacterOffsetEnd>424</CharacterOffsetEnd>
            <POS>,</POS>
          </token>
          <token id="25">
            <word>it</word>
            <lemma>it</lemma>
            <CharacterOffsetBegin>425</CharacterOffsetBegin>
            <CharacterOffsetEnd>427</CharacterOffsetEnd>
            <POS>PRP</POS>
          </token>
          <token id="26">
            <word>is</word>
            <lemma>be</lemma>
            <CharacterOffsetBegin>428</CharacterOffsetBegin>
            <CharacterOffsetEnd>430</CharacterOffsetEnd>
            <POS>VBZ</POS>
          </token>
          <token id="27">
            <word>clear</word>
            <lemma>clear</lemma>
            <CharacterOffsetBegin>431</CharacterOffsetBegin>
            <CharacterOffsetEnd>436</CharacterOffsetEnd>
            <POS>JJ</POS>
          </token>
          <token id="28">
            <word>that</word>
            <lemma>that</lemma>
            <CharacterOffsetBegin>437</CharacterOffsetBegin>
            <CharacterOffsetEnd>441</CharacterOffsetEnd>
            <POS>IN</POS>
          </token>
          <token id="29">
            <word>one</word>
            <lemma>one</lemma>
            <CharacterOffsetBegin>442</CharacterOffsetBegin>
            <CharacterOffsetEnd>445</CharacterOffsetEnd>
            <POS>CD</POS>
          </token>
          <token id="30">
            <word>should</word>
            <lemma>should</lemma>
            <CharacterOffsetBegin>446</CharacterOffsetBegin>
            <CharacterOffsetEnd>452</CharacterOffsetEnd>
            <POS>MD</POS>
          </token>
          <token id="31">
            <word>beware</word>
            <lemma>beware</lemma>
            <CharacterOffsetBegin>453</CharacterOffsetBegin>
            <CharacterOffsetEnd>459</CharacterOffsetEnd>
            <POS>VB</POS>
          </token>
          <token id="32">
            <word>all</word>
            <lemma>all</lemma>
            <CharacterOffsetBegin>460</CharacterOffsetBegin>
            <CharacterOffsetEnd>463</CharacterOffsetEnd>
            <POS>DT</POS>
          </token>
          <token id="33">
            <word>enterprises</word>
            <lemma>enterprise</lemma>
            <CharacterOffsetBegin>464</CharacterOffsetBegin>
            <CharacterOffsetEnd>475</CharacterOffsetEnd>
            <POS>NNS</POS>
          </token>
          <token id="34">
            <word>requiring</word>
            <lemma>require</lemma>
            <CharacterOffsetBegin>476</CharacterOffsetBegin>
            <CharacterOffsetEnd>485</CharacterOffsetEnd>
            <POS>VBG</POS>
          </token>
          <token id="35">
            <word>new</word>
            <lemma>new</lemma>
            <CharacterOffsetBegin>486</CharacterOffsetBegin>
            <CharacterOffsetEnd>489</CharacterOffsetEnd>
            <POS>JJ</POS>
          </token>
          <token id="36">
            <word>shoes</word>
            <lemma>shoe</lemma>
            <CharacterOffsetBegin>490</CharacterOffsetBegin>
            <CharacterOffsetEnd>495</CharacterOffsetEnd>
            <POS>NNS</POS>
          </token>
          <token id="37">
            <word>.</word>
            <lemma>.</lemma>
            <CharacterOffsetBegin>496</CharacterOffsetBegin>
            <CharacterOffsetEnd>497</CharacterOffsetEnd>
            <POS>.</POS>
          </token>
        </tokens>
      </sentence>
      <sentence id="5">
        <tokens>
          <token id="1">
            <word>Which</word>
            <lemma>which</lemma>
            <CharacterOffsetBegin>498</CharacterOffsetBegin>
            <CharacterOffsetEnd>503</CharacterOffsetEnd>
            <POS>WDT</POS>
          </token>
          <token id="2">
            <word>is</word>
            <lemma>be</lemma>
            <CharacterOffsetBegin>504</CharacterOffsetBegin>
            <CharacterOffsetEnd>506</CharacterOffsetEnd>
            <POS>VBZ</POS>
          </token>
          <token id="3">
            <word>not</word>
            <lemma>not</lemma>
            <CharacterOffsetBegin>507</CharacterOffsetBegin>
            <CharacterOffsetEnd>510</CharacterOffsetEnd>
            <POS>RB</POS>
          </token>
          <token id="4">
            <word>to</word>
            <lemma>to</lemma>
            <CharacterOffsetBegin>511</CharacterOffsetBegin>
            <CharacterOffsetEnd>513</CharacterOffsetEnd>
            <POS>TO</POS>
          </token>
          <token id="5">
            <word>say</word>
            <lemma>say</lemma>
            <CharacterOffsetBegin>514</CharacterOffsetBegin>
            <CharacterOffsetEnd>517</CharacterOffsetEnd>
            <POS>VB</POS>
          </token>
          <token id="6">
            <word>that</word>
            <lemma>that</lemma>
            <CharacterOffsetBegin>518</CharacterOffsetBegin>
            <CharacterOffsetEnd>522</CharacterOffsetEnd>
            <POS>IN</POS>
          </token>
          <token id="7">
            <word>there</word>
            <lemma>there</lemma>
            <CharacterOffsetBegin>523</CharacterOffsetBegin>
            <CharacterOffsetEnd>528</CharacterOffsetEnd>
            <POS>EX</POS>
          </token>
          <token id="8">
            <word>is</word>
            <lemma>be</lemma>
            <CharacterOffsetBegin>529</CharacterOffsetBegin>
            <CharacterOffsetEnd>531</CharacterOffsetEnd>
            <POS>VBZ</POS>
          </token>
          <token id="9">
            <word>n't</word>
            <lemma>not</lemma>
            <CharacterOffsetBegin>531</CharacterOffsetBegin>
            <CharacterOffsetEnd>534</CharacterOffsetEnd>
            <POS>RB</POS>
          </token>
          <token id="10">
            <word>the</word>
            <lemma>the</lemma>
            <CharacterOffsetBegin>535</CharacterOffsetBegin>
            <CharacterOffsetEnd>538</CharacterOffsetEnd>
            <POS>DT</POS>
          </token>
          <token id="11">
            <word>occasional</word>
            <lemma>occasional</lemma>
            <CharacterOffsetBegin>539</CharacterOffsetBegin>
            <CharacterOffsetEnd>549</CharacterOffsetEnd>
            <POS>JJ</POS>
          </token>
          <token id="12">
            <word>bargain</word>
            <lemma>bargain</lemma>
            <CharacterOffsetBegin>550</CharacterOffsetBegin>
            <CharacterOffsetEnd>557</CharacterOffsetEnd>
            <POS>NN</POS>
          </token>
          <token id="13">
            <word>,</word>
            <lemma>,</lemma>
            <CharacterOffsetBegin>557</CharacterOffsetBegin>
            <CharacterOffsetEnd>558</CharacterOffsetEnd>
            <POS>,</POS>
          </token>
          <token id="14">
            <word>such</word>
            <lemma>such</lemma>
            <CharacterOffsetBegin>559</CharacterOffsetBegin>
            <CharacterOffsetEnd>563</CharacterOffsetEnd>
            <POS>JJ</POS>
          </token>
          <token id="15">
            <word>as</word>
            <lemma>as</lemma>
            <CharacterOffsetBegin>564</CharacterOffsetBegin>
            <CharacterOffsetEnd>566</CharacterOffsetEnd>
            <POS>IN</POS>
          </token>
          <token id="16">
            <word>a</word>
            <lemma>a</lemma>
            <CharacterOffsetBegin>567</CharacterOffsetBegin>
            <CharacterOffsetEnd>568</CharacterOffsetEnd>
            <POS>DT</POS>
          </token>
          <token id="17">
            <word>Manolo</word>
            <lemma>Manolo</lemma>
            <CharacterOffsetBegin>569</CharacterOffsetBegin>
            <CharacterOffsetEnd>575</CharacterOffsetEnd>
            <POS>NNP</POS>
          </token>
          <token id="18">
            <word>Blahnik</word>
            <lemma>Blahnik</lemma>
            <CharacterOffsetBegin>576</CharacterOffsetBegin>
            <CharacterOffsetEnd>583</CharacterOffsetEnd>
            <POS>NNP</POS>
          </token>
          <token id="19">
            <word>ballet</word>
            <lemma>ballet</lemma>
            <CharacterOffsetBegin>584</CharacterOffsetBegin>
            <CharacterOffsetEnd>590</CharacterOffsetEnd>
            <POS>JJ</POS>
          </token>
          <token id="20">
            <word>flat</word>
            <lemma>flat</lemma>
            <CharacterOffsetBegin>591</CharacterOffsetBegin>
            <CharacterOffsetEnd>595</CharacterOffsetEnd>
            <POS>JJ</POS>
          </token>
          <token id="21">
            <word>for</word>
            <lemma>for</lemma>
            <CharacterOffsetBegin>596</CharacterOffsetBegin>
            <CharacterOffsetEnd>599</CharacterOffsetEnd>
            <POS>IN</POS>
          </token>
          <token id="22">
            <word>$</word>
            <lemma>$</lemma>
            <CharacterOffsetBegin>600</CharacterOffsetBegin>
            <CharacterOffsetEnd>601</CharacterOffsetEnd>
            <POS>$</POS>
          </token>
          <token id="23">
            <word>665</word>
            <lemma>665</lemma>
            <CharacterOffsetBegin>601</CharacterOffsetBegin>
            <CharacterOffsetEnd>604</CharacterOffsetEnd>
            <POS>CD</POS>
          </token>
          <token id="24">
            <word>-LRB-</word>
            <lemma>-lrb-</lemma>
            <CharacterOffsetBegin>605</CharacterOffsetBegin>
            <CharacterOffsetEnd>606</CharacterOffsetEnd>
            <POS>-LRB-</POS>
          </token>
          <token id="25">
            <word>!</word>
            <lemma>!</lemma>
            <CharacterOffsetBegin>606</CharacterOffsetBegin>
            <CharacterOffsetEnd>607</CharacterOffsetEnd>
            <POS>.</POS>
          </token>
          <token id="26">
            <word>-RRB-</word>
            <lemma>-rrb-</lemma>
            <CharacterOffsetBegin>607</CharacterOffsetBegin>
            <CharacterOffsetEnd>608</CharacterOffsetEnd>
            <POS>-RRB-</POS>
          </token>
        </tokens>
      </sentence>
      <sentence id="6">
        <tokens>
          <token id="1">
            <word>But</word>
            <lemma>but</lemma>
            <CharacterOffsetBegin>609</CharacterOffsetBegin>
            <CharacterOffsetEnd>612</CharacterOffsetEnd>
            <POS>CC</POS>
          </token>
          <token id="2">
            <word>if</word>
            <lemma>if</lemma>
            <CharacterOffsetBegin>613</CharacterOffsetBegin>
            <CharacterOffsetEnd>615</CharacterOffsetEnd>
            <POS>IN</POS>
          </token>
          <token id="3">
            <word>you</word>
            <lemma>you</lemma>
            <CharacterOffsetBegin>616</CharacterOffsetBegin>
            <CharacterOffsetEnd>619</CharacterOffsetEnd>
            <POS>PRP</POS>
          </token>
          <token id="4">
            <word>'re</word>
            <lemma>be</lemma>
            <CharacterOffsetBegin>619</CharacterOffsetBegin>
            <CharacterOffsetEnd>622</CharacterOffsetEnd>
            <POS>VBP</POS>
          </token>
          <token id="5">
            <word>looking</word>
            <lemma>look</lemma>
            <CharacterOffsetBegin>623</CharacterOffsetBegin>
            <CharacterOffsetEnd>630</CharacterOffsetEnd>
            <POS>VBG</POS>
          </token>
          <token id="6">
            <word>for</word>
            <lemma>for</lemma>
            <CharacterOffsetBegin>631</CharacterOffsetBegin>
            <CharacterOffsetEnd>634</CharacterOffsetEnd>
            <POS>IN</POS>
          </token>
          <token id="7">
            <word>the</word>
            <lemma>the</lemma>
            <CharacterOffsetBegin>635</CharacterOffsetBegin>
            <CharacterOffsetEnd>638</CharacterOffsetEnd>
            <POS>DT</POS>
          </token>
          <token id="8">
            <word>kind</word>
            <lemma>kind</lemma>
            <CharacterOffsetBegin>639</CharacterOffsetBegin>
            <CharacterOffsetEnd>643</CharacterOffsetEnd>
            <POS>NN</POS>
          </token>
          <token id="9">
            <word>of</word>
            <lemma>of</lemma>
            <CharacterOffsetBegin>644</CharacterOffsetBegin>
            <CharacterOffsetEnd>646</CharacterOffsetEnd>
            <POS>IN</POS>
          </token>
          <token id="10">
            <word>footwear</word>
            <lemma>footwear</lemma>
            <CharacterOffsetBegin>647</CharacterOffsetBegin>
            <CharacterOffsetEnd>655</CharacterOffsetEnd>
            <POS>NN</POS>
          </token>
          <token id="11">
            <word>that</word>
            <lemma>that</lemma>
            <CharacterOffsetBegin>656</CharacterOffsetBegin>
            <CharacterOffsetEnd>660</CharacterOffsetEnd>
            <POS>WDT</POS>
          </token>
          <token id="12">
            <word>will</word>
            <lemma>will</lemma>
            <CharacterOffsetBegin>661</CharacterOffsetBegin>
            <CharacterOffsetEnd>665</CharacterOffsetEnd>
            <POS>MD</POS>
          </token>
          <token id="13">
            <word>knock</word>
            <lemma>knock</lemma>
            <CharacterOffsetBegin>666</CharacterOffsetBegin>
            <CharacterOffsetEnd>671</CharacterOffsetEnd>
            <POS>VB</POS>
          </token>
          <token id="14">
            <word>somebody</word>
            <lemma>somebody</lemma>
            <CharacterOffsetBegin>672</CharacterOffsetBegin>
            <CharacterOffsetEnd>680</CharacterOffsetEnd>
            <POS>NN</POS>
          </token>
          <token id="15">
            <word>'s</word>
            <lemma>'s</lemma>
            <CharacterOffsetBegin>680</CharacterOffsetBegin>
            <CharacterOffsetEnd>682</CharacterOffsetEnd>
            <POS>POS</POS>
          </token>
          <token id="16">
            <word>socks</word>
            <lemma>sock</lemma>
            <CharacterOffsetBegin>683</CharacterOffsetBegin>
            <CharacterOffsetEnd>688</CharacterOffsetEnd>
            <POS>NNS</POS>
          </token>
          <token id="17">
            <word>off</word>
            <lemma>off</lemma>
            <CharacterOffsetBegin>689</CharacterOffsetBegin>
            <CharacterOffsetEnd>692</CharacterOffsetEnd>
            <POS>RP</POS>
          </token>
          <token id="18">
            <word>-LRB-</word>
            <lemma>-lrb-</lemma>
            <CharacterOffsetBegin>693</CharacterOffsetBegin>
            <CharacterOffsetEnd>694</CharacterOffsetEnd>
            <POS>-LRB-</POS>
          </token>
          <token id="19">
            <word>e.g.</word>
            <lemma>e.g.</lemma>
            <CharacterOffsetBegin>694</CharacterOffsetBegin>
            <CharacterOffsetEnd>698</CharacterOffsetEnd>
            <POS>FW</POS>
          </token>
          <token id="20">
            <word>,</word>
            <lemma>,</lemma>
            <CharacterOffsetBegin>698</CharacterOffsetBegin>
            <CharacterOffsetEnd>699</CharacterOffsetEnd>
            <POS>,</POS>
          </token>
          <token id="21">
            <word>Azzedine</word>
            <lemma>Azzedine</lemma>
            <CharacterOffsetBegin>700</CharacterOffsetBegin>
            <CharacterOffsetEnd>708</CharacterOffsetEnd>
            <POS>NNP</POS>
          </token>
          <token id="22">
            <word>Alaïa</word>
            <lemma>Alaïa</lemma>
            <CharacterOffsetBegin>709</CharacterOffsetBegin>
            <CharacterOffsetEnd>714</CharacterOffsetEnd>
            <POS>NNP</POS>
          </token>
          <token id="23">
            <word>'s</word>
            <lemma>'s</lemma>
            <CharacterOffsetBegin>714</CharacterOffsetBegin>
            <CharacterOffsetEnd>716</CharacterOffsetEnd>
            <POS>POS</POS>
          </token>
          <token id="24">
            <word>bootie</word>
            <lemma>bootie</lemma>
            <CharacterOffsetBegin>717</CharacterOffsetBegin>
            <CharacterOffsetEnd>723</CharacterOffsetEnd>
            <POS>NN</POS>
          </token>
          <token id="25">
            <word>,</word>
            <lemma>,</lemma>
            <CharacterOffsetBegin>723</CharacterOffsetBegin>
            <CharacterOffsetEnd>724</CharacterOffsetEnd>
            <POS>,</POS>
          </token>
          <token id="26">
            <word>above</word>
            <lemma>above</lemma>
            <CharacterOffsetBegin>725</CharacterOffsetBegin>
            <CharacterOffsetEnd>730</CharacterOffsetEnd>
            <POS>IN</POS>
          </token>
          <token id="27">
            <word>-RRB-</word>
            <lemma>-rrb-</lemma>
            <CharacterOffsetBegin>730</CharacterOffsetBegin>
            <CharacterOffsetEnd>731</CharacterOffsetEnd>
            <POS>-RRB-</POS>
          </token>
          <token id="28">
            <word>,</word>
            <lemma>,</lemma>
            <CharacterOffsetBegin>731</CharacterOffsetBegin>
            <CharacterOffsetEnd>732</CharacterOffsetEnd>
            <POS>,</POS>
          </token>
          <token id="29">
            <word>the</word>
            <lemma>the</lemma>
            <CharacterOffsetBegin>733</CharacterOffsetBegin>
            <CharacterOffsetEnd>736</CharacterOffsetEnd>
            <POS>DT</POS>
          </token>
          <token id="30">
            <word>new</word>
            <lemma>new</lemma>
            <CharacterOffsetBegin>737</CharacterOffsetBegin>
            <CharacterOffsetEnd>740</CharacterOffsetEnd>
            <POS>JJ</POS>
          </token>
          <token id="31">
            <word>normal</word>
            <lemma>normal</lemma>
            <CharacterOffsetBegin>741</CharacterOffsetBegin>
            <CharacterOffsetEnd>747</CharacterOffsetEnd>
            <POS>JJ</POS>
          </token>
          <token id="32">
            <word>hovers</word>
            <lemma>hover</lemma>
            <CharacterOffsetBegin>748</CharacterOffsetBegin>
            <CharacterOffsetEnd>754</CharacterOffsetEnd>
            <POS>NNS</POS>
          </token>
          <token id="33">
            <word>around</word>
            <lemma>around</lemma>
            <CharacterOffsetBegin>755</CharacterOffsetBegin>
            <CharacterOffsetEnd>761</CharacterOffsetEnd>
            <POS>IN</POS>
          </token>
          <token id="34">
            <word>$</word>
            <lemma>$</lemma>
            <CharacterOffsetBegin>762</CharacterOffsetBegin>
            <CharacterOffsetEnd>763</CharacterOffsetEnd>
            <POS>$</POS>
          </token>
          <token id="35">
            <word>2,000</word>
            <lemma>2,000</lemma>
            <CharacterOffsetBegin>763</CharacterOffsetBegin>
            <CharacterOffsetEnd>768</CharacterOffsetEnd>
            <POS>CD</POS>
          </token>
          <token id="36">
            <word>.</word>
            <lemma>.</lemma>
            <CharacterOffsetBegin>768</CharacterOffsetBegin>
            <CharacterOffsetEnd>769</CharacterOffsetEnd>
            <POS>.</POS>
          </token>
        </tokens>
      </sentence>
      <sentence id="7">
        <tokens>
          <token id="1">
            <word>And</word>
            <lemma>and</lemma>
            <CharacterOffsetBegin>770</CharacterOffsetBegin>
            <CharacterOffsetEnd>773</CharacterOffsetEnd>
            <POS>CC</POS>
          </token>
          <token id="2">
            <word>then</word>
            <lemma>then</lemma>
            <CharacterOffsetBegin>774</CharacterOffsetBegin>
            <CharacterOffsetEnd>778</CharacterOffsetEnd>
            <POS>RB</POS>
          </token>
          <token id="3">
            <word>there</word>
            <lemma>there</lemma>
            <CharacterOffsetBegin>779</CharacterOffsetBegin>
            <CharacterOffsetEnd>784</CharacterOffsetEnd>
            <POS>EX</POS>
          </token>
          <token id="4">
            <word>'s</word>
            <lemma>be</lemma>
            <CharacterOffsetBegin>784</CharacterOffsetBegin>
            <CharacterOffsetEnd>786</CharacterOffsetEnd>
            <POS>VBZ</POS>
          </token>
          <token id="5">
            <word>Alexander</word>
            <lemma>Alexander</lemma>
            <CharacterOffsetBegin>787</CharacterOffsetBegin>
            <CharacterOffsetEnd>796</CharacterOffsetEnd>
            <POS>NNP</POS>
          </token>
          <token id="6">
            <word>McQueen</word>
            <lemma>McQueen</lemma>
            <CharacterOffsetBegin>797</CharacterOffsetBegin>
            <CharacterOffsetEnd>804</CharacterOffsetEnd>
            <POS>NNP</POS>
          </token>
          <token id="7">
            <word>'s</word>
            <lemma>'s</lemma>
            <CharacterOffsetBegin>804</CharacterOffsetBegin>
            <CharacterOffsetEnd>806</CharacterOffsetEnd>
            <POS>POS</POS>
          </token>
          <token id="8">
            <word>gold</word>
            <lemma>gold</lemma>
            <CharacterOffsetBegin>807</CharacterOffsetBegin>
            <CharacterOffsetEnd>811</CharacterOffsetEnd>
            <POS>NN</POS>
          </token>
          <token id="9">
            <word>T-strap</word>
            <lemma>t-strap</lemma>
            <CharacterOffsetBegin>812</CharacterOffsetBegin>
            <CharacterOffsetEnd>819</CharacterOffsetEnd>
            <POS>JJ</POS>
          </token>
          <token id="10">
            <word>wedge</word>
            <lemma>wedge</lemma>
            <CharacterOffsetBegin>820</CharacterOffsetBegin>
            <CharacterOffsetEnd>825</CharacterOffsetEnd>
            <POS>NN</POS>
          </token>
          <token id="11">
            <word>,</word>
            <lemma>,</lemma>
            <CharacterOffsetBegin>825</CharacterOffsetBegin>
            <CharacterOffsetEnd>826</CharacterOffsetEnd>
            <POS>,</POS>
          </token>
          <token id="12">
            <word>set</word>
            <lemma>set</lemma>
            <CharacterOffsetBegin>827</CharacterOffsetBegin>
            <CharacterOffsetEnd>830</CharacterOffsetEnd>
            <POS>VBN</POS>
          </token>
          <token id="13">
            <word>on</word>
            <lemma>on</lemma>
            <CharacterOffsetBegin>831</CharacterOffsetBegin>
            <CharacterOffsetEnd>833</CharacterOffsetEnd>
            <POS>IN</POS>
          </token>
          <token id="14">
            <word>a</word>
            <lemma>a</lemma>
            <CharacterOffsetBegin>834</CharacterOffsetBegin>
            <CharacterOffsetEnd>835</CharacterOffsetEnd>
            <POS>DT</POS>
          </token>
          <token id="15">
            <word>heel</word>
            <lemma>heel</lemma>
            <CharacterOffsetBegin>836</CharacterOffsetBegin>
            <CharacterOffsetEnd>840</CharacterOffsetEnd>
            <POS>NN</POS>
          </token>
          <token id="16">
            <word>that</word>
            <lemma>that</lemma>
            <CharacterOffsetBegin>841</CharacterOffsetBegin>
            <CharacterOffsetEnd>845</CharacterOffsetEnd>
            <POS>WDT</POS>
          </token>
          <token id="17">
            <word>'s</word>
            <lemma>be</lemma>
            <CharacterOffsetBegin>845</CharacterOffsetBegin>
            <CharacterOffsetEnd>847</CharacterOffsetEnd>
            <POS>VBZ</POS>
          </token>
          <token id="18">
            <word>five</word>
            <lemma>five</lemma>
            <CharacterOffsetBegin>848</CharacterOffsetBegin>
            <CharacterOffsetEnd>852</CharacterOffsetEnd>
            <POS>CD</POS>
          </token>
          <token id="19">
            <word>and</word>
            <lemma>and</lemma>
            <CharacterOffsetBegin>853</CharacterOffsetBegin>
            <CharacterOffsetEnd>856</CharacterOffsetEnd>
            <POS>CC</POS>
          </token>
          <token id="20">
            <word>a</word>
            <lemma>a</lemma>
            <CharacterOffsetBegin>857</CharacterOffsetBegin>
            <CharacterOffsetEnd>858</CharacterOffsetEnd>
            <POS>DT</POS>
          </token>
          <token id="21">
            <word>half</word>
            <lemma>half</lemma>
            <CharacterOffsetBegin>859</CharacterOffsetBegin>
            <CharacterOffsetEnd>863</CharacterOffsetEnd>
            <POS>NN</POS>
          </token>
          <token id="22">
            <word>inches</word>
            <lemma>inch</lemma>
            <CharacterOffsetBegin>864</CharacterOffsetBegin>
            <CharacterOffsetEnd>870</CharacterOffsetEnd>
            <POS>NNS</POS>
          </token>
          <token id="23">
            <word>,</word>
            <lemma>,</lemma>
            <CharacterOffsetBegin>870</CharacterOffsetBegin>
            <CharacterOffsetEnd>871</CharacterOffsetEnd>
            <POS>,</POS>
          </token>
          <token id="24">
            <word>and</word>
            <lemma>and</lemma>
            <CharacterOffsetBegin>872</CharacterOffsetBegin>
            <CharacterOffsetEnd>875</CharacterOffsetEnd>
            <POS>CC</POS>
          </token>
          <token id="25">
            <word>calls</word>
            <lemma>call</lemma>
            <CharacterOffsetBegin>876</CharacterOffsetBegin>
            <CharacterOffsetEnd>881</CharacterOffsetEnd>
            <POS>VBZ</POS>
          </token>
          <token id="26">
            <word>for</word>
            <lemma>for</lemma>
            <CharacterOffsetBegin>882</CharacterOffsetBegin>
            <CharacterOffsetEnd>885</CharacterOffsetEnd>
            <POS>IN</POS>
          </token>
          <token id="27">
            <word>an</word>
            <lemma>a</lemma>
            <CharacterOffsetBegin>886</CharacterOffsetBegin>
            <CharacterOffsetEnd>888</CharacterOffsetEnd>
            <POS>DT</POS>
          </token>
          <token id="28">
            <word>outlay</word>
            <lemma>outlay</lemma>
            <CharacterOffsetBegin>889</CharacterOffsetBegin>
            <CharacterOffsetEnd>895</CharacterOffsetEnd>
            <POS>NN</POS>
          </token>
          <token id="29">
            <word>of</word>
            <lemma>of</lemma>
            <CharacterOffsetBegin>896</CharacterOffsetBegin>
            <CharacterOffsetEnd>898</CharacterOffsetEnd>
            <POS>IN</POS>
          </token>
          <token id="30">
            <word>$</word>
            <lemma>$</lemma>
            <CharacterOffsetBegin>899</CharacterOffsetBegin>
            <CharacterOffsetEnd>900</CharacterOffsetEnd>
            <POS>$</POS>
          </token>
          <token id="31">
            <word>3,495</word>
            <lemma>3,495</lemma>
            <CharacterOffsetBegin>900</CharacterOffsetBegin>
            <CharacterOffsetEnd>905</CharacterOffsetEnd>
            <POS>CD</POS>
          </token>
          <token id="32">
            <word>.</word>
            <lemma>.</lemma>
            <CharacterOffsetBegin>905</CharacterOffsetBegin>
            <CharacterOffsetEnd>906</CharacterOffsetEnd>
            <POS>.</POS>
          </token>
        </tokens>
      </sentence>
      <sentence id="8">
        <tokens>
          <token id="1">
            <word>If</word>
            <lemma>if</lemma>
            <CharacterOffsetBegin>907</CharacterOffsetBegin>
            <CharacterOffsetEnd>909</CharacterOffsetEnd>
            <POS>IN</POS>
          </token>
          <token id="2">
            <word>you</word>
            <lemma>you</lemma>
            <CharacterOffsetBegin>910</CharacterOffsetBegin>
            <CharacterOffsetEnd>913</CharacterOffsetEnd>
            <POS>PRP</POS>
          </token>
          <token id="3">
            <word>think</word>
            <lemma>think</lemma>
            <CharacterOffsetBegin>914</CharacterOffsetBegin>
            <CharacterOffsetEnd>919</CharacterOffsetEnd>
            <POS>VBP</POS>
          </token>
          <token id="4">
            <word>too</word>
            <lemma>too</lemma>
            <CharacterOffsetBegin>920</CharacterOffsetBegin>
            <CharacterOffsetEnd>923</CharacterOffsetEnd>
            <POS>RB</POS>
          </token>
          <token id="5">
            <word>hard</word>
            <lemma>hard</lemma>
            <CharacterOffsetBegin>924</CharacterOffsetBegin>
            <CharacterOffsetEnd>928</CharacterOffsetEnd>
            <POS>JJ</POS>
          </token>
          <token id="6">
            <word>about</word>
            <lemma>about</lemma>
            <CharacterOffsetBegin>929</CharacterOffsetBegin>
            <CharacterOffsetEnd>934</CharacterOffsetEnd>
            <POS>IN</POS>
          </token>
          <token id="7">
            <word>any</word>
            <lemma>any</lemma>
            <CharacterOffsetBegin>935</CharacterOffsetBegin>
            <CharacterOffsetEnd>938</CharacterOffsetEnd>
            <POS>DT</POS>
          </token>
          <token id="8">
            <word>of</word>
            <lemma>of</lemma>
            <CharacterOffsetBegin>939</CharacterOffsetBegin>
            <CharacterOffsetEnd>941</CharacterOffsetEnd>
            <POS>IN</POS>
          </token>
          <token id="9">
            <word>this</word>
            <lemma>this</lemma>
            <CharacterOffsetBegin>942</CharacterOffsetBegin>
            <CharacterOffsetEnd>946</CharacterOffsetEnd>
            <POS>DT</POS>
          </token>
          <token id="10">
            <word>,</word>
            <lemma>,</lemma>
            <CharacterOffsetBegin>946</CharacterOffsetBegin>
            <CharacterOffsetEnd>947</CharacterOffsetEnd>
            <POS>,</POS>
          </token>
          <token id="11">
            <word>it</word>
            <lemma>it</lemma>
            <CharacterOffsetBegin>948</CharacterOffsetBegin>
            <CharacterOffsetEnd>950</CharacterOffsetEnd>
            <POS>PRP</POS>
          </token>
          <token id="12">
            <word>can</word>
            <lemma>can</lemma>
            <CharacterOffsetBegin>951</CharacterOffsetBegin>
            <CharacterOffsetEnd>954</CharacterOffsetEnd>
            <POS>MD</POS>
          </token>
          <token id="13">
            <word>make</word>
            <lemma>make</lemma>
            <CharacterOffsetBegin>955</CharacterOffsetBegin>
            <CharacterOffsetEnd>959</CharacterOffsetEnd>
            <POS>VB</POS>
          </token>
          <token id="14">
            <word>you</word>
            <lemma>you</lemma>
            <CharacterOffsetBegin>960</CharacterOffsetBegin>
            <CharacterOffsetEnd>963</CharacterOffsetEnd>
            <POS>PRP</POS>
          </token>
          <token id="15">
            <word>weep</word>
            <lemma>weep</lemma>
            <CharacterOffsetBegin>964</CharacterOffsetBegin>
            <CharacterOffsetEnd>968</CharacterOffsetEnd>
            <POS>NN</POS>
          </token>
          <token id="16">
            <word>.</word>
            <lemma>.</lemma>
            <CharacterOffsetBegin>968</CharacterOffsetBegin>
            <CharacterOffsetEnd>969</CharacterOffsetEnd>
            <POS>.</POS>
          </token>
        </tokens>
      </sentence>
    </sentences>
  </document>
</root>
