<?xml version="1.0" encoding="UTF-8"?>
<?xml-stylesheet href="CoreNLP-to-HTML.xsl" type="text/xsl"?>
<root>
  <document>
    <sentences>
      <sentence id="1">
        <tokens>
          <token id="1">
            <word>Betsey</word>
            <lemma>Betsey</lemma>
            <CharacterOffsetBegin>0</CharacterOffsetBegin>
            <CharacterOffsetEnd>6</CharacterOffsetEnd>
            <POS>NNP</POS>
          </token>
          <token id="2">
            <word>Johnson</word>
            <lemma>Johnson</lemma>
            <CharacterOffsetBegin>7</CharacterOffsetBegin>
            <CharacterOffsetEnd>14</CharacterOffsetEnd>
            <POS>NNP</POS>
          </token>
          <token id="3">
            <word>,</word>
            <lemma>,</lemma>
            <CharacterOffsetBegin>14</CharacterOffsetBegin>
            <CharacterOffsetEnd>15</CharacterOffsetEnd>
            <POS>,</POS>
          </token>
          <token id="4">
            <word>Karlie</word>
            <lemma>Karlie</lemma>
            <CharacterOffsetBegin>16</CharacterOffsetBegin>
            <CharacterOffsetEnd>22</CharacterOffsetEnd>
            <POS>NNP</POS>
          </token>
          <token id="5">
            <word>Kloss</word>
            <lemma>Kloss</lemma>
            <CharacterOffsetBegin>23</CharacterOffsetBegin>
            <CharacterOffsetEnd>28</CharacterOffsetEnd>
            <POS>NNP</POS>
          </token>
          <token id="6">
            <word>Show</word>
            <lemma>Show</lemma>
            <CharacterOffsetBegin>29</CharacterOffsetBegin>
            <CharacterOffsetEnd>33</CharacterOffsetEnd>
            <POS>NNP</POS>
          </token>
          <token id="7">
            <word>Teen</word>
            <lemma>Teen</lemma>
            <CharacterOffsetBegin>34</CharacterOffsetBegin>
            <CharacterOffsetEnd>38</CharacterOffsetEnd>
            <POS>NNP</POS>
          </token>
          <token id="8">
            <word>Vogue</word>
            <lemma>Vogue</lemma>
            <CharacterOffsetBegin>39</CharacterOffsetBegin>
            <CharacterOffsetEnd>44</CharacterOffsetEnd>
            <POS>NNP</POS>
          </token>
          <token id="9">
            <word>Their</word>
            <lemma>they</lemma>
            <CharacterOffsetBegin>45</CharacterOffsetBegin>
            <CharacterOffsetEnd>50</CharacterOffsetEnd>
            <POS>PRP$</POS>
          </token>
          <token id="10">
            <word>Prom</word>
            <lemma>Prom</lemma>
            <CharacterOffsetBegin>51</CharacterOffsetBegin>
            <CharacterOffsetEnd>55</CharacterOffsetEnd>
            <POS>NNP</POS>
          </token>
          <token id="11">
            <word>Pics</word>
            <lemma>Pics</lemma>
            <CharacterOffsetBegin>56</CharacterOffsetBegin>
            <CharacterOffsetEnd>60</CharacterOffsetEnd>
            <POS>NNP</POS>
          </token>
          <token id="12">
            <word>-LRB-</word>
            <lemma>-lrb-</lemma>
            <CharacterOffsetBegin>61</CharacterOffsetBegin>
            <CharacterOffsetEnd>62</CharacterOffsetEnd>
            <POS>-LRB-</POS>
          </token>
          <token id="13">
            <word>PHOTOS</word>
            <lemma>PHOTOS</lemma>
            <CharacterOffsetBegin>62</CharacterOffsetBegin>
            <CharacterOffsetEnd>68</CharacterOffsetEnd>
            <POS>NNP</POS>
          </token>
          <token id="14">
            <word>-RRB-</word>
            <lemma>-rrb-</lemma>
            <CharacterOffsetBegin>68</CharacterOffsetBegin>
            <CharacterOffsetEnd>69</CharacterOffsetEnd>
            <POS>-RRB-</POS>
          </token>
        </tokens>
      </sentence>
      <sentence id="2">
        <tokens>
          <token id="1">
            <word>Long</word>
            <lemma>long</lemma>
            <CharacterOffsetBegin>71</CharacterOffsetBegin>
            <CharacterOffsetEnd>75</CharacterOffsetEnd>
            <POS>JJ</POS>
          </token>
          <token id="2">
            <word>before</word>
            <lemma>before</lemma>
            <CharacterOffsetBegin>76</CharacterOffsetBegin>
            <CharacterOffsetEnd>82</CharacterOffsetEnd>
            <POS>IN</POS>
          </token>
          <token id="3">
            <word>Betsey</word>
            <lemma>Betsey</lemma>
            <CharacterOffsetBegin>83</CharacterOffsetBegin>
            <CharacterOffsetEnd>89</CharacterOffsetEnd>
            <POS>NNP</POS>
          </token>
          <token id="4">
            <word>Johnson</word>
            <lemma>Johnson</lemma>
            <CharacterOffsetBegin>90</CharacterOffsetBegin>
            <CharacterOffsetEnd>97</CharacterOffsetEnd>
            <POS>NNP</POS>
          </token>
          <token id="5">
            <word>lit</word>
            <lemma>light</lemma>
            <CharacterOffsetBegin>98</CharacterOffsetBegin>
            <CharacterOffsetEnd>101</CharacterOffsetEnd>
            <POS>VBD</POS>
          </token>
          <token id="6">
            <word>up</word>
            <lemma>up</lemma>
            <CharacterOffsetBegin>102</CharacterOffsetBegin>
            <CharacterOffsetEnd>104</CharacterOffsetEnd>
            <POS>RP</POS>
          </token>
          <token id="7">
            <word>the</word>
            <lemma>the</lemma>
            <CharacterOffsetBegin>105</CharacterOffsetBegin>
            <CharacterOffsetEnd>108</CharacterOffsetEnd>
            <POS>DT</POS>
          </token>
          <token id="8">
            <word>runway</word>
            <lemma>runway</lemma>
            <CharacterOffsetBegin>109</CharacterOffsetBegin>
            <CharacterOffsetEnd>115</CharacterOffsetEnd>
            <POS>NN</POS>
          </token>
          <token id="9">
            <word>with</word>
            <lemma>with</lemma>
            <CharacterOffsetBegin>116</CharacterOffsetBegin>
            <CharacterOffsetEnd>120</CharacterOffsetEnd>
            <POS>IN</POS>
          </token>
          <token id="10">
            <word>her</word>
            <lemma>she</lemma>
            <CharacterOffsetBegin>121</CharacterOffsetBegin>
            <CharacterOffsetEnd>124</CharacterOffsetEnd>
            <POS>PRP$</POS>
          </token>
          <token id="11">
            <word>kooky</word>
            <lemma>kooky</lemma>
            <CharacterOffsetBegin>125</CharacterOffsetBegin>
            <CharacterOffsetEnd>130</CharacterOffsetEnd>
            <POS>JJ</POS>
          </token>
          <token id="12">
            <word>outfits</word>
            <lemma>outfits</lemma>
            <CharacterOffsetBegin>131</CharacterOffsetBegin>
            <CharacterOffsetEnd>138</CharacterOffsetEnd>
            <POS>NN</POS>
          </token>
          <token id="13">
            <word>and</word>
            <lemma>and</lemma>
            <CharacterOffsetBegin>139</CharacterOffsetBegin>
            <CharacterOffsetEnd>142</CharacterOffsetEnd>
            <POS>CC</POS>
          </token>
          <token id="14">
            <word>contagious</word>
            <lemma>contagious</lemma>
            <CharacterOffsetBegin>143</CharacterOffsetBegin>
            <CharacterOffsetEnd>153</CharacterOffsetEnd>
            <POS>JJ</POS>
          </token>
          <token id="15">
            <word>smile</word>
            <lemma>smile</lemma>
            <CharacterOffsetBegin>154</CharacterOffsetBegin>
            <CharacterOffsetEnd>159</CharacterOffsetEnd>
            <POS>NN</POS>
          </token>
          <token id="16">
            <word>,</word>
            <lemma>,</lemma>
            <CharacterOffsetBegin>159</CharacterOffsetBegin>
            <CharacterOffsetEnd>160</CharacterOffsetEnd>
            <POS>,</POS>
          </token>
          <token id="17">
            <word>she</word>
            <lemma>she</lemma>
            <CharacterOffsetBegin>161</CharacterOffsetBegin>
            <CharacterOffsetEnd>164</CharacterOffsetEnd>
            <POS>PRP</POS>
          </token>
          <token id="18">
            <word>was</word>
            <lemma>be</lemma>
            <CharacterOffsetBegin>165</CharacterOffsetBegin>
            <CharacterOffsetEnd>168</CharacterOffsetEnd>
            <POS>VBD</POS>
          </token>
          <token id="19">
            <word>a</word>
            <lemma>a</lemma>
            <CharacterOffsetBegin>169</CharacterOffsetBegin>
            <CharacterOffsetEnd>170</CharacterOffsetEnd>
            <POS>DT</POS>
          </token>
          <token id="20">
            <word>teenager</word>
            <lemma>teenager</lemma>
            <CharacterOffsetBegin>171</CharacterOffsetBegin>
            <CharacterOffsetEnd>179</CharacterOffsetEnd>
            <POS>NN</POS>
          </token>
          <token id="21">
            <word>sporting</word>
            <lemma>sport</lemma>
            <CharacterOffsetBegin>180</CharacterOffsetBegin>
            <CharacterOffsetEnd>188</CharacterOffsetEnd>
            <POS>VBG</POS>
          </token>
          <token id="22">
            <word>what</word>
            <lemma>what</lemma>
            <CharacterOffsetBegin>189</CharacterOffsetBegin>
            <CharacterOffsetEnd>193</CharacterOffsetEnd>
            <POS>WP</POS>
          </token>
          <token id="23">
            <word>appears</word>
            <lemma>appear</lemma>
            <CharacterOffsetBegin>194</CharacterOffsetBegin>
            <CharacterOffsetEnd>201</CharacterOffsetEnd>
            <POS>VBZ</POS>
          </token>
          <token id="24">
            <word>to</word>
            <lemma>to</lemma>
            <CharacterOffsetBegin>202</CharacterOffsetBegin>
            <CharacterOffsetEnd>204</CharacterOffsetEnd>
            <POS>TO</POS>
          </token>
          <token id="25">
            <word>be</word>
            <lemma>be</lemma>
            <CharacterOffsetBegin>205</CharacterOffsetBegin>
            <CharacterOffsetEnd>207</CharacterOffsetEnd>
            <POS>VB</POS>
          </token>
          <token id="26">
            <word>a</word>
            <lemma>a</lemma>
            <CharacterOffsetBegin>208</CharacterOffsetBegin>
            <CharacterOffsetEnd>209</CharacterOffsetEnd>
            <POS>DT</POS>
          </token>
          <token id="27">
            <word>cropped</word>
            <lemma>crop</lemma>
            <CharacterOffsetBegin>210</CharacterOffsetBegin>
            <CharacterOffsetEnd>217</CharacterOffsetEnd>
            <POS>VBN</POS>
          </token>
          <token id="28">
            <word>haircut</word>
            <lemma>haircut</lemma>
            <CharacterOffsetBegin>218</CharacterOffsetBegin>
            <CharacterOffsetEnd>225</CharacterOffsetEnd>
            <POS>NN</POS>
          </token>
          <token id="29">
            <word>,</word>
            <lemma>,</lemma>
            <CharacterOffsetBegin>225</CharacterOffsetBegin>
            <CharacterOffsetEnd>226</CharacterOffsetEnd>
            <POS>,</POS>
          </token>
          <token id="30">
            <word>-LRB-</word>
            <lemma>-lrb-</lemma>
            <CharacterOffsetBegin>227</CharacterOffsetBegin>
            <CharacterOffsetEnd>228</CharacterOffsetEnd>
            <POS>-LRB-</POS>
          </token>
          <token id="31">
            <word>we</word>
            <lemma>we</lemma>
            <CharacterOffsetBegin>228</CharacterOffsetBegin>
            <CharacterOffsetEnd>230</CharacterOffsetEnd>
            <POS>PRP</POS>
          </token>
          <token id="32">
            <word>'re</word>
            <lemma>be</lemma>
            <CharacterOffsetBegin>230</CharacterOffsetBegin>
            <CharacterOffsetEnd>233</CharacterOffsetEnd>
            <POS>VBP</POS>
          </token>
          <token id="33">
            <word>guessing</word>
            <lemma>guess</lemma>
            <CharacterOffsetBegin>234</CharacterOffsetBegin>
            <CharacterOffsetEnd>242</CharacterOffsetEnd>
            <POS>VBG</POS>
          </token>
          <token id="34">
            <word>-RRB-</word>
            <lemma>-rrb-</lemma>
            <CharacterOffsetBegin>242</CharacterOffsetBegin>
            <CharacterOffsetEnd>243</CharacterOffsetEnd>
            <POS>-RRB-</POS>
          </token>
          <token id="35">
            <word>stickily</word>
            <lemma>stickily</lemma>
            <CharacterOffsetBegin>244</CharacterOffsetBegin>
            <CharacterOffsetEnd>252</CharacterOffsetEnd>
            <POS>RB</POS>
          </token>
          <token id="36">
            <word>slow</word>
            <lemma>slow</lemma>
            <CharacterOffsetBegin>253</CharacterOffsetBegin>
            <CharacterOffsetEnd>257</CharacterOffsetEnd>
            <POS>JJ</POS>
          </token>
          <token id="37">
            <word>dancing</word>
            <lemma>dancing</lemma>
            <CharacterOffsetBegin>258</CharacterOffsetBegin>
            <CharacterOffsetEnd>265</CharacterOffsetEnd>
            <POS>NN</POS>
          </token>
          <token id="38">
            <word>at</word>
            <lemma>at</lemma>
            <CharacterOffsetBegin>266</CharacterOffsetBegin>
            <CharacterOffsetEnd>268</CharacterOffsetEnd>
            <POS>IN</POS>
          </token>
          <token id="39">
            <word>least</word>
            <lemma>least</lemma>
            <CharacterOffsetBegin>269</CharacterOffsetBegin>
            <CharacterOffsetEnd>274</CharacterOffsetEnd>
            <POS>JJS</POS>
          </token>
          <token id="40">
            <word>five</word>
            <lemma>five</lemma>
            <CharacterOffsetBegin>275</CharacterOffsetBegin>
            <CharacterOffsetEnd>279</CharacterOffsetEnd>
            <POS>CD</POS>
          </token>
          <token id="41">
            <word>inches</word>
            <lemma>inch</lemma>
            <CharacterOffsetBegin>280</CharacterOffsetBegin>
            <CharacterOffsetEnd>286</CharacterOffsetEnd>
            <POS>NNS</POS>
          </token>
          <token id="42">
            <word>away</word>
            <lemma>away</lemma>
            <CharacterOffsetBegin>287</CharacterOffsetBegin>
            <CharacterOffsetEnd>291</CharacterOffsetEnd>
            <POS>RB</POS>
          </token>
          <token id="43">
            <word>from</word>
            <lemma>from</lemma>
            <CharacterOffsetBegin>292</CharacterOffsetBegin>
            <CharacterOffsetEnd>296</CharacterOffsetEnd>
            <POS>IN</POS>
          </token>
          <token id="44">
            <word>her</word>
            <lemma>she</lemma>
            <CharacterOffsetBegin>297</CharacterOffsetBegin>
            <CharacterOffsetEnd>300</CharacterOffsetEnd>
            <POS>PRP$</POS>
          </token>
          <token id="45">
            <word>bow</word>
            <lemma>bow</lemma>
            <CharacterOffsetBegin>301</CharacterOffsetBegin>
            <CharacterOffsetEnd>304</CharacterOffsetEnd>
            <POS>NN</POS>
          </token>
          <token id="46">
            <word>tie-clad</word>
            <lemma>tie-clad</lemma>
            <CharacterOffsetBegin>305</CharacterOffsetBegin>
            <CharacterOffsetEnd>313</CharacterOffsetEnd>
            <POS>JJ</POS>
          </token>
          <token id="47">
            <word>date</word>
            <lemma>date</lemma>
            <CharacterOffsetBegin>314</CharacterOffsetBegin>
            <CharacterOffsetEnd>318</CharacterOffsetEnd>
            <POS>NN</POS>
          </token>
          <token id="48">
            <word>in</word>
            <lemma>in</lemma>
            <CharacterOffsetBegin>319</CharacterOffsetBegin>
            <CharacterOffsetEnd>321</CharacterOffsetEnd>
            <POS>IN</POS>
          </token>
          <token id="49">
            <word>an</word>
            <lemma>a</lemma>
            <CharacterOffsetBegin>322</CharacterOffsetBegin>
            <CharacterOffsetEnd>324</CharacterOffsetEnd>
            <POS>DT</POS>
          </token>
          <token id="50">
            <word>East</word>
            <lemma>East</lemma>
            <CharacterOffsetBegin>325</CharacterOffsetBegin>
            <CharacterOffsetEnd>329</CharacterOffsetEnd>
            <POS>NNP</POS>
          </token>
          <token id="51">
            <word>Coast</word>
            <lemma>Coast</lemma>
            <CharacterOffsetBegin>330</CharacterOffsetBegin>
            <CharacterOffsetEnd>335</CharacterOffsetEnd>
            <POS>NNP</POS>
          </token>
          <token id="52">
            <word>auditorium</word>
            <lemma>auditorium</lemma>
            <CharacterOffsetBegin>336</CharacterOffsetBegin>
            <CharacterOffsetEnd>346</CharacterOffsetEnd>
            <POS>NN</POS>
          </token>
          <token id="53">
            <word>circa</word>
            <lemma>circa</lemma>
            <CharacterOffsetBegin>347</CharacterOffsetBegin>
            <CharacterOffsetEnd>352</CharacterOffsetEnd>
            <POS>NN</POS>
          </token>
          <token id="54">
            <word>1958</word>
            <lemma>1958</lemma>
            <CharacterOffsetBegin>353</CharacterOffsetBegin>
            <CharacterOffsetEnd>357</CharacterOffsetEnd>
            <POS>CD</POS>
          </token>
          <token id="55">
            <word>.</word>
            <lemma>.</lemma>
            <CharacterOffsetBegin>357</CharacterOffsetBegin>
            <CharacterOffsetEnd>358</CharacterOffsetEnd>
            <POS>.</POS>
          </token>
        </tokens>
      </sentence>
      <sentence id="3">
        <tokens>
          <token id="1">
            <word>The</word>
            <lemma>the</lemma>
            <CharacterOffsetBegin>359</CharacterOffsetBegin>
            <CharacterOffsetEnd>362</CharacterOffsetEnd>
            <POS>DT</POS>
          </token>
          <token id="2">
            <word>designer</word>
            <lemma>designer</lemma>
            <CharacterOffsetBegin>363</CharacterOffsetBegin>
            <CharacterOffsetEnd>371</CharacterOffsetEnd>
            <POS>NN</POS>
          </token>
          <token id="3">
            <word>recently</word>
            <lemma>recently</lemma>
            <CharacterOffsetBegin>372</CharacterOffsetBegin>
            <CharacterOffsetEnd>380</CharacterOffsetEnd>
            <POS>RB</POS>
          </token>
          <token id="4">
            <word>revealed</word>
            <lemma>reveal</lemma>
            <CharacterOffsetBegin>381</CharacterOffsetBegin>
            <CharacterOffsetEnd>389</CharacterOffsetEnd>
            <POS>VBD</POS>
          </token>
          <token id="5">
            <word>to</word>
            <lemma>to</lemma>
            <CharacterOffsetBegin>390</CharacterOffsetBegin>
            <CharacterOffsetEnd>392</CharacterOffsetEnd>
            <POS>TO</POS>
          </token>
          <token id="6">
            <word>Teen</word>
            <lemma>Teen</lemma>
            <CharacterOffsetBegin>393</CharacterOffsetBegin>
            <CharacterOffsetEnd>397</CharacterOffsetEnd>
            <POS>NNP</POS>
          </token>
          <token id="7">
            <word>Vogue</word>
            <lemma>Vogue</lemma>
            <CharacterOffsetBegin>398</CharacterOffsetBegin>
            <CharacterOffsetEnd>403</CharacterOffsetEnd>
            <POS>NNP</POS>
          </token>
          <token id="8">
            <word>that</word>
            <lemma>that</lemma>
            <CharacterOffsetBegin>404</CharacterOffsetBegin>
            <CharacterOffsetEnd>408</CharacterOffsetEnd>
            <POS>IN</POS>
          </token>
          <token id="9">
            <word>she</word>
            <lemma>she</lemma>
            <CharacterOffsetBegin>409</CharacterOffsetBegin>
            <CharacterOffsetEnd>412</CharacterOffsetEnd>
            <POS>PRP</POS>
          </token>
          <token id="10">
            <word>was</word>
            <lemma>be</lemma>
            <CharacterOffsetBegin>413</CharacterOffsetBegin>
            <CharacterOffsetEnd>416</CharacterOffsetEnd>
            <POS>VBD</POS>
          </token>
          <token id="11">
            <word>the</word>
            <lemma>the</lemma>
            <CharacterOffsetBegin>417</CharacterOffsetBegin>
            <CharacterOffsetEnd>420</CharacterOffsetEnd>
            <POS>DT</POS>
          </token>
          <token id="12">
            <word>queen</word>
            <lemma>queen</lemma>
            <CharacterOffsetBegin>421</CharacterOffsetBegin>
            <CharacterOffsetEnd>426</CharacterOffsetEnd>
            <POS>NN</POS>
          </token>
          <token id="13">
            <word>of</word>
            <lemma>of</lemma>
            <CharacterOffsetBegin>427</CharacterOffsetBegin>
            <CharacterOffsetEnd>429</CharacterOffsetEnd>
            <POS>IN</POS>
          </token>
          <token id="14">
            <word>her</word>
            <lemma>she</lemma>
            <CharacterOffsetBegin>430</CharacterOffsetBegin>
            <CharacterOffsetEnd>433</CharacterOffsetEnd>
            <POS>PRP$</POS>
          </token>
          <token id="15">
            <word>senior</word>
            <lemma>senior</lemma>
            <CharacterOffsetBegin>434</CharacterOffsetBegin>
            <CharacterOffsetEnd>440</CharacterOffsetEnd>
            <POS>JJ</POS>
          </token>
          <token id="16">
            <word>prom</word>
            <lemma>prom</lemma>
            <CharacterOffsetBegin>441</CharacterOffsetBegin>
            <CharacterOffsetEnd>445</CharacterOffsetEnd>
            <POS>NN</POS>
          </token>
          <token id="17">
            <word>at</word>
            <lemma>at</lemma>
            <CharacterOffsetBegin>446</CharacterOffsetBegin>
            <CharacterOffsetEnd>448</CharacterOffsetEnd>
            <POS>IN</POS>
          </token>
          <token id="18">
            <word>Terryville</word>
            <lemma>Terryville</lemma>
            <CharacterOffsetBegin>449</CharacterOffsetBegin>
            <CharacterOffsetEnd>459</CharacterOffsetEnd>
            <POS>NNP</POS>
          </token>
          <token id="19">
            <word>High</word>
            <lemma>High</lemma>
            <CharacterOffsetBegin>460</CharacterOffsetBegin>
            <CharacterOffsetEnd>464</CharacterOffsetEnd>
            <POS>NNP</POS>
          </token>
          <token id="20">
            <word>School</word>
            <lemma>School</lemma>
            <CharacterOffsetBegin>465</CharacterOffsetBegin>
            <CharacterOffsetEnd>471</CharacterOffsetEnd>
            <POS>NNP</POS>
          </token>
          <token id="21">
            <word>in</word>
            <lemma>in</lemma>
            <CharacterOffsetBegin>472</CharacterOffsetBegin>
            <CharacterOffsetEnd>474</CharacterOffsetEnd>
            <POS>IN</POS>
          </token>
          <token id="22">
            <word>Terryville</word>
            <lemma>Terryville</lemma>
            <CharacterOffsetBegin>475</CharacterOffsetBegin>
            <CharacterOffsetEnd>485</CharacterOffsetEnd>
            <POS>NNP</POS>
          </token>
          <token id="23">
            <word>,</word>
            <lemma>,</lemma>
            <CharacterOffsetBegin>485</CharacterOffsetBegin>
            <CharacterOffsetEnd>486</CharacterOffsetEnd>
            <POS>,</POS>
          </token>
          <token id="24">
            <word>Connecticut</word>
            <lemma>Connecticut</lemma>
            <CharacterOffsetBegin>487</CharacterOffsetBegin>
            <CharacterOffsetEnd>498</CharacterOffsetEnd>
            <POS>NNP</POS>
          </token>
          <token id="25">
            <word>.</word>
            <lemma>.</lemma>
            <CharacterOffsetBegin>498</CharacterOffsetBegin>
            <CharacterOffsetEnd>499</CharacterOffsetEnd>
            <POS>.</POS>
          </token>
        </tokens>
      </sentence>
      <sentence id="4">
        <tokens>
          <token id="1">
            <word>She</word>
            <lemma>she</lemma>
            <CharacterOffsetBegin>500</CharacterOffsetBegin>
            <CharacterOffsetEnd>503</CharacterOffsetEnd>
            <POS>PRP</POS>
          </token>
          <token id="2">
            <word>joked</word>
            <lemma>joke</lemma>
            <CharacterOffsetBegin>504</CharacterOffsetBegin>
            <CharacterOffsetEnd>509</CharacterOffsetEnd>
            <POS>VBD</POS>
          </token>
          <token id="3">
            <word>,</word>
            <lemma>,</lemma>
            <CharacterOffsetBegin>509</CharacterOffsetBegin>
            <CharacterOffsetEnd>510</CharacterOffsetEnd>
            <POS>,</POS>
          </token>
          <token id="4">
            <word>''</word>
            <lemma>''</lemma>
            <CharacterOffsetBegin>511</CharacterOffsetBegin>
            <CharacterOffsetEnd>512</CharacterOffsetEnd>
            <POS>''</POS>
          </token>
          <token id="5">
            <word>``</word>
            <lemma>``</lemma>
            <CharacterOffsetBegin>512</CharacterOffsetBegin>
            <CharacterOffsetEnd>513</CharacterOffsetEnd>
            <POS>``</POS>
          </token>
          <token id="6">
            <word>I</word>
            <lemma>I</lemma>
            <CharacterOffsetBegin>513</CharacterOffsetBegin>
            <CharacterOffsetEnd>514</CharacterOffsetEnd>
            <POS>PRP</POS>
          </token>
          <token id="7">
            <word>probably</word>
            <lemma>probably</lemma>
            <CharacterOffsetBegin>515</CharacterOffsetBegin>
            <CharacterOffsetEnd>523</CharacterOffsetEnd>
            <POS>RB</POS>
          </token>
          <token id="8">
            <word>only</word>
            <lemma>only</lemma>
            <CharacterOffsetBegin>524</CharacterOffsetBegin>
            <CharacterOffsetEnd>528</CharacterOffsetEnd>
            <POS>RB</POS>
          </token>
          <token id="9">
            <word>won</word>
            <lemma>win</lemma>
            <CharacterOffsetBegin>529</CharacterOffsetBegin>
            <CharacterOffsetEnd>532</CharacterOffsetEnd>
            <POS>VBD</POS>
          </token>
          <token id="10">
            <word>because</word>
            <lemma>because</lemma>
            <CharacterOffsetBegin>533</CharacterOffsetBegin>
            <CharacterOffsetEnd>540</CharacterOffsetEnd>
            <POS>IN</POS>
          </token>
          <token id="11">
            <word>I</word>
            <lemma>I</lemma>
            <CharacterOffsetBegin>541</CharacterOffsetBegin>
            <CharacterOffsetEnd>542</CharacterOffsetEnd>
            <POS>PRP</POS>
          </token>
          <token id="12">
            <word>was</word>
            <lemma>be</lemma>
            <CharacterOffsetBegin>543</CharacterOffsetBegin>
            <CharacterOffsetEnd>546</CharacterOffsetEnd>
            <POS>VBD</POS>
          </token>
          <token id="13">
            <word>on</word>
            <lemma>on</lemma>
            <CharacterOffsetBegin>547</CharacterOffsetBegin>
            <CharacterOffsetEnd>549</CharacterOffsetEnd>
            <POS>IN</POS>
          </token>
          <token id="14">
            <word>the</word>
            <lemma>the</lemma>
            <CharacterOffsetBegin>550</CharacterOffsetBegin>
            <CharacterOffsetEnd>553</CharacterOffsetEnd>
            <POS>DT</POS>
          </token>
          <token id="15">
            <word>prom</word>
            <lemma>prom</lemma>
            <CharacterOffsetBegin>554</CharacterOffsetBegin>
            <CharacterOffsetEnd>558</CharacterOffsetEnd>
            <POS>NN</POS>
          </token>
          <token id="16">
            <word>committee</word>
            <lemma>committee</lemma>
            <CharacterOffsetBegin>559</CharacterOffsetBegin>
            <CharacterOffsetEnd>568</CharacterOffsetEnd>
            <POS>NN</POS>
          </token>
          <token id="17">
            <word>.</word>
            <lemma>.</lemma>
            <CharacterOffsetBegin>568</CharacterOffsetBegin>
            <CharacterOffsetEnd>569</CharacterOffsetEnd>
            <POS>.</POS>
          </token>
        </tokens>
      </sentence>
      <sentence id="5">
        <tokens>
          <token id="1">
            <word>I</word>
            <lemma>I</lemma>
            <CharacterOffsetBegin>570</CharacterOffsetBegin>
            <CharacterOffsetEnd>571</CharacterOffsetEnd>
            <POS>PRP</POS>
          </token>
          <token id="2">
            <word>wore</word>
            <lemma>wear</lemma>
            <CharacterOffsetBegin>572</CharacterOffsetBegin>
            <CharacterOffsetEnd>576</CharacterOffsetEnd>
            <POS>VBD</POS>
          </token>
          <token id="3">
            <word>hoops</word>
            <lemma>hoop</lemma>
            <CharacterOffsetBegin>577</CharacterOffsetBegin>
            <CharacterOffsetEnd>582</CharacterOffsetEnd>
            <POS>NNS</POS>
          </token>
          <token id="4">
            <word>and</word>
            <lemma>and</lemma>
            <CharacterOffsetBegin>583</CharacterOffsetBegin>
            <CharacterOffsetEnd>586</CharacterOffsetEnd>
            <POS>CC</POS>
          </token>
          <token id="5">
            <word>petticoats</word>
            <lemma>petticoat</lemma>
            <CharacterOffsetBegin>587</CharacterOffsetBegin>
            <CharacterOffsetEnd>597</CharacterOffsetEnd>
            <POS>NNS</POS>
          </token>
          <token id="6">
            <word>to</word>
            <lemma>to</lemma>
            <CharacterOffsetBegin>598</CharacterOffsetBegin>
            <CharacterOffsetEnd>600</CharacterOffsetEnd>
            <POS>TO</POS>
          </token>
          <token id="7">
            <word>make</word>
            <lemma>make</lemma>
            <CharacterOffsetBegin>601</CharacterOffsetBegin>
            <CharacterOffsetEnd>605</CharacterOffsetEnd>
            <POS>VB</POS>
          </token>
          <token id="8">
            <word>sure</word>
            <lemma>sure</lemma>
            <CharacterOffsetBegin>606</CharacterOffsetBegin>
            <CharacterOffsetEnd>610</CharacterOffsetEnd>
            <POS>JJ</POS>
          </token>
          <token id="9">
            <word>my</word>
            <lemma>my</lemma>
            <CharacterOffsetBegin>611</CharacterOffsetBegin>
            <CharacterOffsetEnd>613</CharacterOffsetEnd>
            <POS>PRP$</POS>
          </token>
          <token id="10">
            <word>princess</word>
            <lemma>princess</lemma>
            <CharacterOffsetBegin>614</CharacterOffsetBegin>
            <CharacterOffsetEnd>622</CharacterOffsetEnd>
            <POS>NN</POS>
          </token>
          <token id="11">
            <word>gown</word>
            <lemma>gown</lemma>
            <CharacterOffsetBegin>623</CharacterOffsetBegin>
            <CharacterOffsetEnd>627</CharacterOffsetEnd>
            <POS>NN</POS>
          </token>
          <token id="12">
            <word>stuck</word>
            <lemma>stick</lemma>
            <CharacterOffsetBegin>628</CharacterOffsetBegin>
            <CharacterOffsetEnd>633</CharacterOffsetEnd>
            <POS>VBD</POS>
          </token>
          <token id="13">
            <word>straight</word>
            <lemma>straight</lemma>
            <CharacterOffsetBegin>634</CharacterOffsetBegin>
            <CharacterOffsetEnd>642</CharacterOffsetEnd>
            <POS>RB</POS>
          </token>
          <token id="14">
            <word>out</word>
            <lemma>out</lemma>
            <CharacterOffsetBegin>643</CharacterOffsetBegin>
            <CharacterOffsetEnd>646</CharacterOffsetEnd>
            <POS>IN</POS>
          </token>
          <token id="15">
            <word>-</word>
            <lemma>-</lemma>
            <CharacterOffsetBegin>647</CharacterOffsetBegin>
            <CharacterOffsetEnd>648</CharacterOffsetEnd>
            <POS>:</POS>
          </token>
          <token id="16">
            <word>it</word>
            <lemma>it</lemma>
            <CharacterOffsetBegin>649</CharacterOffsetBegin>
            <CharacterOffsetEnd>651</CharacterOffsetEnd>
            <POS>PRP</POS>
          </token>
          <token id="17">
            <word>had</word>
            <lemma>have</lemma>
            <CharacterOffsetBegin>652</CharacterOffsetBegin>
            <CharacterOffsetEnd>655</CharacterOffsetEnd>
            <POS>VBD</POS>
          </token>
          <token id="18">
            <word>to</word>
            <lemma>to</lemma>
            <CharacterOffsetBegin>656</CharacterOffsetBegin>
            <CharacterOffsetEnd>658</CharacterOffsetEnd>
            <POS>TO</POS>
          </token>
          <token id="19">
            <word>be</word>
            <lemma>be</lemma>
            <CharacterOffsetBegin>659</CharacterOffsetBegin>
            <CharacterOffsetEnd>661</CharacterOffsetEnd>
            <POS>VB</POS>
          </token>
          <token id="20">
            <word>big</word>
            <lemma>big</lemma>
            <CharacterOffsetBegin>662</CharacterOffsetBegin>
            <CharacterOffsetEnd>665</CharacterOffsetEnd>
            <POS>JJ</POS>
          </token>
          <token id="21">
            <word>,</word>
            <lemma>,</lemma>
            <CharacterOffsetBegin>665</CharacterOffsetBegin>
            <CharacterOffsetEnd>666</CharacterOffsetEnd>
            <POS>,</POS>
          </token>
          <token id="22">
            <word>big</word>
            <lemma>big</lemma>
            <CharacterOffsetBegin>667</CharacterOffsetBegin>
            <CharacterOffsetEnd>670</CharacterOffsetEnd>
            <POS>JJ</POS>
          </token>
          <token id="23">
            <word>,</word>
            <lemma>,</lemma>
            <CharacterOffsetBegin>670</CharacterOffsetBegin>
            <CharacterOffsetEnd>671</CharacterOffsetEnd>
            <POS>,</POS>
          </token>
          <token id="24">
            <word>beyond</word>
            <lemma>beyond</lemma>
            <CharacterOffsetBegin>672</CharacterOffsetBegin>
            <CharacterOffsetEnd>678</CharacterOffsetEnd>
            <POS>IN</POS>
          </token>
          <token id="25">
            <word>bouffant</word>
            <lemma>bouffant</lemma>
            <CharacterOffsetBegin>679</CharacterOffsetBegin>
            <CharacterOffsetEnd>687</CharacterOffsetEnd>
            <POS>JJ</POS>
          </token>
          <token id="26">
            <word>big</word>
            <lemma>big</lemma>
            <CharacterOffsetBegin>688</CharacterOffsetBegin>
            <CharacterOffsetEnd>691</CharacterOffsetEnd>
            <POS>JJ</POS>
          </token>
          <token id="27">
            <word>!</word>
            <lemma>!</lemma>
            <CharacterOffsetBegin>691</CharacterOffsetBegin>
            <CharacterOffsetEnd>692</CharacterOffsetEnd>
            <POS>.</POS>
          </token>
          <token id="28">
            <word>''</word>
            <lemma>''</lemma>
            <CharacterOffsetBegin>692</CharacterOffsetBegin>
            <CharacterOffsetEnd>693</CharacterOffsetEnd>
            <POS>''</POS>
          </token>
          <token id="29">
            <word>''</word>
            <lemma>''</lemma>
            <CharacterOffsetBegin>693</CharacterOffsetBegin>
            <CharacterOffsetEnd>694</CharacterOffsetEnd>
            <POS>''</POS>
          </token>
        </tokens>
      </sentence>
      <sentence id="6">
        <tokens>
          <token id="1">
            <word>Betsey</word>
            <lemma>Betsey</lemma>
            <CharacterOffsetBegin>695</CharacterOffsetBegin>
            <CharacterOffsetEnd>701</CharacterOffsetEnd>
            <POS>NNP</POS>
          </token>
          <token id="2">
            <word>these</word>
            <lemma>these</lemma>
            <CharacterOffsetBegin>702</CharacterOffsetBegin>
            <CharacterOffsetEnd>707</CharacterOffsetEnd>
            <POS>DT</POS>
          </token>
          <token id="3">
            <word>days</word>
            <lemma>day</lemma>
            <CharacterOffsetBegin>708</CharacterOffsetBegin>
            <CharacterOffsetEnd>712</CharacterOffsetEnd>
            <POS>NNS</POS>
          </token>
          <token id="4">
            <word>:</word>
            <lemma>:</lemma>
            <CharacterOffsetBegin>712</CharacterOffsetBegin>
            <CharacterOffsetEnd>713</CharacterOffsetEnd>
            <POS>:</POS>
          </token>
          <token id="5">
            <word>Here</word>
            <lemma>here</lemma>
            <CharacterOffsetBegin>714</CharacterOffsetBegin>
            <CharacterOffsetEnd>718</CharacterOffsetEnd>
            <POS>RB</POS>
          </token>
          <token id="6">
            <word>are</word>
            <lemma>be</lemma>
            <CharacterOffsetBegin>719</CharacterOffsetBegin>
            <CharacterOffsetEnd>722</CharacterOffsetEnd>
            <POS>VBP</POS>
          </token>
          <token id="7">
            <word>two</word>
            <lemma>two</lemma>
            <CharacterOffsetBegin>723</CharacterOffsetBegin>
            <CharacterOffsetEnd>726</CharacterOffsetEnd>
            <POS>CD</POS>
          </token>
          <token id="8">
            <word>more</word>
            <lemma>more</lemma>
            <CharacterOffsetBegin>727</CharacterOffsetBegin>
            <CharacterOffsetEnd>731</CharacterOffsetEnd>
            <POS>JJR</POS>
          </token>
          <token id="9">
            <word>of</word>
            <lemma>of</lemma>
            <CharacterOffsetBegin>732</CharacterOffsetBegin>
            <CharacterOffsetEnd>734</CharacterOffsetEnd>
            <POS>IN</POS>
          </token>
          <token id="10">
            <word>our</word>
            <lemma>we</lemma>
            <CharacterOffsetBegin>735</CharacterOffsetBegin>
            <CharacterOffsetEnd>738</CharacterOffsetEnd>
            <POS>PRP$</POS>
          </token>
          <token id="11">
            <word>favorite</word>
            <lemma>favorite</lemma>
            <CharacterOffsetBegin>739</CharacterOffsetBegin>
            <CharacterOffsetEnd>747</CharacterOffsetEnd>
            <POS>JJ</POS>
          </token>
          <token id="12">
            <word>fashion-does-prom</word>
            <lemma>fashion-does-prom</lemma>
            <CharacterOffsetBegin>748</CharacterOffsetBegin>
            <CharacterOffsetEnd>765</CharacterOffsetEnd>
            <POS>NN</POS>
          </token>
          <token id="13">
            <word>pics</word>
            <lemma>pic</lemma>
            <CharacterOffsetBegin>766</CharacterOffsetBegin>
            <CharacterOffsetEnd>770</CharacterOffsetEnd>
            <POS>NNS</POS>
          </token>
          <token id="14">
            <word>,</word>
            <lemma>,</lemma>
            <CharacterOffsetBegin>770</CharacterOffsetBegin>
            <CharacterOffsetEnd>771</CharacterOffsetEnd>
            <POS>,</POS>
          </token>
          <token id="15">
            <word>courtesy</word>
            <lemma>courtesy</lemma>
            <CharacterOffsetBegin>772</CharacterOffsetBegin>
            <CharacterOffsetEnd>780</CharacterOffsetEnd>
            <POS>NN</POS>
          </token>
          <token id="16">
            <word>of</word>
            <lemma>of</lemma>
            <CharacterOffsetBegin>781</CharacterOffsetBegin>
            <CharacterOffsetEnd>783</CharacterOffsetEnd>
            <POS>IN</POS>
          </token>
          <token id="17">
            <word>Teen</word>
            <lemma>Teen</lemma>
            <CharacterOffsetBegin>784</CharacterOffsetBegin>
            <CharacterOffsetEnd>788</CharacterOffsetEnd>
            <POS>NNP</POS>
          </token>
          <token id="18">
            <word>Vogue</word>
            <lemma>Vogue</lemma>
            <CharacterOffsetBegin>789</CharacterOffsetBegin>
            <CharacterOffsetEnd>794</CharacterOffsetEnd>
            <POS>NNP</POS>
          </token>
          <token id="19">
            <word>:</word>
            <lemma>:</lemma>
            <CharacterOffsetBegin>795</CharacterOffsetBegin>
            <CharacterOffsetEnd>796</CharacterOffsetEnd>
            <POS>:</POS>
          </token>
          <token id="20">
            <word>Karlie</word>
            <lemma>Karlie</lemma>
            <CharacterOffsetBegin>797</CharacterOffsetBegin>
            <CharacterOffsetEnd>803</CharacterOffsetEnd>
            <POS>NNP</POS>
          </token>
          <token id="21">
            <word>Kloss</word>
            <lemma>Kloss</lemma>
            <CharacterOffsetBegin>804</CharacterOffsetBegin>
            <CharacterOffsetEnd>809</CharacterOffsetEnd>
            <POS>NNP</POS>
          </token>
          <token id="22">
            <word>-</word>
            <lemma>-</lemma>
            <CharacterOffsetBegin>810</CharacterOffsetBegin>
            <CharacterOffsetEnd>811</CharacterOffsetEnd>
            <POS>:</POS>
          </token>
          <token id="23">
            <word>Webster</word>
            <lemma>Webster</lemma>
            <CharacterOffsetBegin>812</CharacterOffsetBegin>
            <CharacterOffsetEnd>819</CharacterOffsetEnd>
            <POS>NNP</POS>
          </token>
          <token id="24">
            <word>Groves</word>
            <lemma>Groves</lemma>
            <CharacterOffsetBegin>820</CharacterOffsetBegin>
            <CharacterOffsetEnd>826</CharacterOffsetEnd>
            <POS>NNP</POS>
          </token>
          <token id="25">
            <word>High</word>
            <lemma>High</lemma>
            <CharacterOffsetBegin>827</CharacterOffsetBegin>
            <CharacterOffsetEnd>831</CharacterOffsetEnd>
            <POS>NNP</POS>
          </token>
          <token id="26">
            <word>School</word>
            <lemma>School</lemma>
            <CharacterOffsetBegin>832</CharacterOffsetBegin>
            <CharacterOffsetEnd>838</CharacterOffsetEnd>
            <POS>NNP</POS>
          </token>
          <token id="27">
            <word>,</word>
            <lemma>,</lemma>
            <CharacterOffsetBegin>838</CharacterOffsetBegin>
            <CharacterOffsetEnd>839</CharacterOffsetEnd>
            <POS>,</POS>
          </token>
          <token id="28">
            <word>St.</word>
            <lemma>St.</lemma>
            <CharacterOffsetBegin>840</CharacterOffsetBegin>
            <CharacterOffsetEnd>843</CharacterOffsetEnd>
            <POS>NNP</POS>
          </token>
          <token id="29">
            <word>Louis</word>
            <lemma>Louis</lemma>
            <CharacterOffsetBegin>844</CharacterOffsetBegin>
            <CharacterOffsetEnd>849</CharacterOffsetEnd>
            <POS>NNP</POS>
          </token>
          <token id="30">
            <word>,</word>
            <lemma>,</lemma>
            <CharacterOffsetBegin>849</CharacterOffsetBegin>
            <CharacterOffsetEnd>850</CharacterOffsetEnd>
            <POS>,</POS>
          </token>
          <token id="31">
            <word>Missouri</word>
            <lemma>Missouri</lemma>
            <CharacterOffsetBegin>851</CharacterOffsetBegin>
            <CharacterOffsetEnd>859</CharacterOffsetEnd>
            <POS>NNP</POS>
          </token>
          <token id="32">
            <word>,</word>
            <lemma>,</lemma>
            <CharacterOffsetBegin>859</CharacterOffsetBegin>
            <CharacterOffsetEnd>860</CharacterOffsetEnd>
            <POS>,</POS>
          </token>
          <token id="33">
            <word>2009</word>
            <lemma>2009</lemma>
            <CharacterOffsetBegin>861</CharacterOffsetBegin>
            <CharacterOffsetEnd>865</CharacterOffsetEnd>
            <POS>CD</POS>
          </token>
          <token id="34">
            <word>''</word>
            <lemma>''</lemma>
            <CharacterOffsetBegin>866</CharacterOffsetBegin>
            <CharacterOffsetEnd>867</CharacterOffsetEnd>
            <POS>''</POS>
          </token>
          <token id="35">
            <word>``</word>
            <lemma>``</lemma>
            <CharacterOffsetBegin>867</CharacterOffsetBegin>
            <CharacterOffsetEnd>868</CharacterOffsetEnd>
            <POS>``</POS>
          </token>
          <token id="36">
            <word>This</word>
            <lemma>this</lemma>
            <CharacterOffsetBegin>868</CharacterOffsetBegin>
            <CharacterOffsetEnd>872</CharacterOffsetEnd>
            <POS>DT</POS>
          </token>
          <token id="37">
            <word>is</word>
            <lemma>be</lemma>
            <CharacterOffsetBegin>873</CharacterOffsetBegin>
            <CharacterOffsetEnd>875</CharacterOffsetEnd>
            <POS>VBZ</POS>
          </token>
          <token id="38">
            <word>a</word>
            <lemma>a</lemma>
            <CharacterOffsetBegin>876</CharacterOffsetBegin>
            <CharacterOffsetEnd>877</CharacterOffsetEnd>
            <POS>DT</POS>
          </token>
          <token id="39">
            <word>photo</word>
            <lemma>photo</lemma>
            <CharacterOffsetBegin>878</CharacterOffsetBegin>
            <CharacterOffsetEnd>883</CharacterOffsetEnd>
            <POS>NN</POS>
          </token>
          <token id="40">
            <word>of</word>
            <lemma>of</lemma>
            <CharacterOffsetBegin>884</CharacterOffsetBegin>
            <CharacterOffsetEnd>886</CharacterOffsetEnd>
            <POS>IN</POS>
          </token>
          <token id="41">
            <word>me</word>
            <lemma>I</lemma>
            <CharacterOffsetBegin>887</CharacterOffsetBegin>
            <CharacterOffsetEnd>889</CharacterOffsetEnd>
            <POS>PRP</POS>
          </token>
          <token id="42">
            <word>and</word>
            <lemma>and</lemma>
            <CharacterOffsetBegin>890</CharacterOffsetBegin>
            <CharacterOffsetEnd>893</CharacterOffsetEnd>
            <POS>CC</POS>
          </token>
          <token id="43">
            <word>my</word>
            <lemma>my</lemma>
            <CharacterOffsetBegin>894</CharacterOffsetBegin>
            <CharacterOffsetEnd>896</CharacterOffsetEnd>
            <POS>PRP$</POS>
          </token>
          <token id="44">
            <word>sisters</word>
            <lemma>sister</lemma>
            <CharacterOffsetBegin>897</CharacterOffsetBegin>
            <CharacterOffsetEnd>904</CharacterOffsetEnd>
            <POS>NNS</POS>
          </token>
          <token id="45">
            <word>Kimberly</word>
            <lemma>Kimberly</lemma>
            <CharacterOffsetBegin>905</CharacterOffsetBegin>
            <CharacterOffsetEnd>913</CharacterOffsetEnd>
            <POS>NNP</POS>
          </token>
          <token id="46">
            <word>and</word>
            <lemma>and</lemma>
            <CharacterOffsetBegin>914</CharacterOffsetBegin>
            <CharacterOffsetEnd>917</CharacterOffsetEnd>
            <POS>CC</POS>
          </token>
          <token id="47">
            <word>Kariann</word>
            <lemma>Kariann</lemma>
            <CharacterOffsetBegin>918</CharacterOffsetBegin>
            <CharacterOffsetEnd>925</CharacterOffsetEnd>
            <POS>NNP</POS>
          </token>
          <token id="48">
            <word>-LRB-</word>
            <lemma>-lrb-</lemma>
            <CharacterOffsetBegin>926</CharacterOffsetBegin>
            <CharacterOffsetEnd>927</CharacterOffsetEnd>
            <POS>-LRB-</POS>
          </token>
          <token id="49">
            <word>far</word>
            <lemma>far</lemma>
            <CharacterOffsetBegin>927</CharacterOffsetBegin>
            <CharacterOffsetEnd>930</CharacterOffsetEnd>
            <POS>RB</POS>
          </token>
          <token id="50">
            <word>right</word>
            <lemma>right</lemma>
            <CharacterOffsetBegin>931</CharacterOffsetBegin>
            <CharacterOffsetEnd>936</CharacterOffsetEnd>
            <POS>JJ</POS>
          </token>
          <token id="51">
            <word>-RRB-</word>
            <lemma>-rrb-</lemma>
            <CharacterOffsetBegin>936</CharacterOffsetBegin>
            <CharacterOffsetEnd>937</CharacterOffsetEnd>
            <POS>-RRB-</POS>
          </token>
          <token id="52">
            <word>at</word>
            <lemma>at</lemma>
            <CharacterOffsetBegin>938</CharacterOffsetBegin>
            <CharacterOffsetEnd>940</CharacterOffsetEnd>
            <POS>IN</POS>
          </token>
          <token id="53">
            <word>my</word>
            <lemma>my</lemma>
            <CharacterOffsetBegin>941</CharacterOffsetBegin>
            <CharacterOffsetEnd>943</CharacterOffsetEnd>
            <POS>PRP$</POS>
          </token>
          <token id="54">
            <word>school</word>
            <lemma>school</lemma>
            <CharacterOffsetBegin>944</CharacterOffsetBegin>
            <CharacterOffsetEnd>950</CharacterOffsetEnd>
            <POS>NN</POS>
          </token>
          <token id="55">
            <word>'s</word>
            <lemma>'s</lemma>
            <CharacterOffsetBegin>950</CharacterOffsetBegin>
            <CharacterOffsetEnd>952</CharacterOffsetEnd>
            <POS>POS</POS>
          </token>
          <token id="56">
            <word>sweetheart</word>
            <lemma>sweetheart</lemma>
            <CharacterOffsetBegin>953</CharacterOffsetBegin>
            <CharacterOffsetEnd>963</CharacterOffsetEnd>
            <POS>NN</POS>
          </token>
          <token id="57">
            <word>dance</word>
            <lemma>dance</lemma>
            <CharacterOffsetBegin>964</CharacterOffsetBegin>
            <CharacterOffsetEnd>969</CharacterOffsetEnd>
            <POS>NN</POS>
          </token>
          <token id="58">
            <word>last</word>
            <lemma>last</lemma>
            <CharacterOffsetBegin>970</CharacterOffsetBegin>
            <CharacterOffsetEnd>974</CharacterOffsetEnd>
            <POS>JJ</POS>
          </token>
          <token id="59">
            <word>year</word>
            <lemma>year</lemma>
            <CharacterOffsetBegin>975</CharacterOffsetBegin>
            <CharacterOffsetEnd>979</CharacterOffsetEnd>
            <POS>NN</POS>
          </token>
          <token id="60">
            <word>.</word>
            <lemma>.</lemma>
            <CharacterOffsetBegin>979</CharacterOffsetBegin>
            <CharacterOffsetEnd>980</CharacterOffsetEnd>
            <POS>.</POS>
          </token>
        </tokens>
      </sentence>
      <sentence id="7">
        <tokens>
          <token id="1">
            <word>I</word>
            <lemma>I</lemma>
            <CharacterOffsetBegin>981</CharacterOffsetBegin>
            <CharacterOffsetEnd>982</CharacterOffsetEnd>
            <POS>PRP</POS>
          </token>
          <token id="2">
            <word>'m</word>
            <lemma>be</lemma>
            <CharacterOffsetBegin>982</CharacterOffsetBegin>
            <CharacterOffsetEnd>984</CharacterOffsetEnd>
            <POS>VBP</POS>
          </token>
          <token id="3">
            <word>wearing</word>
            <lemma>wear</lemma>
            <CharacterOffsetBegin>985</CharacterOffsetBegin>
            <CharacterOffsetEnd>992</CharacterOffsetEnd>
            <POS>VBG</POS>
          </token>
          <token id="4">
            <word>a</word>
            <lemma>a</lemma>
            <CharacterOffsetBegin>993</CharacterOffsetBegin>
            <CharacterOffsetEnd>994</CharacterOffsetEnd>
            <POS>DT</POS>
          </token>
          <token id="5">
            <word>strapless</word>
            <lemma>strapless</lemma>
            <CharacterOffsetBegin>995</CharacterOffsetBegin>
            <CharacterOffsetEnd>1004</CharacterOffsetEnd>
            <POS>JJ</POS>
          </token>
          <token id="6">
            <word>Jason</word>
            <lemma>Jason</lemma>
            <CharacterOffsetBegin>1005</CharacterOffsetBegin>
            <CharacterOffsetEnd>1010</CharacterOffsetEnd>
            <POS>NNP</POS>
          </token>
          <token id="7">
            <word>Wu</word>
            <lemma>Wu</lemma>
            <CharacterOffsetBegin>1011</CharacterOffsetBegin>
            <CharacterOffsetEnd>1013</CharacterOffsetEnd>
            <POS>NNP</POS>
          </token>
          <token id="8">
            <word>dress</word>
            <lemma>dress</lemma>
            <CharacterOffsetBegin>1014</CharacterOffsetBegin>
            <CharacterOffsetEnd>1019</CharacterOffsetEnd>
            <POS>NN</POS>
          </token>
          <token id="9">
            <word>with</word>
            <lemma>with</lemma>
            <CharacterOffsetBegin>1020</CharacterOffsetBegin>
            <CharacterOffsetEnd>1024</CharacterOffsetEnd>
            <POS>IN</POS>
          </token>
          <token id="10">
            <word>a</word>
            <lemma>a</lemma>
            <CharacterOffsetBegin>1025</CharacterOffsetBegin>
            <CharacterOffsetEnd>1026</CharacterOffsetEnd>
            <POS>DT</POS>
          </token>
          <token id="11">
            <word>beaded</word>
            <lemma>beaded</lemma>
            <CharacterOffsetBegin>1027</CharacterOffsetBegin>
            <CharacterOffsetEnd>1033</CharacterOffsetEnd>
            <POS>JJ</POS>
          </token>
          <token id="12">
            <word>top</word>
            <lemma>top</lemma>
            <CharacterOffsetBegin>1034</CharacterOffsetBegin>
            <CharacterOffsetEnd>1037</CharacterOffsetEnd>
            <POS>NN</POS>
          </token>
          <token id="13">
            <word>and</word>
            <lemma>and</lemma>
            <CharacterOffsetBegin>1038</CharacterOffsetBegin>
            <CharacterOffsetEnd>1041</CharacterOffsetEnd>
            <POS>CC</POS>
          </token>
          <token id="14">
            <word>a</word>
            <lemma>a</lemma>
            <CharacterOffsetBegin>1042</CharacterOffsetBegin>
            <CharacterOffsetEnd>1043</CharacterOffsetEnd>
            <POS>DT</POS>
          </token>
          <token id="15">
            <word>red</word>
            <lemma>red</lemma>
            <CharacterOffsetBegin>1044</CharacterOffsetBegin>
            <CharacterOffsetEnd>1047</CharacterOffsetEnd>
            <POS>JJ</POS>
          </token>
          <token id="16">
            <word>skirt</word>
            <lemma>skirt</lemma>
            <CharacterOffsetBegin>1048</CharacterOffsetBegin>
            <CharacterOffsetEnd>1053</CharacterOffsetEnd>
            <POS>NN</POS>
          </token>
          <token id="17">
            <word>.</word>
            <lemma>.</lemma>
            <CharacterOffsetBegin>1053</CharacterOffsetBegin>
            <CharacterOffsetEnd>1054</CharacterOffsetEnd>
            <POS>.</POS>
          </token>
        </tokens>
      </sentence>
      <sentence id="8">
        <tokens>
          <token id="1">
            <word>After</word>
            <lemma>after</lemma>
            <CharacterOffsetBegin>1055</CharacterOffsetBegin>
            <CharacterOffsetEnd>1060</CharacterOffsetEnd>
            <POS>IN</POS>
          </token>
          <token id="2">
            <word>the</word>
            <lemma>the</lemma>
            <CharacterOffsetBegin>1061</CharacterOffsetBegin>
            <CharacterOffsetEnd>1064</CharacterOffsetEnd>
            <POS>DT</POS>
          </token>
          <token id="3">
            <word>dance</word>
            <lemma>dance</lemma>
            <CharacterOffsetBegin>1065</CharacterOffsetBegin>
            <CharacterOffsetEnd>1070</CharacterOffsetEnd>
            <POS>NN</POS>
          </token>
          <token id="4">
            <word>,</word>
            <lemma>,</lemma>
            <CharacterOffsetBegin>1070</CharacterOffsetBegin>
            <CharacterOffsetEnd>1071</CharacterOffsetEnd>
            <POS>,</POS>
          </token>
          <token id="5">
            <word>I</word>
            <lemma>I</lemma>
            <CharacterOffsetBegin>1072</CharacterOffsetBegin>
            <CharacterOffsetEnd>1073</CharacterOffsetEnd>
            <POS>PRP</POS>
          </token>
          <token id="6">
            <word>told</word>
            <lemma>tell</lemma>
            <CharacterOffsetBegin>1074</CharacterOffsetBegin>
            <CharacterOffsetEnd>1078</CharacterOffsetEnd>
            <POS>VBD</POS>
          </token>
          <token id="7">
            <word>Jason</word>
            <lemma>Jason</lemma>
            <CharacterOffsetBegin>1079</CharacterOffsetBegin>
            <CharacterOffsetEnd>1084</CharacterOffsetEnd>
            <POS>NNP</POS>
          </token>
          <token id="8">
            <word>,</word>
            <lemma>,</lemma>
            <CharacterOffsetBegin>1084</CharacterOffsetBegin>
            <CharacterOffsetEnd>1085</CharacterOffsetEnd>
            <POS>,</POS>
          </token>
          <token id="9">
            <word>''</word>
            <lemma>''</lemma>
            <CharacterOffsetBegin>1086</CharacterOffsetBegin>
            <CharacterOffsetEnd>1087</CharacterOffsetEnd>
            <POS>''</POS>
          </token>
          <token id="10">
            <word>``</word>
            <lemma>``</lemma>
            <CharacterOffsetBegin>1087</CharacterOffsetBegin>
            <CharacterOffsetEnd>1088</CharacterOffsetEnd>
            <POS>``</POS>
          </token>
          <token id="11">
            <word>You</word>
            <lemma>you</lemma>
            <CharacterOffsetBegin>1088</CharacterOffsetBegin>
            <CharacterOffsetEnd>1091</CharacterOffsetEnd>
            <POS>PRP</POS>
          </token>
          <token id="12">
            <word>'re</word>
            <lemma>be</lemma>
            <CharacterOffsetBegin>1091</CharacterOffsetBegin>
            <CharacterOffsetEnd>1094</CharacterOffsetEnd>
            <POS>VBP</POS>
          </token>
          <token id="13">
            <word>going</word>
            <lemma>go</lemma>
            <CharacterOffsetBegin>1095</CharacterOffsetBegin>
            <CharacterOffsetEnd>1100</CharacterOffsetEnd>
            <POS>VBG</POS>
          </token>
          <token id="14">
            <word>down</word>
            <lemma>down</lemma>
            <CharacterOffsetBegin>1101</CharacterOffsetBegin>
            <CharacterOffsetEnd>1105</CharacterOffsetEnd>
            <POS>RB</POS>
          </token>
          <token id="15">
            <word>in</word>
            <lemma>in</lemma>
            <CharacterOffsetBegin>1106</CharacterOffsetBegin>
            <CharacterOffsetEnd>1108</CharacterOffsetEnd>
            <POS>IN</POS>
          </token>
          <token id="16">
            <word>history</word>
            <lemma>history</lemma>
            <CharacterOffsetBegin>1109</CharacterOffsetBegin>
            <CharacterOffsetEnd>1116</CharacterOffsetEnd>
            <POS>NN</POS>
          </token>
          <token id="17">
            <word>!</word>
            <lemma>!</lemma>
            <CharacterOffsetBegin>1116</CharacterOffsetBegin>
            <CharacterOffsetEnd>1117</CharacterOffsetEnd>
            <POS>.</POS>
          </token>
        </tokens>
      </sentence>
      <sentence id="9">
        <tokens>
          <token id="1">
            <word>First</word>
            <lemma>First</lemma>
            <CharacterOffsetBegin>1118</CharacterOffsetBegin>
            <CharacterOffsetEnd>1123</CharacterOffsetEnd>
            <POS>NNP</POS>
          </token>
          <token id="2">
            <word>person</word>
            <lemma>person</lemma>
            <CharacterOffsetBegin>1124</CharacterOffsetBegin>
            <CharacterOffsetEnd>1130</CharacterOffsetEnd>
            <POS>NN</POS>
          </token>
          <token id="3">
            <word>ever</word>
            <lemma>ever</lemma>
            <CharacterOffsetBegin>1131</CharacterOffsetBegin>
            <CharacterOffsetEnd>1135</CharacterOffsetEnd>
            <POS>RB</POS>
          </token>
          <token id="4">
            <word>to</word>
            <lemma>to</lemma>
            <CharacterOffsetBegin>1136</CharacterOffsetBegin>
            <CharacterOffsetEnd>1138</CharacterOffsetEnd>
            <POS>TO</POS>
          </token>
          <token id="5">
            <word>wear</word>
            <lemma>wear</lemma>
            <CharacterOffsetBegin>1139</CharacterOffsetBegin>
            <CharacterOffsetEnd>1143</CharacterOffsetEnd>
            <POS>VB</POS>
          </token>
          <token id="6">
            <word>Jason</word>
            <lemma>Jason</lemma>
            <CharacterOffsetBegin>1144</CharacterOffsetBegin>
            <CharacterOffsetEnd>1149</CharacterOffsetEnd>
            <POS>NNP</POS>
          </token>
          <token id="7">
            <word>Wu</word>
            <lemma>Wu</lemma>
            <CharacterOffsetBegin>1150</CharacterOffsetBegin>
            <CharacterOffsetEnd>1152</CharacterOffsetEnd>
            <POS>NNP</POS>
          </token>
          <token id="8">
            <word>in</word>
            <lemma>in</lemma>
            <CharacterOffsetBegin>1153</CharacterOffsetBegin>
            <CharacterOffsetEnd>1155</CharacterOffsetEnd>
            <POS>IN</POS>
          </token>
          <token id="9">
            <word>Saint</word>
            <lemma>Saint</lemma>
            <CharacterOffsetBegin>1156</CharacterOffsetBegin>
            <CharacterOffsetEnd>1161</CharacterOffsetEnd>
            <POS>NNP</POS>
          </token>
          <token id="10">
            <word>Louis</word>
            <lemma>Louis</lemma>
            <CharacterOffsetBegin>1162</CharacterOffsetBegin>
            <CharacterOffsetEnd>1167</CharacterOffsetEnd>
            <POS>NNP</POS>
          </token>
          <token id="11">
            <word>!</word>
            <lemma>!</lemma>
            <CharacterOffsetBegin>1167</CharacterOffsetBegin>
            <CharacterOffsetEnd>1168</CharacterOffsetEnd>
            <POS>.</POS>
          </token>
          <token id="12">
            <word>''</word>
            <lemma>''</lemma>
            <CharacterOffsetBegin>1168</CharacterOffsetBegin>
            <CharacterOffsetEnd>1169</CharacterOffsetEnd>
            <POS>''</POS>
          </token>
          <token id="13">
            <word>''</word>
            <lemma>''</lemma>
            <CharacterOffsetBegin>1169</CharacterOffsetBegin>
            <CharacterOffsetEnd>1170</CharacterOffsetEnd>
            <POS>''</POS>
          </token>
          <token id="14">
            <word>''</word>
            <lemma>''</lemma>
            <CharacterOffsetBegin>1170</CharacterOffsetBegin>
            <CharacterOffsetEnd>1171</CharacterOffsetEnd>
            <POS>''</POS>
          </token>
          <token id="15">
            <word>''</word>
            <lemma>''</lemma>
            <CharacterOffsetBegin>1171</CharacterOffsetBegin>
            <CharacterOffsetEnd>1172</CharacterOffsetEnd>
            <POS>''</POS>
          </token>
        </tokens>
      </sentence>
      <sentence id="10">
        <tokens>
          <token id="1">
            <word>Sophie</word>
            <lemma>Sophie</lemma>
            <CharacterOffsetBegin>1173</CharacterOffsetBegin>
            <CharacterOffsetEnd>1179</CharacterOffsetEnd>
            <POS>NNP</POS>
          </token>
          <token id="2">
            <word>Buhai</word>
            <lemma>Buhai</lemma>
            <CharacterOffsetBegin>1180</CharacterOffsetBegin>
            <CharacterOffsetEnd>1185</CharacterOffsetEnd>
            <POS>NNP</POS>
          </token>
          <token id="3">
            <word>of</word>
            <lemma>of</lemma>
            <CharacterOffsetBegin>1186</CharacterOffsetBegin>
            <CharacterOffsetEnd>1188</CharacterOffsetEnd>
            <POS>IN</POS>
          </token>
          <token id="4">
            <word>Vena</word>
            <lemma>Vena</lemma>
            <CharacterOffsetBegin>1189</CharacterOffsetBegin>
            <CharacterOffsetEnd>1193</CharacterOffsetEnd>
            <POS>NNP</POS>
          </token>
          <token id="5">
            <word>Cava</word>
            <lemma>Cava</lemma>
            <CharacterOffsetBegin>1194</CharacterOffsetBegin>
            <CharacterOffsetEnd>1198</CharacterOffsetEnd>
            <POS>NNP</POS>
          </token>
          <token id="6">
            <word>-</word>
            <lemma>-</lemma>
            <CharacterOffsetBegin>1199</CharacterOffsetBegin>
            <CharacterOffsetEnd>1200</CharacterOffsetEnd>
            <POS>:</POS>
          </token>
          <token id="7">
            <word>Marlborough</word>
            <lemma>Marlborough</lemma>
            <CharacterOffsetBegin>1201</CharacterOffsetBegin>
            <CharacterOffsetEnd>1212</CharacterOffsetEnd>
            <POS>NNP</POS>
          </token>
          <token id="8">
            <word>School</word>
            <lemma>School</lemma>
            <CharacterOffsetBegin>1213</CharacterOffsetBegin>
            <CharacterOffsetEnd>1219</CharacterOffsetEnd>
            <POS>NNP</POS>
          </token>
          <token id="9">
            <word>,</word>
            <lemma>,</lemma>
            <CharacterOffsetBegin>1219</CharacterOffsetBegin>
            <CharacterOffsetEnd>1220</CharacterOffsetEnd>
            <POS>,</POS>
          </token>
          <token id="10">
            <word>Los</word>
            <lemma>Los</lemma>
            <CharacterOffsetBegin>1221</CharacterOffsetBegin>
            <CharacterOffsetEnd>1224</CharacterOffsetEnd>
            <POS>NNP</POS>
          </token>
          <token id="11">
            <word>Angeles</word>
            <lemma>Angeles</lemma>
            <CharacterOffsetBegin>1225</CharacterOffsetBegin>
            <CharacterOffsetEnd>1232</CharacterOffsetEnd>
            <POS>NNP</POS>
          </token>
          <token id="12">
            <word>,</word>
            <lemma>,</lemma>
            <CharacterOffsetBegin>1232</CharacterOffsetBegin>
            <CharacterOffsetEnd>1233</CharacterOffsetEnd>
            <POS>,</POS>
          </token>
          <token id="13">
            <word>California</word>
            <lemma>California</lemma>
            <CharacterOffsetBegin>1234</CharacterOffsetBegin>
            <CharacterOffsetEnd>1244</CharacterOffsetEnd>
            <POS>NNP</POS>
          </token>
          <token id="14">
            <word>,</word>
            <lemma>,</lemma>
            <CharacterOffsetBegin>1244</CharacterOffsetBegin>
            <CharacterOffsetEnd>1245</CharacterOffsetEnd>
            <POS>,</POS>
          </token>
          <token id="15">
            <word>1999</word>
            <lemma>1999</lemma>
            <CharacterOffsetBegin>1246</CharacterOffsetBegin>
            <CharacterOffsetEnd>1250</CharacterOffsetEnd>
            <POS>CD</POS>
          </token>
          <token id="16">
            <word>''</word>
            <lemma>''</lemma>
            <CharacterOffsetBegin>1251</CharacterOffsetBegin>
            <CharacterOffsetEnd>1252</CharacterOffsetEnd>
            <POS>''</POS>
          </token>
          <token id="17">
            <word>``</word>
            <lemma>``</lemma>
            <CharacterOffsetBegin>1252</CharacterOffsetBegin>
            <CharacterOffsetEnd>1253</CharacterOffsetEnd>
            <POS>``</POS>
          </token>
          <token id="18">
            <word>This</word>
            <lemma>this</lemma>
            <CharacterOffsetBegin>1253</CharacterOffsetBegin>
            <CharacterOffsetEnd>1257</CharacterOffsetEnd>
            <POS>DT</POS>
          </token>
          <token id="19">
            <word>is</word>
            <lemma>be</lemma>
            <CharacterOffsetBegin>1258</CharacterOffsetBegin>
            <CharacterOffsetEnd>1260</CharacterOffsetEnd>
            <POS>VBZ</POS>
          </token>
          <token id="20">
            <word>a</word>
            <lemma>a</lemma>
            <CharacterOffsetBegin>1261</CharacterOffsetBegin>
            <CharacterOffsetEnd>1262</CharacterOffsetEnd>
            <POS>DT</POS>
          </token>
          <token id="21">
            <word>group</word>
            <lemma>group</lemma>
            <CharacterOffsetBegin>1263</CharacterOffsetBegin>
            <CharacterOffsetEnd>1268</CharacterOffsetEnd>
            <POS>NN</POS>
          </token>
          <token id="22">
            <word>shot</word>
            <lemma>shot</lemma>
            <CharacterOffsetBegin>1269</CharacterOffsetBegin>
            <CharacterOffsetEnd>1273</CharacterOffsetEnd>
            <POS>NN</POS>
          </token>
          <token id="23">
            <word>of</word>
            <lemma>of</lemma>
            <CharacterOffsetBegin>1274</CharacterOffsetBegin>
            <CharacterOffsetEnd>1276</CharacterOffsetEnd>
            <POS>IN</POS>
          </token>
          <token id="24">
            <word>my</word>
            <lemma>my</lemma>
            <CharacterOffsetBegin>1277</CharacterOffsetBegin>
            <CharacterOffsetEnd>1279</CharacterOffsetEnd>
            <POS>PRP$</POS>
          </token>
          <token id="25">
            <word>crew</word>
            <lemma>crew</lemma>
            <CharacterOffsetBegin>1280</CharacterOffsetBegin>
            <CharacterOffsetEnd>1284</CharacterOffsetEnd>
            <POS>NN</POS>
          </token>
          <token id="26">
            <word>and</word>
            <lemma>and</lemma>
            <CharacterOffsetBegin>1285</CharacterOffsetBegin>
            <CharacterOffsetEnd>1288</CharacterOffsetEnd>
            <POS>CC</POS>
          </token>
          <token id="27">
            <word>me</word>
            <lemma>I</lemma>
            <CharacterOffsetBegin>1289</CharacterOffsetBegin>
            <CharacterOffsetEnd>1291</CharacterOffsetEnd>
            <POS>PRP</POS>
          </token>
          <token id="28">
            <word>-LRB-</word>
            <lemma>-lrb-</lemma>
            <CharacterOffsetBegin>1292</CharacterOffsetBegin>
            <CharacterOffsetEnd>1293</CharacterOffsetEnd>
            <POS>-LRB-</POS>
          </token>
          <token id="29">
            <word>bottom</word>
            <lemma>bottom</lemma>
            <CharacterOffsetBegin>1293</CharacterOffsetBegin>
            <CharacterOffsetEnd>1299</CharacterOffsetEnd>
            <POS>JJ</POS>
          </token>
          <token id="30">
            <word>right</word>
            <lemma>right</lemma>
            <CharacterOffsetBegin>1300</CharacterOffsetBegin>
            <CharacterOffsetEnd>1305</CharacterOffsetEnd>
            <POS>NN</POS>
          </token>
          <token id="31">
            <word>-RRB-</word>
            <lemma>-rrb-</lemma>
            <CharacterOffsetBegin>1305</CharacterOffsetBegin>
            <CharacterOffsetEnd>1306</CharacterOffsetEnd>
            <POS>-RRB-</POS>
          </token>
          <token id="32">
            <word>senior</word>
            <lemma>senior</lemma>
            <CharacterOffsetBegin>1307</CharacterOffsetBegin>
            <CharacterOffsetEnd>1313</CharacterOffsetEnd>
            <POS>JJ</POS>
          </token>
          <token id="33">
            <word>year</word>
            <lemma>year</lemma>
            <CharacterOffsetBegin>1314</CharacterOffsetBegin>
            <CharacterOffsetEnd>1318</CharacterOffsetEnd>
            <POS>NN</POS>
          </token>
          <token id="34">
            <word>.</word>
            <lemma>.</lemma>
            <CharacterOffsetBegin>1318</CharacterOffsetBegin>
            <CharacterOffsetEnd>1319</CharacterOffsetEnd>
            <POS>.</POS>
          </token>
        </tokens>
      </sentence>
      <sentence id="11">
        <tokens>
          <token id="1">
            <word>My</word>
            <lemma>my</lemma>
            <CharacterOffsetBegin>1320</CharacterOffsetBegin>
            <CharacterOffsetEnd>1322</CharacterOffsetEnd>
            <POS>PRP$</POS>
          </token>
          <token id="2">
            <word>hair</word>
            <lemma>hair</lemma>
            <CharacterOffsetBegin>1323</CharacterOffsetBegin>
            <CharacterOffsetEnd>1327</CharacterOffsetEnd>
            <POS>NN</POS>
          </token>
          <token id="3">
            <word>was</word>
            <lemma>be</lemma>
            <CharacterOffsetBegin>1328</CharacterOffsetBegin>
            <CharacterOffsetEnd>1331</CharacterOffsetEnd>
            <POS>VBD</POS>
          </token>
          <token id="4">
            <word>cut</word>
            <lemma>cut</lemma>
            <CharacterOffsetBegin>1332</CharacterOffsetBegin>
            <CharacterOffsetEnd>1335</CharacterOffsetEnd>
            <POS>VBN</POS>
          </token>
          <token id="5">
            <word>very</word>
            <lemma>very</lemma>
            <CharacterOffsetBegin>1336</CharacterOffsetBegin>
            <CharacterOffsetEnd>1340</CharacterOffsetEnd>
            <POS>RB</POS>
          </token>
          <token id="6">
            <word>short</word>
            <lemma>short</lemma>
            <CharacterOffsetBegin>1341</CharacterOffsetBegin>
            <CharacterOffsetEnd>1346</CharacterOffsetEnd>
            <POS>JJ</POS>
          </token>
          <token id="7">
            <word>and</word>
            <lemma>and</lemma>
            <CharacterOffsetBegin>1347</CharacterOffsetBegin>
            <CharacterOffsetEnd>1350</CharacterOffsetEnd>
            <POS>CC</POS>
          </token>
          <token id="8">
            <word>died</word>
            <lemma>die</lemma>
            <CharacterOffsetBegin>1351</CharacterOffsetBegin>
            <CharacterOffsetEnd>1355</CharacterOffsetEnd>
            <POS>VBD</POS>
          </token>
          <token id="9">
            <word>black</word>
            <lemma>black</lemma>
            <CharacterOffsetBegin>1356</CharacterOffsetBegin>
            <CharacterOffsetEnd>1361</CharacterOffsetEnd>
            <POS>JJ</POS>
          </token>
          <token id="10">
            <word>.</word>
            <lemma>.</lemma>
            <CharacterOffsetBegin>1361</CharacterOffsetBegin>
            <CharacterOffsetEnd>1362</CharacterOffsetEnd>
            <POS>.</POS>
          </token>
        </tokens>
      </sentence>
      <sentence id="12">
        <tokens>
          <token id="1">
            <word>My</word>
            <lemma>my</lemma>
            <CharacterOffsetBegin>1363</CharacterOffsetBegin>
            <CharacterOffsetEnd>1365</CharacterOffsetEnd>
            <POS>PRP$</POS>
          </token>
          <token id="2">
            <word>style</word>
            <lemma>style</lemma>
            <CharacterOffsetBegin>1366</CharacterOffsetBegin>
            <CharacterOffsetEnd>1371</CharacterOffsetEnd>
            <POS>NN</POS>
          </token>
          <token id="3">
            <word>was</word>
            <lemma>be</lemma>
            <CharacterOffsetBegin>1372</CharacterOffsetBegin>
            <CharacterOffsetEnd>1375</CharacterOffsetEnd>
            <POS>VBD</POS>
          </token>
          <token id="4">
            <word>''</word>
            <lemma>''</lemma>
            <CharacterOffsetBegin>1376</CharacterOffsetBegin>
            <CharacterOffsetEnd>1377</CharacterOffsetEnd>
            <POS>''</POS>
          </token>
          <token id="5">
            <word>``</word>
            <lemma>``</lemma>
            <CharacterOffsetBegin>1377</CharacterOffsetBegin>
            <CharacterOffsetEnd>1378</CharacterOffsetEnd>
            <POS>``</POS>
          </token>
          <token id="6">
            <word>gothic/art</word>
            <lemma>gothic/art</lemma>
            <CharacterOffsetBegin>1378</CharacterOffsetBegin>
            <CharacterOffsetEnd>1388</CharacterOffsetEnd>
            <POS>NN</POS>
          </token>
          <token id="7">
            <word>deco/gypsy</word>
            <lemma>deco/gypsy</lemma>
            <CharacterOffsetBegin>1389</CharacterOffsetBegin>
            <CharacterOffsetEnd>1399</CharacterOffsetEnd>
            <POS>NN</POS>
          </token>
          <token id="8">
            <word>''</word>
            <lemma>''</lemma>
            <CharacterOffsetBegin>1399</CharacterOffsetBegin>
            <CharacterOffsetEnd>1400</CharacterOffsetEnd>
            <POS>''</POS>
          </token>
          <token id="9">
            <word>''</word>
            <lemma>''</lemma>
            <CharacterOffsetBegin>1400</CharacterOffsetBegin>
            <CharacterOffsetEnd>1401</CharacterOffsetEnd>
            <POS>''</POS>
          </token>
          <token id="10">
            <word>-</word>
            <lemma>-</lemma>
            <CharacterOffsetBegin>1402</CharacterOffsetBegin>
            <CharacterOffsetEnd>1403</CharacterOffsetEnd>
            <POS>:</POS>
          </token>
          <token id="11">
            <word>I</word>
            <lemma>I</lemma>
            <CharacterOffsetBegin>1404</CharacterOffsetBegin>
            <CharacterOffsetEnd>1405</CharacterOffsetEnd>
            <POS>PRP</POS>
          </token>
          <token id="12">
            <word>think</word>
            <lemma>think</lemma>
            <CharacterOffsetBegin>1406</CharacterOffsetBegin>
            <CharacterOffsetEnd>1411</CharacterOffsetEnd>
            <POS>VBP</POS>
          </token>
          <token id="13">
            <word>that</word>
            <lemma>that</lemma>
            <CharacterOffsetBegin>1412</CharacterOffsetBegin>
            <CharacterOffsetEnd>1416</CharacterOffsetEnd>
            <POS>DT</POS>
          </token>
          <token id="14">
            <word>was</word>
            <lemma>be</lemma>
            <CharacterOffsetBegin>1417</CharacterOffsetBegin>
            <CharacterOffsetEnd>1420</CharacterOffsetEnd>
            <POS>VBD</POS>
          </token>
          <token id="15">
            <word>the</word>
            <lemma>the</lemma>
            <CharacterOffsetBegin>1421</CharacterOffsetBegin>
            <CharacterOffsetEnd>1424</CharacterOffsetEnd>
            <POS>DT</POS>
          </token>
          <token id="16">
            <word>phase</word>
            <lemma>phase</lemma>
            <CharacterOffsetBegin>1425</CharacterOffsetBegin>
            <CharacterOffsetEnd>1430</CharacterOffsetEnd>
            <POS>NN</POS>
          </token>
          <token id="17">
            <word>where</word>
            <lemma>where</lemma>
            <CharacterOffsetBegin>1431</CharacterOffsetBegin>
            <CharacterOffsetEnd>1436</CharacterOffsetEnd>
            <POS>WRB</POS>
          </token>
          <token id="18">
            <word>I</word>
            <lemma>I</lemma>
            <CharacterOffsetBegin>1437</CharacterOffsetBegin>
            <CharacterOffsetEnd>1438</CharacterOffsetEnd>
            <POS>PRP</POS>
          </token>
          <token id="19">
            <word>tried</word>
            <lemma>try</lemma>
            <CharacterOffsetBegin>1439</CharacterOffsetBegin>
            <CharacterOffsetEnd>1444</CharacterOffsetEnd>
            <POS>VBD</POS>
          </token>
          <token id="20">
            <word>to</word>
            <lemma>to</lemma>
            <CharacterOffsetBegin>1445</CharacterOffsetBegin>
            <CharacterOffsetEnd>1447</CharacterOffsetEnd>
            <POS>TO</POS>
          </token>
          <token id="21">
            <word>be</word>
            <lemma>be</lemma>
            <CharacterOffsetBegin>1448</CharacterOffsetBegin>
            <CharacterOffsetEnd>1450</CharacterOffsetEnd>
            <POS>VB</POS>
          </token>
          <token id="22">
            <word>as</word>
            <lemma>as</lemma>
            <CharacterOffsetBegin>1451</CharacterOffsetBegin>
            <CharacterOffsetEnd>1453</CharacterOffsetEnd>
            <POS>IN</POS>
          </token>
          <token id="23">
            <word>pale</word>
            <lemma>pale</lemma>
            <CharacterOffsetBegin>1454</CharacterOffsetBegin>
            <CharacterOffsetEnd>1458</CharacterOffsetEnd>
            <POS>JJ</POS>
          </token>
          <token id="24">
            <word>as</word>
            <lemma>as</lemma>
            <CharacterOffsetBegin>1459</CharacterOffsetBegin>
            <CharacterOffsetEnd>1461</CharacterOffsetEnd>
            <POS>IN</POS>
          </token>
          <token id="25">
            <word>possible</word>
            <lemma>possible</lemma>
            <CharacterOffsetBegin>1462</CharacterOffsetBegin>
            <CharacterOffsetEnd>1470</CharacterOffsetEnd>
            <POS>JJ</POS>
          </token>
          <token id="26">
            <word>and</word>
            <lemma>and</lemma>
            <CharacterOffsetBegin>1471</CharacterOffsetBegin>
            <CharacterOffsetEnd>1474</CharacterOffsetEnd>
            <POS>CC</POS>
          </token>
          <token id="27">
            <word>dress</word>
            <lemma>dress</lemma>
            <CharacterOffsetBegin>1475</CharacterOffsetBegin>
            <CharacterOffsetEnd>1480</CharacterOffsetEnd>
            <POS>NN</POS>
          </token>
          <token id="28">
            <word>like</word>
            <lemma>like</lemma>
            <CharacterOffsetBegin>1481</CharacterOffsetBegin>
            <CharacterOffsetEnd>1485</CharacterOffsetEnd>
            <POS>IN</POS>
          </token>
          <token id="29">
            <word>a</word>
            <lemma>a</lemma>
            <CharacterOffsetBegin>1486</CharacterOffsetBegin>
            <CharacterOffsetEnd>1487</CharacterOffsetEnd>
            <POS>DT</POS>
          </token>
          <token id="30">
            <word>Man</word>
            <lemma>man</lemma>
            <CharacterOffsetBegin>1488</CharacterOffsetBegin>
            <CharacterOffsetEnd>1491</CharacterOffsetEnd>
            <POS>NN</POS>
          </token>
          <token id="31">
            <word>Ray</word>
            <lemma>Ray</lemma>
            <CharacterOffsetBegin>1492</CharacterOffsetBegin>
            <CharacterOffsetEnd>1495</CharacterOffsetEnd>
            <POS>NNP</POS>
          </token>
          <token id="32">
            <word>photograph</word>
            <lemma>photograph</lemma>
            <CharacterOffsetBegin>1496</CharacterOffsetBegin>
            <CharacterOffsetEnd>1506</CharacterOffsetEnd>
            <POS>NN</POS>
          </token>
          <token id="33">
            <word>.</word>
            <lemma>.</lemma>
            <CharacterOffsetBegin>1506</CharacterOffsetBegin>
            <CharacterOffsetEnd>1507</CharacterOffsetEnd>
            <POS>.</POS>
          </token>
        </tokens>
      </sentence>
      <sentence id="13">
        <tokens>
          <token id="1">
            <word>I</word>
            <lemma>I</lemma>
            <CharacterOffsetBegin>1508</CharacterOffsetBegin>
            <CharacterOffsetEnd>1509</CharacterOffsetEnd>
            <POS>PRP</POS>
          </token>
          <token id="2">
            <word>wore</word>
            <lemma>wear</lemma>
            <CharacterOffsetBegin>1510</CharacterOffsetBegin>
            <CharacterOffsetEnd>1514</CharacterOffsetEnd>
            <POS>VBD</POS>
          </token>
          <token id="3">
            <word>a</word>
            <lemma>a</lemma>
            <CharacterOffsetBegin>1515</CharacterOffsetBegin>
            <CharacterOffsetEnd>1516</CharacterOffsetEnd>
            <POS>DT</POS>
          </token>
          <token id="4">
            <word>long</word>
            <lemma>long</lemma>
            <CharacterOffsetBegin>1517</CharacterOffsetBegin>
            <CharacterOffsetEnd>1521</CharacterOffsetEnd>
            <POS>JJ</POS>
          </token>
          <token id="5">
            <word>black</word>
            <lemma>black</lemma>
            <CharacterOffsetBegin>1522</CharacterOffsetBegin>
            <CharacterOffsetEnd>1527</CharacterOffsetEnd>
            <POS>JJ</POS>
          </token>
          <token id="6">
            <word>Twenties-inspired</word>
            <lemma>twenties-inspired</lemma>
            <CharacterOffsetBegin>1528</CharacterOffsetBegin>
            <CharacterOffsetEnd>1545</CharacterOffsetEnd>
            <POS>JJ</POS>
          </token>
          <token id="7">
            <word>lace</word>
            <lemma>lace</lemma>
            <CharacterOffsetBegin>1546</CharacterOffsetBegin>
            <CharacterOffsetEnd>1550</CharacterOffsetEnd>
            <POS>NN</POS>
          </token>
          <token id="8">
            <word>dress</word>
            <lemma>dress</lemma>
            <CharacterOffsetBegin>1551</CharacterOffsetBegin>
            <CharacterOffsetEnd>1556</CharacterOffsetEnd>
            <POS>NN</POS>
          </token>
          <token id="9">
            <word>,</word>
            <lemma>,</lemma>
            <CharacterOffsetBegin>1556</CharacterOffsetBegin>
            <CharacterOffsetEnd>1557</CharacterOffsetEnd>
            <POS>,</POS>
          </token>
          <token id="10">
            <word>and</word>
            <lemma>and</lemma>
            <CharacterOffsetBegin>1558</CharacterOffsetBegin>
            <CharacterOffsetEnd>1561</CharacterOffsetEnd>
            <POS>CC</POS>
          </token>
          <token id="11">
            <word>a</word>
            <lemma>a</lemma>
            <CharacterOffsetBegin>1562</CharacterOffsetBegin>
            <CharacterOffsetEnd>1563</CharacterOffsetEnd>
            <POS>DT</POS>
          </token>
          <token id="12">
            <word>black</word>
            <lemma>black</lemma>
            <CharacterOffsetBegin>1564</CharacterOffsetBegin>
            <CharacterOffsetEnd>1569</CharacterOffsetEnd>
            <POS>JJ</POS>
          </token>
          <token id="13">
            <word>silk</word>
            <lemma>silk</lemma>
            <CharacterOffsetBegin>1570</CharacterOffsetBegin>
            <CharacterOffsetEnd>1574</CharacterOffsetEnd>
            <POS>NN</POS>
          </token>
          <token id="14">
            <word>floor</word>
            <lemma>floor</lemma>
            <CharacterOffsetBegin>1575</CharacterOffsetBegin>
            <CharacterOffsetEnd>1580</CharacterOffsetEnd>
            <POS>NN</POS>
          </token>
          <token id="15">
            <word>length</word>
            <lemma>length</lemma>
            <CharacterOffsetBegin>1581</CharacterOffsetBegin>
            <CharacterOffsetEnd>1587</CharacterOffsetEnd>
            <POS>NN</POS>
          </token>
          <token id="16">
            <word>kimono</word>
            <lemma>kimono</lemma>
            <CharacterOffsetBegin>1588</CharacterOffsetBegin>
            <CharacterOffsetEnd>1594</CharacterOffsetEnd>
            <POS>NN</POS>
          </token>
          <token id="17">
            <word>over</word>
            <lemma>over</lemma>
            <CharacterOffsetBegin>1595</CharacterOffsetBegin>
            <CharacterOffsetEnd>1599</CharacterOffsetEnd>
            <POS>IN</POS>
          </token>
          <token id="18">
            <word>it</word>
            <lemma>it</lemma>
            <CharacterOffsetBegin>1600</CharacterOffsetBegin>
            <CharacterOffsetEnd>1602</CharacterOffsetEnd>
            <POS>PRP</POS>
          </token>
          <token id="19">
            <word>.</word>
            <lemma>.</lemma>
            <CharacterOffsetBegin>1602</CharacterOffsetBegin>
            <CharacterOffsetEnd>1603</CharacterOffsetEnd>
            <POS>.</POS>
          </token>
        </tokens>
      </sentence>
      <sentence id="14">
        <tokens>
          <token id="1">
            <word>My</word>
            <lemma>my</lemma>
            <CharacterOffsetBegin>1604</CharacterOffsetBegin>
            <CharacterOffsetEnd>1606</CharacterOffsetEnd>
            <POS>PRP$</POS>
          </token>
          <token id="2">
            <word>style</word>
            <lemma>style</lemma>
            <CharacterOffsetBegin>1607</CharacterOffsetBegin>
            <CharacterOffsetEnd>1612</CharacterOffsetEnd>
            <POS>NN</POS>
          </token>
          <token id="3">
            <word>has</word>
            <lemma>have</lemma>
            <CharacterOffsetBegin>1613</CharacterOffsetBegin>
            <CharacterOffsetEnd>1616</CharacterOffsetEnd>
            <POS>VBZ</POS>
          </token>
          <token id="4">
            <word>not</word>
            <lemma>not</lemma>
            <CharacterOffsetBegin>1617</CharacterOffsetBegin>
            <CharacterOffsetEnd>1620</CharacterOffsetEnd>
            <POS>RB</POS>
          </token>
          <token id="5">
            <word>really</word>
            <lemma>really</lemma>
            <CharacterOffsetBegin>1621</CharacterOffsetBegin>
            <CharacterOffsetEnd>1627</CharacterOffsetEnd>
            <POS>RB</POS>
          </token>
          <token id="6">
            <word>changed</word>
            <lemma>change</lemma>
            <CharacterOffsetBegin>1628</CharacterOffsetBegin>
            <CharacterOffsetEnd>1635</CharacterOffsetEnd>
            <POS>VBD</POS>
          </token>
          <token id="7">
            <word>that</word>
            <lemma>that</lemma>
            <CharacterOffsetBegin>1636</CharacterOffsetBegin>
            <CharacterOffsetEnd>1640</CharacterOffsetEnd>
            <POS>IN</POS>
          </token>
          <token id="8">
            <word>much</word>
            <lemma>much</lemma>
            <CharacterOffsetBegin>1641</CharacterOffsetBegin>
            <CharacterOffsetEnd>1645</CharacterOffsetEnd>
            <POS>RB</POS>
          </token>
          <token id="9">
            <word>.</word>
            <lemma>.</lemma>
            <CharacterOffsetBegin>1645</CharacterOffsetBegin>
            <CharacterOffsetEnd>1646</CharacterOffsetEnd>
            <POS>.</POS>
          </token>
          <token id="10">
            <word>''</word>
            <lemma>''</lemma>
            <CharacterOffsetBegin>1646</CharacterOffsetBegin>
            <CharacterOffsetEnd>1647</CharacterOffsetEnd>
            <POS>''</POS>
          </token>
          <token id="11">
            <word>''</word>
            <lemma>''</lemma>
            <CharacterOffsetBegin>1647</CharacterOffsetBegin>
            <CharacterOffsetEnd>1648</CharacterOffsetEnd>
            <POS>''</POS>
          </token>
        </tokens>
      </sentence>
      <sentence id="15">
        <tokens>
          <token id="1">
            <word>For</word>
            <lemma>for</lemma>
            <CharacterOffsetBegin>1649</CharacterOffsetBegin>
            <CharacterOffsetEnd>1652</CharacterOffsetEnd>
            <POS>IN</POS>
          </token>
          <token id="2">
            <word>more</word>
            <lemma>more</lemma>
            <CharacterOffsetBegin>1653</CharacterOffsetBegin>
            <CharacterOffsetEnd>1657</CharacterOffsetEnd>
            <POS>JJR</POS>
          </token>
          <token id="3">
            <word>,</word>
            <lemma>,</lemma>
            <CharacterOffsetBegin>1657</CharacterOffsetBegin>
            <CharacterOffsetEnd>1658</CharacterOffsetEnd>
            <POS>,</POS>
          </token>
          <token id="4">
            <word>head</word>
            <lemma>head</lemma>
            <CharacterOffsetBegin>1659</CharacterOffsetBegin>
            <CharacterOffsetEnd>1663</CharacterOffsetEnd>
            <POS>NN</POS>
          </token>
          <token id="5">
            <word>over</word>
            <lemma>over</lemma>
            <CharacterOffsetBegin>1664</CharacterOffsetBegin>
            <CharacterOffsetEnd>1668</CharacterOffsetEnd>
            <POS>IN</POS>
          </token>
          <token id="6">
            <word>to</word>
            <lemma>to</lemma>
            <CharacterOffsetBegin>1669</CharacterOffsetBegin>
            <CharacterOffsetEnd>1671</CharacterOffsetEnd>
            <POS>TO</POS>
          </token>
          <token id="7">
            <word>TeenVogue.com</word>
            <lemma>TeenVogue.com</lemma>
            <CharacterOffsetBegin>1672</CharacterOffsetBegin>
            <CharacterOffsetEnd>1685</CharacterOffsetEnd>
            <POS>NNP</POS>
          </token>
          <token id="8">
            <word>.</word>
            <lemma>.</lemma>
            <CharacterOffsetBegin>1685</CharacterOffsetBegin>
            <CharacterOffsetEnd>1686</CharacterOffsetEnd>
            <POS>.</POS>
          </token>
        </tokens>
      </sentence>
    </sentences>
  </document>
</root>
