<?xml version="1.0" encoding="UTF-8"?>
<?xml-stylesheet href="CoreNLP-to-HTML.xsl" type="text/xsl"?>
<root>
  <document>
    <sentences>
      <sentence id="1">
        <tokens>
          <token id="1">
            <word>The</word>
            <lemma>the</lemma>
            <CharacterOffsetBegin>0</CharacterOffsetBegin>
            <CharacterOffsetEnd>3</CharacterOffsetEnd>
            <POS>DT</POS>
          </token>
          <token id="2">
            <word>Measure</word>
            <lemma>measure</lemma>
            <CharacterOffsetBegin>4</CharacterOffsetBegin>
            <CharacterOffsetEnd>11</CharacterOffsetEnd>
            <POS>NN</POS>
          </token>
        </tokens>
      </sentence>
      <sentence id="2">
        <tokens>
          <token id="1">
            <word>Up</word>
            <lemma>up</lemma>
            <CharacterOffsetBegin>13</CharacterOffsetBegin>
            <CharacterOffsetEnd>15</CharacterOffsetEnd>
            <POS>IN</POS>
          </token>
          <token id="2">
            <word>and</word>
            <lemma>and</lemma>
            <CharacterOffsetBegin>16</CharacterOffsetBegin>
            <CharacterOffsetEnd>19</CharacterOffsetEnd>
            <POS>CC</POS>
          </token>
          <token id="3">
            <word>away</word>
            <lemma>away</lemma>
            <CharacterOffsetBegin>20</CharacterOffsetBegin>
            <CharacterOffsetEnd>24</CharacterOffsetEnd>
            <POS>RB</POS>
          </token>
          <token id="4">
            <word>:</word>
            <lemma>:</lemma>
            <CharacterOffsetBegin>24</CharacterOffsetBegin>
            <CharacterOffsetEnd>25</CharacterOffsetEnd>
            <POS>:</POS>
          </token>
          <token id="5">
            <word>Proper</word>
            <lemma>proper</lemma>
            <CharacterOffsetBegin>26</CharacterOffsetBegin>
            <CharacterOffsetEnd>32</CharacterOffsetEnd>
            <POS>JJ</POS>
          </token>
          <token id="6">
            <word>mother</word>
            <lemma>mother</lemma>
            <CharacterOffsetBegin>33</CharacterOffsetBegin>
            <CharacterOffsetEnd>39</CharacterOffsetEnd>
            <POS>NN</POS>
          </token>
          <token id="7">
            <word>'s</word>
            <lemma>'s</lemma>
            <CharacterOffsetBegin>39</CharacterOffsetBegin>
            <CharacterOffsetEnd>41</CharacterOffsetEnd>
            <POS>POS</POS>
          </token>
          <token id="8">
            <word>day</word>
            <lemma>day</lemma>
            <CharacterOffsetBegin>42</CharacterOffsetBegin>
            <CharacterOffsetEnd>45</CharacterOffsetEnd>
            <POS>NN</POS>
          </token>
          <token id="9">
            <word>flowers</word>
            <lemma>flower</lemma>
            <CharacterOffsetBegin>46</CharacterOffsetBegin>
            <CharacterOffsetEnd>53</CharacterOffsetEnd>
            <POS>NNS</POS>
          </token>
          <token id="10">
            <word>,</word>
            <lemma>,</lemma>
            <CharacterOffsetBegin>53</CharacterOffsetBegin>
            <CharacterOffsetEnd>54</CharacterOffsetEnd>
            <POS>,</POS>
          </token>
          <token id="11">
            <word>Nike</word>
            <lemma>Nike</lemma>
            <CharacterOffsetBegin>55</CharacterOffsetBegin>
            <CharacterOffsetEnd>59</CharacterOffsetEnd>
            <POS>NNP</POS>
          </token>
          <token id="12">
            <word>for</word>
            <lemma>for</lemma>
            <CharacterOffsetBegin>60</CharacterOffsetBegin>
            <CharacterOffsetEnd>63</CharacterOffsetEnd>
            <POS>IN</POS>
          </token>
          <token id="13">
            <word>Liberty</word>
            <lemma>Liberty</lemma>
            <CharacterOffsetBegin>64</CharacterOffsetBegin>
            <CharacterOffsetEnd>71</CharacterOffsetEnd>
            <POS>NNP</POS>
          </token>
          <token id="14">
            <word>,</word>
            <lemma>,</lemma>
            <CharacterOffsetBegin>71</CharacterOffsetBegin>
            <CharacterOffsetEnd>72</CharacterOffsetEnd>
            <POS>,</POS>
          </token>
          <token id="15">
            <word>Zara</word>
            <lemma>Zara</lemma>
            <CharacterOffsetBegin>73</CharacterOffsetBegin>
            <CharacterOffsetEnd>77</CharacterOffsetEnd>
            <POS>NNP</POS>
          </token>
          <token id="16">
            <word>'s</word>
            <lemma>'s</lemma>
            <CharacterOffsetBegin>77</CharacterOffsetBegin>
            <CharacterOffsetEnd>79</CharacterOffsetEnd>
            <POS>POS</POS>
          </token>
          <token id="17">
            <word>Studio</word>
            <lemma>Studio</lemma>
            <CharacterOffsetBegin>80</CharacterOffsetBegin>
            <CharacterOffsetEnd>86</CharacterOffsetEnd>
            <POS>NNP</POS>
          </token>
          <token id="18">
            <word>trousers</word>
            <lemma>trousers</lemma>
            <CharacterOffsetBegin>87</CharacterOffsetBegin>
            <CharacterOffsetEnd>95</CharacterOffsetEnd>
            <POS>NNS</POS>
          </token>
          <token id="19">
            <word>.</word>
            <lemma>.</lemma>
            <CharacterOffsetBegin>95</CharacterOffsetBegin>
            <CharacterOffsetEnd>96</CharacterOffsetEnd>
            <POS>.</POS>
          </token>
        </tokens>
      </sentence>
      <sentence id="3">
        <tokens>
          <token id="1">
            <word>Down</word>
            <lemma>down</lemma>
            <CharacterOffsetBegin>97</CharacterOffsetBegin>
            <CharacterOffsetEnd>101</CharacterOffsetEnd>
            <POS>NN</POS>
          </token>
          <token id="2">
            <word>and</word>
            <lemma>and</lemma>
            <CharacterOffsetBegin>102</CharacterOffsetBegin>
            <CharacterOffsetEnd>105</CharacterOffsetEnd>
            <POS>CC</POS>
          </token>
          <token id="3">
            <word>out</word>
            <lemma>out</lemma>
            <CharacterOffsetBegin>106</CharacterOffsetBegin>
            <CharacterOffsetEnd>109</CharacterOffsetEnd>
            <POS>IN</POS>
          </token>
          <token id="4">
            <word>:</word>
            <lemma>:</lemma>
            <CharacterOffsetBegin>109</CharacterOffsetBegin>
            <CharacterOffsetEnd>110</CharacterOffsetEnd>
            <POS>:</POS>
          </token>
          <token id="5">
            <word>Skulls</word>
            <lemma>skull</lemma>
            <CharacterOffsetBegin>111</CharacterOffsetBegin>
            <CharacterOffsetEnd>117</CharacterOffsetEnd>
            <POS>NNS</POS>
          </token>
          <token id="6">
            <word>,</word>
            <lemma>,</lemma>
            <CharacterOffsetBegin>117</CharacterOffsetBegin>
            <CharacterOffsetEnd>118</CharacterOffsetEnd>
            <POS>,</POS>
          </token>
          <token id="7">
            <word>runners</word>
            <lemma>runner</lemma>
            <CharacterOffsetBegin>119</CharacterOffsetBegin>
            <CharacterOffsetEnd>126</CharacterOffsetEnd>
            <POS>NNS</POS>
          </token>
          <token id="8">
            <word>and</word>
            <lemma>and</lemma>
            <CharacterOffsetBegin>127</CharacterOffsetBegin>
            <CharacterOffsetEnd>130</CharacterOffsetEnd>
            <POS>CC</POS>
          </token>
          <token id="9">
            <word>long</word>
            <lemma>long</lemma>
            <CharacterOffsetBegin>131</CharacterOffsetBegin>
            <CharacterOffsetEnd>135</CharacterOffsetEnd>
            <POS>JJ</POS>
          </token>
          <token id="10">
            <word>trouser</word>
            <lemma>trouser</lemma>
            <CharacterOffsetBegin>136</CharacterOffsetBegin>
            <CharacterOffsetEnd>143</CharacterOffsetEnd>
            <POS>NN</POS>
          </token>
          <token id="11">
            <word>hems</word>
            <lemma>hem</lemma>
            <CharacterOffsetBegin>144</CharacterOffsetBegin>
            <CharacterOffsetEnd>148</CharacterOffsetEnd>
            <POS>NNS</POS>
          </token>
          <token id="12">
            <word>Going</word>
            <lemma>go</lemma>
            <CharacterOffsetBegin>149</CharacterOffsetBegin>
            <CharacterOffsetEnd>154</CharacterOffsetEnd>
            <POS>VBG</POS>
          </token>
          <token id="13">
            <word>up</word>
            <lemma>up</lemma>
            <CharacterOffsetBegin>155</CharacterOffsetBegin>
            <CharacterOffsetEnd>157</CharacterOffsetEnd>
            <POS>RP</POS>
          </token>
          <token id="14">
            <word>Proper</word>
            <lemma>proper</lemma>
            <CharacterOffsetBegin>158</CharacterOffsetBegin>
            <CharacterOffsetEnd>164</CharacterOffsetEnd>
            <POS>JJ</POS>
          </token>
          <token id="15">
            <word>mother</word>
            <lemma>mother</lemma>
            <CharacterOffsetBegin>165</CharacterOffsetBegin>
            <CharacterOffsetEnd>171</CharacterOffsetEnd>
            <POS>NN</POS>
          </token>
          <token id="16">
            <word>'s</word>
            <lemma>'s</lemma>
            <CharacterOffsetBegin>171</CharacterOffsetBegin>
            <CharacterOffsetEnd>173</CharacterOffsetEnd>
            <POS>POS</POS>
          </token>
          <token id="17">
            <word>day</word>
            <lemma>day</lemma>
            <CharacterOffsetBegin>174</CharacterOffsetBegin>
            <CharacterOffsetEnd>177</CharacterOffsetEnd>
            <POS>NN</POS>
          </token>
          <token id="18">
            <word>flowers</word>
            <lemma>flower</lemma>
            <CharacterOffsetBegin>178</CharacterOffsetBegin>
            <CharacterOffsetEnd>185</CharacterOffsetEnd>
            <POS>NNS</POS>
          </token>
          <token id="19">
            <word>FYI</word>
            <lemma>FYI</lemma>
            <CharacterOffsetBegin>186</CharacterOffsetBegin>
            <CharacterOffsetEnd>189</CharacterOffsetEnd>
            <POS>NNP</POS>
          </token>
          <token id="20">
            <word>:</word>
            <lemma>:</lemma>
            <CharacterOffsetBegin>189</CharacterOffsetBegin>
            <CharacterOffsetEnd>190</CharacterOffsetEnd>
            <POS>:</POS>
          </token>
          <token id="21">
            <word>daffodils</word>
            <lemma>daffodil</lemma>
            <CharacterOffsetBegin>191</CharacterOffsetBegin>
            <CharacterOffsetEnd>200</CharacterOffsetEnd>
            <POS>NNS</POS>
          </token>
          <token id="22">
            <word>are</word>
            <lemma>be</lemma>
            <CharacterOffsetBegin>201</CharacterOffsetBegin>
            <CharacterOffsetEnd>204</CharacterOffsetEnd>
            <POS>VBP</POS>
          </token>
          <token id="23">
            <word>charming</word>
            <lemma>charming</lemma>
            <CharacterOffsetBegin>205</CharacterOffsetBegin>
            <CharacterOffsetEnd>213</CharacterOffsetEnd>
            <POS>JJ</POS>
          </token>
          <token id="24">
            <word>from</word>
            <lemma>from</lemma>
            <CharacterOffsetBegin>214</CharacterOffsetBegin>
            <CharacterOffsetEnd>218</CharacterOffsetEnd>
            <POS>IN</POS>
          </token>
          <token id="25">
            <word>children</word>
            <lemma>child</lemma>
            <CharacterOffsetBegin>219</CharacterOffsetBegin>
            <CharacterOffsetEnd>227</CharacterOffsetEnd>
            <POS>NNS</POS>
          </token>
          <token id="26">
            <word>and</word>
            <lemma>and</lemma>
            <CharacterOffsetBegin>228</CharacterOffsetBegin>
            <CharacterOffsetEnd>231</CharacterOffsetEnd>
            <POS>CC</POS>
          </token>
          <token id="27">
            <word>students</word>
            <lemma>student</lemma>
            <CharacterOffsetBegin>232</CharacterOffsetBegin>
            <CharacterOffsetEnd>240</CharacterOffsetEnd>
            <POS>NNS</POS>
          </token>
          <token id="28">
            <word>,</word>
            <lemma>,</lemma>
            <CharacterOffsetBegin>240</CharacterOffsetBegin>
            <CharacterOffsetEnd>241</CharacterOffsetEnd>
            <POS>,</POS>
          </token>
          <token id="29">
            <word>but</word>
            <lemma>but</lemma>
            <CharacterOffsetBegin>242</CharacterOffsetBegin>
            <CharacterOffsetEnd>245</CharacterOffsetEnd>
            <POS>CC</POS>
          </token>
          <token id="30">
            <word>once</word>
            <lemma>once</lemma>
            <CharacterOffsetBegin>246</CharacterOffsetBegin>
            <CharacterOffsetEnd>250</CharacterOffsetEnd>
            <POS>RB</POS>
          </token>
          <token id="31">
            <word>you</word>
            <lemma>you</lemma>
            <CharacterOffsetBegin>251</CharacterOffsetBegin>
            <CharacterOffsetEnd>254</CharacterOffsetEnd>
            <POS>PRP</POS>
          </token>
          <token id="32">
            <word>have</word>
            <lemma>have</lemma>
            <CharacterOffsetBegin>255</CharacterOffsetBegin>
            <CharacterOffsetEnd>259</CharacterOffsetEnd>
            <POS>VBP</POS>
          </token>
          <token id="33">
            <word>a</word>
            <lemma>a</lemma>
            <CharacterOffsetBegin>260</CharacterOffsetBegin>
            <CharacterOffsetEnd>261</CharacterOffsetEnd>
            <POS>DT</POS>
          </token>
          <token id="34">
            <word>proper</word>
            <lemma>proper</lemma>
            <CharacterOffsetBegin>262</CharacterOffsetBegin>
            <CharacterOffsetEnd>268</CharacterOffsetEnd>
            <POS>JJ</POS>
          </token>
          <token id="35">
            <word>job</word>
            <lemma>job</lemma>
            <CharacterOffsetBegin>269</CharacterOffsetBegin>
            <CharacterOffsetEnd>272</CharacterOffsetEnd>
            <POS>NN</POS>
          </token>
          <token id="36">
            <word>,</word>
            <lemma>,</lemma>
            <CharacterOffsetBegin>272</CharacterOffsetBegin>
            <CharacterOffsetEnd>273</CharacterOffsetEnd>
            <POS>,</POS>
          </token>
          <token id="37">
            <word>must</word>
            <lemma>must</lemma>
            <CharacterOffsetBegin>274</CharacterOffsetBegin>
            <CharacterOffsetEnd>278</CharacterOffsetEnd>
            <POS>MD</POS>
          </token>
          <token id="38">
            <word>try</word>
            <lemma>try</lemma>
            <CharacterOffsetBegin>279</CharacterOffsetBegin>
            <CharacterOffsetEnd>282</CharacterOffsetEnd>
            <POS>VB</POS>
          </token>
          <token id="39">
            <word>harder</word>
            <lemma>harder</lemma>
            <CharacterOffsetBegin>283</CharacterOffsetBegin>
            <CharacterOffsetEnd>289</CharacterOffsetEnd>
            <POS>JJR</POS>
          </token>
          <token id="40">
            <word>''</word>
            <lemma>''</lemma>
            <CharacterOffsetBegin>290</CharacterOffsetBegin>
            <CharacterOffsetEnd>291</CharacterOffsetEnd>
            <POS>''</POS>
          </token>
          <token id="41">
            <word>``</word>
            <lemma>``</lemma>
            <CharacterOffsetBegin>291</CharacterOffsetBegin>
            <CharacterOffsetEnd>292</CharacterOffsetEnd>
            <POS>``</POS>
          </token>
          <token id="42">
            <word>Resting</word>
            <lemma>rest</lemma>
            <CharacterOffsetBegin>292</CharacterOffsetBegin>
            <CharacterOffsetEnd>299</CharacterOffsetEnd>
            <POS>VBG</POS>
          </token>
          <token id="43">
            <word>''</word>
            <lemma>''</lemma>
            <CharacterOffsetBegin>299</CharacterOffsetBegin>
            <CharacterOffsetEnd>300</CharacterOffsetEnd>
            <POS>''</POS>
          </token>
          <token id="44">
            <word>''</word>
            <lemma>''</lemma>
            <CharacterOffsetBegin>300</CharacterOffsetBegin>
            <CharacterOffsetEnd>301</CharacterOffsetEnd>
            <POS>''</POS>
          </token>
          <token id="45">
            <word>clothes</word>
            <lemma>clothes</lemma>
            <CharacterOffsetBegin>302</CharacterOffsetBegin>
            <CharacterOffsetEnd>309</CharacterOffsetEnd>
            <POS>NNS</POS>
          </token>
          <token id="46">
            <word>Clothes</word>
            <lemma>Clothes</lemma>
            <CharacterOffsetBegin>310</CharacterOffsetBegin>
            <CharacterOffsetEnd>317</CharacterOffsetEnd>
            <POS>NNPS</POS>
          </token>
          <token id="47">
            <word>you</word>
            <lemma>you</lemma>
            <CharacterOffsetBegin>318</CharacterOffsetBegin>
            <CharacterOffsetEnd>321</CharacterOffsetEnd>
            <POS>PRP</POS>
          </token>
          <token id="48">
            <word>still</word>
            <lemma>still</lemma>
            <CharacterOffsetBegin>322</CharacterOffsetBegin>
            <CharacterOffsetEnd>327</CharacterOffsetEnd>
            <POS>RB</POS>
          </token>
          <token id="49">
            <word>like</word>
            <lemma>like</lemma>
            <CharacterOffsetBegin>328</CharacterOffsetBegin>
            <CharacterOffsetEnd>332</CharacterOffsetEnd>
            <POS>IN</POS>
          </token>
          <token id="50">
            <word>but</word>
            <lemma>but</lemma>
            <CharacterOffsetBegin>333</CharacterOffsetBegin>
            <CharacterOffsetEnd>336</CharacterOffsetEnd>
            <POS>CC</POS>
          </token>
          <token id="51">
            <word>do</word>
            <lemma>do</lemma>
            <CharacterOffsetBegin>337</CharacterOffsetBegin>
            <CharacterOffsetEnd>339</CharacterOffsetEnd>
            <POS>VBP</POS>
          </token>
          <token id="52">
            <word>n't</word>
            <lemma>not</lemma>
            <CharacterOffsetBegin>339</CharacterOffsetBegin>
            <CharacterOffsetEnd>342</CharacterOffsetEnd>
            <POS>RB</POS>
          </token>
          <token id="53">
            <word>feel</word>
            <lemma>feel</lemma>
            <CharacterOffsetBegin>343</CharacterOffsetBegin>
            <CharacterOffsetEnd>347</CharacterOffsetEnd>
            <POS>VB</POS>
          </token>
          <token id="54">
            <word>right</word>
            <lemma>right</lemma>
            <CharacterOffsetBegin>348</CharacterOffsetBegin>
            <CharacterOffsetEnd>353</CharacterOffsetEnd>
            <POS>JJ</POS>
          </token>
          <token id="55">
            <word>for</word>
            <lemma>for</lemma>
            <CharacterOffsetBegin>354</CharacterOffsetBegin>
            <CharacterOffsetEnd>357</CharacterOffsetEnd>
            <POS>IN</POS>
          </token>
          <token id="56">
            <word>now</word>
            <lemma>now</lemma>
            <CharacterOffsetBegin>358</CharacterOffsetBegin>
            <CharacterOffsetEnd>361</CharacterOffsetEnd>
            <POS>RB</POS>
          </token>
          <token id="57">
            <word>.</word>
            <lemma>.</lemma>
            <CharacterOffsetBegin>361</CharacterOffsetBegin>
            <CharacterOffsetEnd>362</CharacterOffsetEnd>
            <POS>.</POS>
          </token>
        </tokens>
      </sentence>
      <sentence id="4">
        <tokens>
          <token id="1">
            <word>This</word>
            <lemma>this</lemma>
            <CharacterOffsetBegin>363</CharacterOffsetBegin>
            <CharacterOffsetEnd>367</CharacterOffsetEnd>
            <POS>DT</POS>
          </token>
          <token id="2">
            <word>spring</word>
            <lemma>spring</lemma>
            <CharacterOffsetBegin>368</CharacterOffsetBegin>
            <CharacterOffsetEnd>374</CharacterOffsetEnd>
            <POS>NN</POS>
          </token>
          <token id="3">
            <word>,</word>
            <lemma>,</lemma>
            <CharacterOffsetBegin>374</CharacterOffsetBegin>
            <CharacterOffsetEnd>375</CharacterOffsetEnd>
            <POS>,</POS>
          </token>
          <token id="4">
            <word>our</word>
            <lemma>we</lemma>
            <CharacterOffsetBegin>376</CharacterOffsetBegin>
            <CharacterOffsetEnd>379</CharacterOffsetEnd>
            <POS>PRP$</POS>
          </token>
          <token id="5">
            <word>Breton</word>
            <lemma>Breton</lemma>
            <CharacterOffsetBegin>380</CharacterOffsetBegin>
            <CharacterOffsetEnd>386</CharacterOffsetEnd>
            <POS>NNP</POS>
          </token>
          <token id="6">
            <word>stripe</word>
            <lemma>stripe</lemma>
            <CharacterOffsetBegin>387</CharacterOffsetBegin>
            <CharacterOffsetEnd>393</CharacterOffsetEnd>
            <POS>NN</POS>
          </token>
          <token id="7">
            <word>T-shirts</word>
            <lemma>t-shirt</lemma>
            <CharacterOffsetBegin>394</CharacterOffsetBegin>
            <CharacterOffsetEnd>402</CharacterOffsetEnd>
            <POS>NNS</POS>
          </token>
          <token id="8">
            <word>are</word>
            <lemma>be</lemma>
            <CharacterOffsetBegin>403</CharacterOffsetBegin>
            <CharacterOffsetEnd>406</CharacterOffsetEnd>
            <POS>VBP</POS>
          </token>
          <token id="9">
            <word>''</word>
            <lemma>''</lemma>
            <CharacterOffsetBegin>407</CharacterOffsetBegin>
            <CharacterOffsetEnd>408</CharacterOffsetEnd>
            <POS>''</POS>
          </token>
          <token id="10">
            <word>``</word>
            <lemma>``</lemma>
            <CharacterOffsetBegin>408</CharacterOffsetBegin>
            <CharacterOffsetEnd>409</CharacterOffsetEnd>
            <POS>``</POS>
          </token>
          <token id="11">
            <word>resting</word>
            <lemma>rest</lemma>
            <CharacterOffsetBegin>409</CharacterOffsetBegin>
            <CharacterOffsetEnd>416</CharacterOffsetEnd>
            <POS>VBG</POS>
          </token>
          <token id="12">
            <word>''</word>
            <lemma>''</lemma>
            <CharacterOffsetBegin>416</CharacterOffsetBegin>
            <CharacterOffsetEnd>417</CharacterOffsetEnd>
            <POS>''</POS>
          </token>
          <token id="13">
            <word>''</word>
            <lemma>''</lemma>
            <CharacterOffsetBegin>417</CharacterOffsetBegin>
            <CharacterOffsetEnd>418</CharacterOffsetEnd>
            <POS>''</POS>
          </token>
          <token id="14">
            <word>Suck</word>
            <lemma>suck</lemma>
            <CharacterOffsetBegin>419</CharacterOffsetBegin>
            <CharacterOffsetEnd>423</CharacterOffsetEnd>
            <POS>VB</POS>
          </token>
          <token id="15">
            <word>It</word>
            <lemma>it</lemma>
            <CharacterOffsetBegin>424</CharacterOffsetBegin>
            <CharacterOffsetEnd>426</CharacterOffsetEnd>
            <POS>PRP</POS>
          </token>
          <token id="16">
            <word>And</word>
            <lemma>and</lemma>
            <CharacterOffsetBegin>427</CharacterOffsetBegin>
            <CharacterOffsetEnd>430</CharacterOffsetEnd>
            <POS>CC</POS>
          </token>
          <token id="17">
            <word>See</word>
            <lemma>see</lemma>
            <CharacterOffsetBegin>431</CharacterOffsetBegin>
            <CharacterOffsetEnd>434</CharacterOffsetEnd>
            <POS>VB</POS>
          </token>
          <token id="18">
            <word>New</word>
            <lemma>New</lemma>
            <CharacterOffsetBegin>435</CharacterOffsetBegin>
            <CharacterOffsetEnd>438</CharacterOffsetEnd>
            <POS>NNP</POS>
          </token>
          <token id="19">
            <word>Monkeys</word>
            <lemma>Monkeys</lemma>
            <CharacterOffsetBegin>439</CharacterOffsetBegin>
            <CharacterOffsetEnd>446</CharacterOffsetEnd>
            <POS>NNP</POS>
          </token>
          <token id="20">
            <word>album</word>
            <lemma>album</lemma>
            <CharacterOffsetBegin>447</CharacterOffsetBegin>
            <CharacterOffsetEnd>452</CharacterOffsetEnd>
            <POS>NN</POS>
          </token>
          <token id="21">
            <word>is</word>
            <lemma>be</lemma>
            <CharacterOffsetBegin>453</CharacterOffsetBegin>
            <CharacterOffsetEnd>455</CharacterOffsetEnd>
            <POS>VBZ</POS>
          </token>
          <token id="22">
            <word>poppier</word>
            <lemma>poppier</lemma>
            <CharacterOffsetBegin>456</CharacterOffsetBegin>
            <CharacterOffsetEnd>463</CharacterOffsetEnd>
            <POS>JJR</POS>
          </token>
          <token id="23">
            <word>than</word>
            <lemma>than</lemma>
            <CharacterOffsetBegin>464</CharacterOffsetBegin>
            <CharacterOffsetEnd>468</CharacterOffsetEnd>
            <POS>IN</POS>
          </token>
          <token id="24">
            <word>Humbug</word>
            <lemma>Humbug</lemma>
            <CharacterOffsetBegin>469</CharacterOffsetBegin>
            <CharacterOffsetEnd>475</CharacterOffsetEnd>
            <POS>NNP</POS>
          </token>
          <token id="25">
            <word>.</word>
            <lemma>.</lemma>
            <CharacterOffsetBegin>475</CharacterOffsetBegin>
            <CharacterOffsetEnd>476</CharacterOffsetEnd>
            <POS>.</POS>
          </token>
        </tokens>
      </sentence>
      <sentence id="5">
        <tokens>
          <token id="1">
            <word>Alex</word>
            <lemma>Alex</lemma>
            <CharacterOffsetBegin>477</CharacterOffsetBegin>
            <CharacterOffsetEnd>481</CharacterOffsetEnd>
            <POS>NNP</POS>
          </token>
          <token id="2">
            <word>'s</word>
            <lemma>'s</lemma>
            <CharacterOffsetBegin>481</CharacterOffsetBegin>
            <CharacterOffsetEnd>483</CharacterOffsetEnd>
            <POS>POS</POS>
          </token>
          <token id="3">
            <word>hair</word>
            <lemma>hair</lemma>
            <CharacterOffsetBegin>484</CharacterOffsetBegin>
            <CharacterOffsetEnd>488</CharacterOffsetEnd>
            <POS>NN</POS>
          </token>
          <token id="4">
            <word>'s</word>
            <lemma>'s</lemma>
            <CharacterOffsetBegin>488</CharacterOffsetBegin>
            <CharacterOffsetEnd>490</CharacterOffsetEnd>
            <POS>POS</POS>
          </token>
          <token id="5">
            <word>looking</word>
            <lemma>look</lemma>
            <CharacterOffsetBegin>491</CharacterOffsetBegin>
            <CharacterOffsetEnd>498</CharacterOffsetEnd>
            <POS>VBG</POS>
          </token>
          <token id="6">
            <word>partics</word>
            <lemma>partics</lemma>
            <CharacterOffsetBegin>499</CharacterOffsetBegin>
            <CharacterOffsetEnd>506</CharacterOffsetEnd>
            <POS>RB</POS>
          </token>
          <token id="7">
            <word>good</word>
            <lemma>good</lemma>
            <CharacterOffsetBegin>507</CharacterOffsetBegin>
            <CharacterOffsetEnd>511</CharacterOffsetEnd>
            <POS>JJ</POS>
          </token>
          <token id="8">
            <word>,</word>
            <lemma>,</lemma>
            <CharacterOffsetBegin>511</CharacterOffsetBegin>
            <CharacterOffsetEnd>512</CharacterOffsetEnd>
            <POS>,</POS>
          </token>
          <token id="9">
            <word>too</word>
            <lemma>too</lemma>
            <CharacterOffsetBegin>513</CharacterOffsetBegin>
            <CharacterOffsetEnd>516</CharacterOffsetEnd>
            <POS>RB</POS>
          </token>
          <token id="10">
            <word>Zara</word>
            <lemma>Zara</lemma>
            <CharacterOffsetBegin>517</CharacterOffsetBegin>
            <CharacterOffsetEnd>521</CharacterOffsetEnd>
            <POS>NNP</POS>
          </token>
          <token id="11">
            <word>'s</word>
            <lemma>'s</lemma>
            <CharacterOffsetBegin>521</CharacterOffsetBegin>
            <CharacterOffsetEnd>523</CharacterOffsetEnd>
            <POS>POS</POS>
          </token>
          <token id="12">
            <word>narrow-leg</word>
            <lemma>narrow-leg</lemma>
            <CharacterOffsetBegin>524</CharacterOffsetBegin>
            <CharacterOffsetEnd>534</CharacterOffsetEnd>
            <POS>JJ</POS>
          </token>
          <token id="13">
            <word>Studio</word>
            <lemma>Studio</lemma>
            <CharacterOffsetBegin>535</CharacterOffsetBegin>
            <CharacterOffsetEnd>541</CharacterOffsetEnd>
            <POS>NNP</POS>
          </token>
          <token id="14">
            <word>trousers</word>
            <lemma>trousers</lemma>
            <CharacterOffsetBegin>542</CharacterOffsetBegin>
            <CharacterOffsetEnd>550</CharacterOffsetEnd>
            <POS>NNS</POS>
          </token>
          <token id="15">
            <word>In</word>
            <lemma>in</lemma>
            <CharacterOffsetBegin>551</CharacterOffsetBegin>
            <CharacterOffsetEnd>553</CharacterOffsetEnd>
            <POS>IN</POS>
          </token>
          <token id="16">
            <word>kir</word>
            <lemma>kir</lemma>
            <CharacterOffsetBegin>554</CharacterOffsetBegin>
            <CharacterOffsetEnd>557</CharacterOffsetEnd>
            <POS>NN</POS>
          </token>
          <token id="17">
            <word>royale</word>
            <lemma>royale</lemma>
            <CharacterOffsetBegin>558</CharacterOffsetBegin>
            <CharacterOffsetEnd>564</CharacterOffsetEnd>
            <POS>NN</POS>
          </token>
          <token id="18">
            <word>pink</word>
            <lemma>pink</lemma>
            <CharacterOffsetBegin>565</CharacterOffsetBegin>
            <CharacterOffsetEnd>569</CharacterOffsetEnd>
            <POS>NN</POS>
          </token>
          <token id="19">
            <word>.</word>
            <lemma>.</lemma>
            <CharacterOffsetBegin>569</CharacterOffsetBegin>
            <CharacterOffsetEnd>570</CharacterOffsetEnd>
            <POS>.</POS>
          </token>
        </tokens>
      </sentence>
      <sentence id="6">
        <tokens>
          <token id="1">
            <word>The</word>
            <lemma>the</lemma>
            <CharacterOffsetBegin>571</CharacterOffsetBegin>
            <CharacterOffsetEnd>574</CharacterOffsetEnd>
            <POS>DT</POS>
          </token>
          <token id="2">
            <word>most</word>
            <lemma>most</lemma>
            <CharacterOffsetBegin>575</CharacterOffsetBegin>
            <CharacterOffsetEnd>579</CharacterOffsetEnd>
            <POS>RBS</POS>
          </token>
          <token id="3">
            <word>fun</word>
            <lemma>fun</lemma>
            <CharacterOffsetBegin>580</CharacterOffsetBegin>
            <CharacterOffsetEnd>583</CharacterOffsetEnd>
            <POS>NN</POS>
          </token>
          <token id="4">
            <word>you</word>
            <lemma>you</lemma>
            <CharacterOffsetBegin>584</CharacterOffsetBegin>
            <CharacterOffsetEnd>587</CharacterOffsetEnd>
            <POS>PRP</POS>
          </token>
          <token id="5">
            <word>can</word>
            <lemma>can</lemma>
            <CharacterOffsetBegin>588</CharacterOffsetBegin>
            <CharacterOffsetEnd>591</CharacterOffsetEnd>
            <POS>MD</POS>
          </token>
          <token id="6">
            <word>have</word>
            <lemma>have</lemma>
            <CharacterOffsetBegin>592</CharacterOffsetBegin>
            <CharacterOffsetEnd>596</CharacterOffsetEnd>
            <POS>VB</POS>
          </token>
          <token id="7">
            <word>in</word>
            <lemma>in</lemma>
            <CharacterOffsetBegin>597</CharacterOffsetBegin>
            <CharacterOffsetEnd>599</CharacterOffsetEnd>
            <POS>IN</POS>
          </token>
          <token id="8">
            <word>a</word>
            <lemma>a</lemma>
            <CharacterOffsetBegin>600</CharacterOffsetBegin>
            <CharacterOffsetEnd>601</CharacterOffsetEnd>
            <POS>DT</POS>
          </token>
          <token id="9">
            <word>pair</word>
            <lemma>pair</lemma>
            <CharacterOffsetBegin>602</CharacterOffsetBegin>
            <CharacterOffsetEnd>606</CharacterOffsetEnd>
            <POS>NN</POS>
          </token>
          <token id="10">
            <word>of</word>
            <lemma>of</lemma>
            <CharacterOffsetBegin>607</CharacterOffsetBegin>
            <CharacterOffsetEnd>609</CharacterOffsetEnd>
            <POS>IN</POS>
          </token>
          <token id="11">
            <word>trousers</word>
            <lemma>trousers</lemma>
            <CharacterOffsetBegin>610</CharacterOffsetBegin>
            <CharacterOffsetEnd>618</CharacterOffsetEnd>
            <POS>NNS</POS>
          </token>
          <token id="12">
            <word>.</word>
            <lemma>.</lemma>
            <CharacterOffsetBegin>618</CharacterOffsetBegin>
            <CharacterOffsetEnd>619</CharacterOffsetEnd>
            <POS>.</POS>
          </token>
        </tokens>
      </sentence>
      <sentence id="7">
        <tokens>
          <token id="1">
            <word>A</word>
            <lemma>a</lemma>
            <CharacterOffsetBegin>620</CharacterOffsetBegin>
            <CharacterOffsetEnd>621</CharacterOffsetEnd>
            <POS>DT</POS>
          </token>
          <token id="2">
            <word>touch</word>
            <lemma>touch</lemma>
            <CharacterOffsetBegin>622</CharacterOffsetBegin>
            <CharacterOffsetEnd>627</CharacterOffsetEnd>
            <POS>NN</POS>
          </token>
          <token id="3">
            <word>of</word>
            <lemma>of</lemma>
            <CharacterOffsetBegin>628</CharacterOffsetBegin>
            <CharacterOffsetEnd>630</CharacterOffsetEnd>
            <POS>IN</POS>
          </token>
          <token id="4">
            <word>the</word>
            <lemma>the</lemma>
            <CharacterOffsetBegin>631</CharacterOffsetBegin>
            <CharacterOffsetEnd>634</CharacterOffsetEnd>
            <POS>DT</POS>
          </token>
          <token id="5">
            <word>Isabel</word>
            <lemma>Isabel</lemma>
            <CharacterOffsetBegin>635</CharacterOffsetBegin>
            <CharacterOffsetEnd>641</CharacterOffsetEnd>
            <POS>NNP</POS>
          </token>
          <token id="6">
            <word>Marant</word>
            <lemma>Marant</lemma>
            <CharacterOffsetBegin>642</CharacterOffsetBegin>
            <CharacterOffsetEnd>648</CharacterOffsetEnd>
            <POS>NNP</POS>
          </token>
          <token id="7">
            <word>red</word>
            <lemma>red</lemma>
            <CharacterOffsetBegin>649</CharacterOffsetBegin>
            <CharacterOffsetEnd>652</CharacterOffsetEnd>
            <POS>JJ</POS>
          </token>
          <token id="8">
            <word>leathers</word>
            <lemma>leather</lemma>
            <CharacterOffsetBegin>653</CharacterOffsetBegin>
            <CharacterOffsetEnd>661</CharacterOffsetEnd>
            <POS>NNS</POS>
          </token>
          <token id="9">
            <word>,</word>
            <lemma>,</lemma>
            <CharacterOffsetBegin>661</CharacterOffsetBegin>
            <CharacterOffsetEnd>662</CharacterOffsetEnd>
            <POS>,</POS>
          </token>
          <token id="10">
            <word>but</word>
            <lemma>but</lemma>
            <CharacterOffsetBegin>663</CharacterOffsetBegin>
            <CharacterOffsetEnd>666</CharacterOffsetEnd>
            <POS>CC</POS>
          </token>
          <token id="11">
            <word>so</word>
            <lemma>so</lemma>
            <CharacterOffsetBegin>667</CharacterOffsetBegin>
            <CharacterOffsetEnd>669</CharacterOffsetEnd>
            <POS>RB</POS>
          </token>
          <token id="12">
            <word>much</word>
            <lemma>much</lemma>
            <CharacterOffsetBegin>670</CharacterOffsetBegin>
            <CharacterOffsetEnd>674</CharacterOffsetEnd>
            <POS>RB</POS>
          </token>
          <token id="13">
            <word>easier</word>
            <lemma>easier</lemma>
            <CharacterOffsetBegin>675</CharacterOffsetBegin>
            <CharacterOffsetEnd>681</CharacterOffsetEnd>
            <POS>JJR</POS>
          </token>
          <token id="14">
            <word>to</word>
            <lemma>to</lemma>
            <CharacterOffsetBegin>682</CharacterOffsetBegin>
            <CharacterOffsetEnd>684</CharacterOffsetEnd>
            <POS>TO</POS>
          </token>
          <token id="15">
            <word>wear</word>
            <lemma>wear</lemma>
            <CharacterOffsetBegin>685</CharacterOffsetBegin>
            <CharacterOffsetEnd>689</CharacterOffsetEnd>
            <POS>VB</POS>
          </token>
          <token id="16">
            <word>New</word>
            <lemma>New</lemma>
            <CharacterOffsetBegin>690</CharacterOffsetBegin>
            <CharacterOffsetEnd>693</CharacterOffsetEnd>
            <POS>NNP</POS>
          </token>
          <token id="17">
            <word>Nike</word>
            <lemma>Nike</lemma>
            <CharacterOffsetBegin>694</CharacterOffsetBegin>
            <CharacterOffsetEnd>698</CharacterOffsetEnd>
            <POS>NNP</POS>
          </token>
          <token id="18">
            <word>for</word>
            <lemma>for</lemma>
            <CharacterOffsetBegin>699</CharacterOffsetBegin>
            <CharacterOffsetEnd>702</CharacterOffsetEnd>
            <POS>IN</POS>
          </token>
          <token id="19">
            <word>Liberty</word>
            <lemma>Liberty</lemma>
            <CharacterOffsetBegin>703</CharacterOffsetBegin>
            <CharacterOffsetEnd>710</CharacterOffsetEnd>
            <POS>NNP</POS>
          </token>
          <token id="20">
            <word>high-tops</word>
            <lemma>high-top</lemma>
            <CharacterOffsetBegin>711</CharacterOffsetBegin>
            <CharacterOffsetEnd>720</CharacterOffsetEnd>
            <POS>NNS</POS>
          </token>
          <token id="21">
            <word>Mint</word>
            <lemma>Mint</lemma>
            <CharacterOffsetBegin>721</CharacterOffsetBegin>
            <CharacterOffsetEnd>725</CharacterOffsetEnd>
            <POS>NNP</POS>
          </token>
          <token id="22">
            <word>green</word>
            <lemma>green</lemma>
            <CharacterOffsetBegin>726</CharacterOffsetBegin>
            <CharacterOffsetEnd>731</CharacterOffsetEnd>
            <POS>JJ</POS>
          </token>
          <token id="23">
            <word>florals</word>
            <lemma>floral</lemma>
            <CharacterOffsetBegin>732</CharacterOffsetBegin>
            <CharacterOffsetEnd>739</CharacterOffsetEnd>
            <POS>NNS</POS>
          </token>
          <token id="24">
            <word>with</word>
            <lemma>with</lemma>
            <CharacterOffsetBegin>740</CharacterOffsetBegin>
            <CharacterOffsetEnd>744</CharacterOffsetEnd>
            <POS>IN</POS>
          </token>
          <token id="25">
            <word>a</word>
            <lemma>a</lemma>
            <CharacterOffsetBegin>745</CharacterOffsetBegin>
            <CharacterOffsetEnd>746</CharacterOffsetEnd>
            <POS>DT</POS>
          </token>
          <token id="26">
            <word>white</word>
            <lemma>white</lemma>
            <CharacterOffsetBegin>747</CharacterOffsetBegin>
            <CharacterOffsetEnd>752</CharacterOffsetEnd>
            <POS>JJ</POS>
          </token>
          <token id="27">
            <word>swoosh</word>
            <lemma>swoosh</lemma>
            <CharacterOffsetBegin>753</CharacterOffsetBegin>
            <CharacterOffsetEnd>759</CharacterOffsetEnd>
            <POS>NN</POS>
          </token>
          <token id="28">
            <word>.</word>
            <lemma>.</lemma>
            <CharacterOffsetBegin>759</CharacterOffsetBegin>
            <CharacterOffsetEnd>760</CharacterOffsetEnd>
            <POS>.</POS>
          </token>
        </tokens>
      </sentence>
      <sentence id="8">
        <tokens>
          <token id="1">
            <word>Spring-like</word>
            <lemma>spring-like</lemma>
            <CharacterOffsetBegin>761</CharacterOffsetBegin>
            <CharacterOffsetEnd>772</CharacterOffsetEnd>
            <POS>JJ</POS>
          </token>
          <token id="2">
            <word>and</word>
            <lemma>and</lemma>
            <CharacterOffsetBegin>773</CharacterOffsetBegin>
            <CharacterOffsetEnd>776</CharacterOffsetEnd>
            <POS>CC</POS>
          </token>
          <token id="3">
            <word>practical</word>
            <lemma>practical</lemma>
            <CharacterOffsetBegin>777</CharacterOffsetBegin>
            <CharacterOffsetEnd>786</CharacterOffsetEnd>
            <POS>JJ</POS>
          </token>
          <token id="4">
            <word>with</word>
            <lemma>with</lemma>
            <CharacterOffsetBegin>787</CharacterOffsetBegin>
            <CharacterOffsetEnd>791</CharacterOffsetEnd>
            <POS>IN</POS>
          </token>
          <token id="5">
            <word>it</word>
            <lemma>it</lemma>
            <CharacterOffsetBegin>792</CharacterOffsetBegin>
            <CharacterOffsetEnd>794</CharacterOffsetEnd>
            <POS>PRP</POS>
          </token>
          <token id="6">
            <word>Going</word>
            <lemma>go</lemma>
            <CharacterOffsetBegin>795</CharacterOffsetBegin>
            <CharacterOffsetEnd>800</CharacterOffsetEnd>
            <POS>VBG</POS>
          </token>
          <token id="7">
            <word>down</word>
            <lemma>down</lemma>
            <CharacterOffsetBegin>801</CharacterOffsetBegin>
            <CharacterOffsetEnd>805</CharacterOffsetEnd>
            <POS>RP</POS>
          </token>
          <token id="8">
            <word>Too-long</word>
            <lemma>too-long</lemma>
            <CharacterOffsetBegin>806</CharacterOffsetBegin>
            <CharacterOffsetEnd>814</CharacterOffsetEnd>
            <POS>JJ</POS>
          </token>
          <token id="9">
            <word>trouser</word>
            <lemma>trouser</lemma>
            <CharacterOffsetBegin>815</CharacterOffsetBegin>
            <CharacterOffsetEnd>822</CharacterOffsetEnd>
            <POS>NN</POS>
          </token>
          <token id="10">
            <word>hems</word>
            <lemma>hem</lemma>
            <CharacterOffsetBegin>823</CharacterOffsetBegin>
            <CharacterOffsetEnd>827</CharacterOffsetEnd>
            <POS>NNS</POS>
          </token>
          <token id="11">
            <word>As</word>
            <lemma>as</lemma>
            <CharacterOffsetBegin>828</CharacterOffsetBegin>
            <CharacterOffsetEnd>830</CharacterOffsetEnd>
            <POS>IN</POS>
          </token>
          <token id="12">
            <word>in</word>
            <lemma>in</lemma>
            <CharacterOffsetBegin>831</CharacterOffsetBegin>
            <CharacterOffsetEnd>833</CharacterOffsetEnd>
            <POS>IN</POS>
          </token>
          <token id="13">
            <word>trying</word>
            <lemma>try</lemma>
            <CharacterOffsetBegin>834</CharacterOffsetBegin>
            <CharacterOffsetEnd>840</CharacterOffsetEnd>
            <POS>VBG</POS>
          </token>
          <token id="14">
            <word>to</word>
            <lemma>to</lemma>
            <CharacterOffsetBegin>841</CharacterOffsetBegin>
            <CharacterOffsetEnd>843</CharacterOffsetEnd>
            <POS>TO</POS>
          </token>
          <token id="15">
            <word>make</word>
            <lemma>make</lemma>
            <CharacterOffsetBegin>844</CharacterOffsetBegin>
            <CharacterOffsetEnd>848</CharacterOffsetEnd>
            <POS>VB</POS>
          </token>
          <token id="16">
            <word>that</word>
            <lemma>that</lemma>
            <CharacterOffsetBegin>849</CharacterOffsetBegin>
            <CharacterOffsetEnd>853</CharacterOffsetEnd>
            <POS>DT</POS>
          </token>
          <token id="17">
            <word>Céline</word>
            <lemma>Céline</lemma>
            <CharacterOffsetBegin>854</CharacterOffsetBegin>
            <CharacterOffsetEnd>860</CharacterOffsetEnd>
            <POS>NNP</POS>
          </token>
          <token id="18">
            <word>skateboard</word>
            <lemma>skateboard</lemma>
            <CharacterOffsetBegin>861</CharacterOffsetBegin>
            <CharacterOffsetEnd>871</CharacterOffsetEnd>
            <POS>NN</POS>
          </token>
          <token id="19">
            <word>ad</word>
            <lemma>ad</lemma>
            <CharacterOffsetBegin>872</CharacterOffsetBegin>
            <CharacterOffsetEnd>874</CharacterOffsetEnd>
            <POS>NN</POS>
          </token>
          <token id="20">
            <word>work</word>
            <lemma>work</lemma>
            <CharacterOffsetBegin>875</CharacterOffsetBegin>
            <CharacterOffsetEnd>879</CharacterOffsetEnd>
            <POS>NN</POS>
          </token>
          <token id="21">
            <word>in</word>
            <lemma>in</lemma>
            <CharacterOffsetBegin>880</CharacterOffsetBegin>
            <CharacterOffsetEnd>882</CharacterOffsetEnd>
            <POS>IN</POS>
          </token>
          <token id="22">
            <word>the</word>
            <lemma>the</lemma>
            <CharacterOffsetBegin>883</CharacterOffsetBegin>
            <CharacterOffsetEnd>886</CharacterOffsetEnd>
            <POS>DT</POS>
          </token>
          <token id="23">
            <word>real</word>
            <lemma>real</lemma>
            <CharacterOffsetBegin>887</CharacterOffsetBegin>
            <CharacterOffsetEnd>891</CharacterOffsetEnd>
            <POS>JJ</POS>
          </token>
          <token id="24">
            <word>world</word>
            <lemma>world</lemma>
            <CharacterOffsetBegin>892</CharacterOffsetBegin>
            <CharacterOffsetEnd>897</CharacterOffsetEnd>
            <POS>NN</POS>
          </token>
          <token id="25">
            <word>.</word>
            <lemma>.</lemma>
            <CharacterOffsetBegin>897</CharacterOffsetBegin>
            <CharacterOffsetEnd>898</CharacterOffsetEnd>
            <POS>.</POS>
          </token>
        </tokens>
      </sentence>
      <sentence id="9">
        <tokens>
          <token id="1">
            <word>Face</word>
            <lemma>Face</lemma>
            <CharacterOffsetBegin>899</CharacterOffsetBegin>
            <CharacterOffsetEnd>903</CharacterOffsetEnd>
            <POS>NNP</POS>
          </token>
          <token id="2">
            <word>it</word>
            <lemma>it</lemma>
            <CharacterOffsetBegin>904</CharacterOffsetBegin>
            <CharacterOffsetEnd>906</CharacterOffsetEnd>
            <POS>PRP</POS>
          </token>
          <token id="3">
            <word>:</word>
            <lemma>:</lemma>
            <CharacterOffsetBegin>906</CharacterOffsetBegin>
            <CharacterOffsetEnd>907</CharacterOffsetEnd>
            <POS>:</POS>
          </token>
          <token id="4">
            <word>you</word>
            <lemma>you</lemma>
            <CharacterOffsetBegin>908</CharacterOffsetBegin>
            <CharacterOffsetEnd>911</CharacterOffsetEnd>
            <POS>PRP</POS>
          </token>
          <token id="5">
            <word>'ll</word>
            <lemma>will</lemma>
            <CharacterOffsetBegin>911</CharacterOffsetBegin>
            <CharacterOffsetEnd>914</CharacterOffsetEnd>
            <POS>MD</POS>
          </token>
          <token id="6">
            <word>trip</word>
            <lemma>trip</lemma>
            <CharacterOffsetBegin>915</CharacterOffsetBegin>
            <CharacterOffsetEnd>919</CharacterOffsetEnd>
            <POS>NN</POS>
          </token>
          <token id="7">
            <word>and</word>
            <lemma>and</lemma>
            <CharacterOffsetBegin>920</CharacterOffsetBegin>
            <CharacterOffsetEnd>923</CharacterOffsetEnd>
            <POS>CC</POS>
          </token>
          <token id="8">
            <word>ruin</word>
            <lemma>ruin</lemma>
            <CharacterOffsetBegin>924</CharacterOffsetBegin>
            <CharacterOffsetEnd>928</CharacterOffsetEnd>
            <POS>VB</POS>
          </token>
          <token id="9">
            <word>your</word>
            <lemma>you</lemma>
            <CharacterOffsetBegin>929</CharacterOffsetBegin>
            <CharacterOffsetEnd>933</CharacterOffsetEnd>
            <POS>PRP$</POS>
          </token>
          <token id="10">
            <word>trousers</word>
            <lemma>trousers</lemma>
            <CharacterOffsetBegin>934</CharacterOffsetBegin>
            <CharacterOffsetEnd>942</CharacterOffsetEnd>
            <POS>NNS</POS>
          </token>
          <token id="11">
            <word>Self-harm</word>
            <lemma>self-harm</lemma>
            <CharacterOffsetBegin>943</CharacterOffsetBegin>
            <CharacterOffsetEnd>952</CharacterOffsetEnd>
            <POS>NN</POS>
          </token>
          <token id="12">
            <word>by</word>
            <lemma>by</lemma>
            <CharacterOffsetBegin>953</CharacterOffsetBegin>
            <CharacterOffsetEnd>955</CharacterOffsetEnd>
            <POS>IN</POS>
          </token>
          <token id="13">
            <word>social</word>
            <lemma>social</lemma>
            <CharacterOffsetBegin>956</CharacterOffsetBegin>
            <CharacterOffsetEnd>962</CharacterOffsetEnd>
            <POS>JJ</POS>
          </token>
          <token id="14">
            <word>media</word>
            <lemma>media</lemma>
            <CharacterOffsetBegin>963</CharacterOffsetBegin>
            <CharacterOffsetEnd>968</CharacterOffsetEnd>
            <POS>NNS</POS>
          </token>
          <token id="15">
            <word>The</word>
            <lemma>the</lemma>
            <CharacterOffsetBegin>969</CharacterOffsetBegin>
            <CharacterOffsetEnd>972</CharacterOffsetEnd>
            <POS>DT</POS>
          </token>
          <token id="16">
            <word>people</word>
            <lemma>people</lemma>
            <CharacterOffsetBegin>973</CharacterOffsetBegin>
            <CharacterOffsetEnd>979</CharacterOffsetEnd>
            <POS>NNS</POS>
          </token>
          <token id="17">
            <word>you</word>
            <lemma>you</lemma>
            <CharacterOffsetBegin>980</CharacterOffsetBegin>
            <CharacterOffsetEnd>983</CharacterOffsetEnd>
            <POS>PRP</POS>
          </token>
          <token id="18">
            <word>follow</word>
            <lemma>follow</lemma>
            <CharacterOffsetBegin>984</CharacterOffsetBegin>
            <CharacterOffsetEnd>990</CharacterOffsetEnd>
            <POS>VBP</POS>
          </token>
          <token id="19">
            <word>on</word>
            <lemma>on</lemma>
            <CharacterOffsetBegin>991</CharacterOffsetBegin>
            <CharacterOffsetEnd>993</CharacterOffsetEnd>
            <POS>IN</POS>
          </token>
          <token id="20">
            <word>Twitter/befriend</word>
            <lemma>twitter/befriend</lemma>
            <CharacterOffsetBegin>994</CharacterOffsetBegin>
            <CharacterOffsetEnd>1010</CharacterOffsetEnd>
            <POS>NN</POS>
          </token>
          <token id="21">
            <word>on</word>
            <lemma>on</lemma>
            <CharacterOffsetBegin>1011</CharacterOffsetBegin>
            <CharacterOffsetEnd>1013</CharacterOffsetEnd>
            <POS>IN</POS>
          </token>
          <token id="22">
            <word>Facebook</word>
            <lemma>Facebook</lemma>
            <CharacterOffsetBegin>1014</CharacterOffsetBegin>
            <CharacterOffsetEnd>1022</CharacterOffsetEnd>
            <POS>NNP</POS>
          </token>
          <token id="23">
            <word>purely</word>
            <lemma>purely</lemma>
            <CharacterOffsetBegin>1023</CharacterOffsetBegin>
            <CharacterOffsetEnd>1029</CharacterOffsetEnd>
            <POS>RB</POS>
          </token>
          <token id="24">
            <word>to</word>
            <lemma>to</lemma>
            <CharacterOffsetBegin>1030</CharacterOffsetBegin>
            <CharacterOffsetEnd>1032</CharacterOffsetEnd>
            <POS>TO</POS>
          </token>
          <token id="25">
            <word>torture</word>
            <lemma>torture</lemma>
            <CharacterOffsetBegin>1033</CharacterOffsetBegin>
            <CharacterOffsetEnd>1040</CharacterOffsetEnd>
            <POS>VB</POS>
          </token>
          <token id="26">
            <word>yourself</word>
            <lemma>yourself</lemma>
            <CharacterOffsetBegin>1041</CharacterOffsetBegin>
            <CharacterOffsetEnd>1049</CharacterOffsetEnd>
            <POS>PRP</POS>
          </token>
          <token id="27">
            <word>with</word>
            <lemma>with</lemma>
            <CharacterOffsetBegin>1050</CharacterOffsetBegin>
            <CharacterOffsetEnd>1054</CharacterOffsetEnd>
            <POS>IN</POS>
          </token>
          <token id="28">
            <word>how</word>
            <lemma>how</lemma>
            <CharacterOffsetBegin>1055</CharacterOffsetBegin>
            <CharacterOffsetEnd>1058</CharacterOffsetEnd>
            <POS>WRB</POS>
          </token>
          <token id="29">
            <word>fabulous</word>
            <lemma>fabulous</lemma>
            <CharacterOffsetBegin>1059</CharacterOffsetBegin>
            <CharacterOffsetEnd>1067</CharacterOffsetEnd>
            <POS>JJ</POS>
          </token>
          <token id="30">
            <word>they</word>
            <lemma>they</lemma>
            <CharacterOffsetBegin>1068</CharacterOffsetBegin>
            <CharacterOffsetEnd>1072</CharacterOffsetEnd>
            <POS>PRP</POS>
          </token>
          <token id="31">
            <word>are</word>
            <lemma>be</lemma>
            <CharacterOffsetBegin>1073</CharacterOffsetBegin>
            <CharacterOffsetEnd>1076</CharacterOffsetEnd>
            <POS>VBP</POS>
          </token>
          <token id="32">
            <word>.</word>
            <lemma>.</lemma>
            <CharacterOffsetBegin>1076</CharacterOffsetBegin>
            <CharacterOffsetEnd>1077</CharacterOffsetEnd>
            <POS>.</POS>
          </token>
        </tokens>
      </sentence>
      <sentence id="10">
        <tokens>
          <token id="1">
            <word>Yes</word>
            <lemma>yes</lemma>
            <CharacterOffsetBegin>1078</CharacterOffsetBegin>
            <CharacterOffsetEnd>1081</CharacterOffsetEnd>
            <POS>UH</POS>
          </token>
          <token id="2">
            <word>,</word>
            <lemma>,</lemma>
            <CharacterOffsetBegin>1081</CharacterOffsetBegin>
            <CharacterOffsetEnd>1082</CharacterOffsetEnd>
            <POS>,</POS>
          </token>
          <token id="3">
            <word>you</word>
            <lemma>you</lemma>
            <CharacterOffsetBegin>1083</CharacterOffsetBegin>
            <CharacterOffsetEnd>1086</CharacterOffsetEnd>
            <POS>PRP</POS>
          </token>
          <token id="4">
            <word>do</word>
            <lemma>do</lemma>
            <CharacterOffsetBegin>1087</CharacterOffsetBegin>
            <CharacterOffsetEnd>1089</CharacterOffsetEnd>
            <POS>VBP</POS>
          </token>
          <token id="5">
            <word>.</word>
            <lemma>.</lemma>
            <CharacterOffsetBegin>1089</CharacterOffsetBegin>
            <CharacterOffsetEnd>1090</CharacterOffsetEnd>
            <POS>.</POS>
          </token>
        </tokens>
      </sentence>
      <sentence id="11">
        <tokens>
          <token id="1">
            <word>Stop</word>
            <lemma>stop</lemma>
            <CharacterOffsetBegin>1091</CharacterOffsetBegin>
            <CharacterOffsetEnd>1095</CharacterOffsetEnd>
            <POS>VB</POS>
          </token>
          <token id="2">
            <word>it</word>
            <lemma>it</lemma>
            <CharacterOffsetBegin>1096</CharacterOffsetBegin>
            <CharacterOffsetEnd>1098</CharacterOffsetEnd>
            <POS>PRP</POS>
          </token>
          <token id="3">
            <word>Skulls</word>
            <lemma>Skulls</lemma>
            <CharacterOffsetBegin>1099</CharacterOffsetBegin>
            <CharacterOffsetEnd>1105</CharacterOffsetEnd>
            <POS>NNPS</POS>
          </token>
          <token id="4">
            <word>On</word>
            <lemma>on</lemma>
            <CharacterOffsetBegin>1106</CharacterOffsetBegin>
            <CharacterOffsetEnd>1108</CharacterOffsetEnd>
            <POS>IN</POS>
          </token>
          <token id="5">
            <word>clothes</word>
            <lemma>clothes</lemma>
            <CharacterOffsetBegin>1109</CharacterOffsetBegin>
            <CharacterOffsetEnd>1116</CharacterOffsetEnd>
            <POS>NNS</POS>
          </token>
          <token id="6">
            <word>.</word>
            <lemma>.</lemma>
            <CharacterOffsetBegin>1116</CharacterOffsetBegin>
            <CharacterOffsetEnd>1117</CharacterOffsetEnd>
            <POS>.</POS>
          </token>
        </tokens>
      </sentence>
      <sentence id="12">
        <tokens>
          <token id="1">
            <word>Total</word>
            <lemma>Total</lemma>
            <CharacterOffsetBegin>1118</CharacterOffsetBegin>
            <CharacterOffsetEnd>1123</CharacterOffsetEnd>
            <POS>NNP</POS>
          </token>
          <token id="2">
            <word>.</word>
            <lemma>.</lemma>
            <CharacterOffsetBegin>1123</CharacterOffsetBegin>
            <CharacterOffsetEnd>1124</CharacterOffsetEnd>
            <POS>.</POS>
          </token>
        </tokens>
      </sentence>
      <sentence id="13">
        <tokens>
          <token id="1">
            <word>Cliché</word>
            <lemma>Cliché</lemma>
            <CharacterOffsetBegin>1125</CharacterOffsetBegin>
            <CharacterOffsetEnd>1131</CharacterOffsetEnd>
            <POS>NNP</POS>
          </token>
          <token id="2">
            <word>.</word>
            <lemma>.</lemma>
            <CharacterOffsetBegin>1131</CharacterOffsetBegin>
            <CharacterOffsetEnd>1132</CharacterOffsetEnd>
            <POS>.</POS>
          </token>
        </tokens>
      </sentence>
      <sentence id="14">
        <tokens>
          <token id="1">
            <word>And</word>
            <lemma>and</lemma>
            <CharacterOffsetBegin>1133</CharacterOffsetBegin>
            <CharacterOffsetEnd>1136</CharacterOffsetEnd>
            <POS>CC</POS>
          </token>
          <token id="2">
            <word>it</word>
            <lemma>it</lemma>
            <CharacterOffsetBegin>1137</CharacterOffsetBegin>
            <CharacterOffsetEnd>1139</CharacterOffsetEnd>
            <POS>PRP</POS>
          </token>
          <token id="3">
            <word>'s</word>
            <lemma>be</lemma>
            <CharacterOffsetBegin>1139</CharacterOffsetBegin>
            <CharacterOffsetEnd>1141</CharacterOffsetEnd>
            <POS>VBZ</POS>
          </token>
          <token id="4">
            <word>not</word>
            <lemma>not</lemma>
            <CharacterOffsetBegin>1142</CharacterOffsetBegin>
            <CharacterOffsetEnd>1145</CharacterOffsetEnd>
            <POS>RB</POS>
          </token>
          <token id="5">
            <word>Halloween</word>
            <lemma>Halloween</lemma>
            <CharacterOffsetBegin>1146</CharacterOffsetBegin>
            <CharacterOffsetEnd>1155</CharacterOffsetEnd>
            <POS>NNP</POS>
          </token>
          <token id="6">
            <word>for</word>
            <lemma>for</lemma>
            <CharacterOffsetBegin>1156</CharacterOffsetBegin>
            <CharacterOffsetEnd>1159</CharacterOffsetEnd>
            <POS>IN</POS>
          </token>
          <token id="7">
            <word>six</word>
            <lemma>six</lemma>
            <CharacterOffsetBegin>1160</CharacterOffsetBegin>
            <CharacterOffsetEnd>1163</CharacterOffsetEnd>
            <POS>CD</POS>
          </token>
          <token id="8">
            <word>months</word>
            <lemma>month</lemma>
            <CharacterOffsetBegin>1164</CharacterOffsetBegin>
            <CharacterOffsetEnd>1170</CharacterOffsetEnd>
            <POS>NNS</POS>
          </token>
          <token id="9">
            <word>Smug</word>
            <lemma>smug</lemma>
            <CharacterOffsetBegin>1171</CharacterOffsetBegin>
            <CharacterOffsetEnd>1175</CharacterOffsetEnd>
            <POS>JJ</POS>
          </token>
          <token id="10">
            <word>marathoners</word>
            <lemma>marathoner</lemma>
            <CharacterOffsetBegin>1176</CharacterOffsetBegin>
            <CharacterOffsetEnd>1187</CharacterOffsetEnd>
            <POS>NNS</POS>
          </token>
          <token id="11">
            <word>The</word>
            <lemma>the</lemma>
            <CharacterOffsetBegin>1188</CharacterOffsetBegin>
            <CharacterOffsetEnd>1191</CharacterOffsetEnd>
            <POS>DT</POS>
          </token>
          <token id="12">
            <word>new</word>
            <lemma>new</lemma>
            <CharacterOffsetBegin>1192</CharacterOffsetBegin>
            <CharacterOffsetEnd>1195</CharacterOffsetEnd>
            <POS>JJ</POS>
          </token>
          <token id="13">
            <word>smug</word>
            <lemma>smug</lemma>
            <CharacterOffsetBegin>1196</CharacterOffsetBegin>
            <CharacterOffsetEnd>1200</CharacterOffsetEnd>
            <POS>JJ</POS>
          </token>
          <token id="14">
            <word>marrieds</word>
            <lemma>married</lemma>
            <CharacterOffsetBegin>1201</CharacterOffsetBegin>
            <CharacterOffsetEnd>1209</CharacterOffsetEnd>
            <POS>NNS</POS>
          </token>
          <token id="15">
            <word>.</word>
            <lemma>.</lemma>
            <CharacterOffsetBegin>1209</CharacterOffsetBegin>
            <CharacterOffsetEnd>1210</CharacterOffsetEnd>
            <POS>.</POS>
          </token>
        </tokens>
      </sentence>
      <sentence id="15">
        <tokens>
          <token id="1">
            <word>I</word>
            <lemma>I</lemma>
            <CharacterOffsetBegin>1211</CharacterOffsetBegin>
            <CharacterOffsetEnd>1212</CharacterOffsetEnd>
            <POS>PRP</POS>
          </token>
          <token id="2">
            <word>mean</word>
            <lemma>mean</lemma>
            <CharacterOffsetBegin>1213</CharacterOffsetBegin>
            <CharacterOffsetEnd>1217</CharacterOffsetEnd>
            <POS>VBP</POS>
          </token>
          <token id="3">
            <word>,</word>
            <lemma>,</lemma>
            <CharacterOffsetBegin>1217</CharacterOffsetBegin>
            <CharacterOffsetEnd>1218</CharacterOffsetEnd>
            <POS>,</POS>
          </token>
          <token id="4">
            <word>good</word>
            <lemma>good</lemma>
            <CharacterOffsetBegin>1219</CharacterOffsetBegin>
            <CharacterOffsetEnd>1223</CharacterOffsetEnd>
            <POS>JJ</POS>
          </token>
          <token id="5">
            <word>on</word>
            <lemma>on</lemma>
            <CharacterOffsetBegin>1224</CharacterOffsetBegin>
            <CharacterOffsetEnd>1226</CharacterOffsetEnd>
            <POS>IN</POS>
          </token>
          <token id="6">
            <word>you</word>
            <lemma>you</lemma>
            <CharacterOffsetBegin>1227</CharacterOffsetBegin>
            <CharacterOffsetEnd>1230</CharacterOffsetEnd>
            <POS>PRP</POS>
          </token>
          <token id="7">
            <word>and</word>
            <lemma>and</lemma>
            <CharacterOffsetBegin>1231</CharacterOffsetBegin>
            <CharacterOffsetEnd>1234</CharacterOffsetEnd>
            <POS>CC</POS>
          </token>
          <token id="8">
            <word>all</word>
            <lemma>all</lemma>
            <CharacterOffsetBegin>1235</CharacterOffsetBegin>
            <CharacterOffsetEnd>1238</CharacterOffsetEnd>
            <POS>DT</POS>
          </token>
          <token id="9">
            <word>,</word>
            <lemma>,</lemma>
            <CharacterOffsetBegin>1238</CharacterOffsetBegin>
            <CharacterOffsetEnd>1239</CharacterOffsetEnd>
            <POS>,</POS>
          </token>
          <token id="10">
            <word>but</word>
            <lemma>but</lemma>
            <CharacterOffsetBegin>1240</CharacterOffsetBegin>
            <CharacterOffsetEnd>1243</CharacterOffsetEnd>
            <POS>CC</POS>
          </token>
          <token id="11">
            <word>you</word>
            <lemma>you</lemma>
            <CharacterOffsetBegin>1244</CharacterOffsetBegin>
            <CharacterOffsetEnd>1247</CharacterOffsetEnd>
            <POS>PRP</POS>
          </token>
          <token id="12">
            <word>do</word>
            <lemma>do</lemma>
            <CharacterOffsetBegin>1248</CharacterOffsetBegin>
            <CharacterOffsetEnd>1250</CharacterOffsetEnd>
            <POS>VBP</POS>
          </token>
          <token id="13">
            <word>realise</word>
            <lemma>realise</lemma>
            <CharacterOffsetBegin>1251</CharacterOffsetBegin>
            <CharacterOffsetEnd>1258</CharacterOffsetEnd>
            <POS>VB</POS>
          </token>
          <token id="14">
            <word>it</word>
            <lemma>it</lemma>
            <CharacterOffsetBegin>1259</CharacterOffsetBegin>
            <CharacterOffsetEnd>1261</CharacterOffsetEnd>
            <POS>PRP</POS>
          </token>
          <token id="15">
            <word>'s</word>
            <lemma>be</lemma>
            <CharacterOffsetBegin>1261</CharacterOffsetBegin>
            <CharacterOffsetEnd>1263</CharacterOffsetEnd>
            <POS>VBZ</POS>
          </token>
          <token id="16">
            <word>the</word>
            <lemma>the</lemma>
            <CharacterOffsetBegin>1264</CharacterOffsetBegin>
            <CharacterOffsetEnd>1267</CharacterOffsetEnd>
            <POS>DT</POS>
          </token>
          <token id="17">
            <word>new</word>
            <lemma>new</lemma>
            <CharacterOffsetBegin>1268</CharacterOffsetBegin>
            <CharacterOffsetEnd>1271</CharacterOffsetEnd>
            <POS>JJ</POS>
          </token>
          <token id="18">
            <word>midlife</word>
            <lemma>midlife</lemma>
            <CharacterOffsetBegin>1272</CharacterOffsetBegin>
            <CharacterOffsetEnd>1279</CharacterOffsetEnd>
            <POS>JJ</POS>
          </token>
          <token id="19">
            <word>crisis</word>
            <lemma>crisis</lemma>
            <CharacterOffsetBegin>1280</CharacterOffsetBegin>
            <CharacterOffsetEnd>1286</CharacterOffsetEnd>
            <POS>NN</POS>
          </token>
          <token id="20">
            <word>,</word>
            <lemma>,</lemma>
            <CharacterOffsetBegin>1286</CharacterOffsetBegin>
            <CharacterOffsetEnd>1287</CharacterOffsetEnd>
            <POS>,</POS>
          </token>
          <token id="21">
            <word>do</word>
            <lemma>do</lemma>
            <CharacterOffsetBegin>1288</CharacterOffsetBegin>
            <CharacterOffsetEnd>1290</CharacterOffsetEnd>
            <POS>VBP</POS>
          </token>
          <token id="22">
            <word>n't</word>
            <lemma>not</lemma>
            <CharacterOffsetBegin>1290</CharacterOffsetBegin>
            <CharacterOffsetEnd>1293</CharacterOffsetEnd>
            <POS>RB</POS>
          </token>
          <token id="23">
            <word>you</word>
            <lemma>you</lemma>
            <CharacterOffsetBegin>1294</CharacterOffsetBegin>
            <CharacterOffsetEnd>1297</CharacterOffsetEnd>
            <POS>PRP</POS>
          </token>
          <token id="24">
            <word>?</word>
            <lemma>?</lemma>
            <CharacterOffsetBegin>1297</CharacterOffsetBegin>
            <CharacterOffsetEnd>1298</CharacterOffsetEnd>
            <POS>.</POS>
          </token>
        </tokens>
      </sentence>
    </sentences>
  </document>
</root>
