<?xml version="1.0" encoding="UTF-8"?>
<?xml-stylesheet href="CoreNLP-to-HTML.xsl" type="text/xsl"?>
<root>
  <document>
    <sentences>
      <sentence id="1">
        <tokens>
          <token id="1">
            <word>Midwife</word>
            <lemma>midwife</lemma>
            <CharacterOffsetBegin>0</CharacterOffsetBegin>
            <CharacterOffsetEnd>7</CharacterOffsetEnd>
            <POS>NN</POS>
          </token>
          <token id="2">
            <word>shortage</word>
            <lemma>shortage</lemma>
            <CharacterOffsetBegin>8</CharacterOffsetBegin>
            <CharacterOffsetEnd>16</CharacterOffsetEnd>
            <POS>NN</POS>
          </token>
          <token id="3">
            <word>costs</word>
            <lemma>cost</lemma>
            <CharacterOffsetBegin>17</CharacterOffsetBegin>
            <CharacterOffsetEnd>22</CharacterOffsetEnd>
            <POS>NNS</POS>
          </token>
          <token id="4">
            <word>over</word>
            <lemma>over</lemma>
            <CharacterOffsetBegin>23</CharacterOffsetBegin>
            <CharacterOffsetEnd>27</CharacterOffsetEnd>
            <POS>IN</POS>
          </token>
          <token id="5">
            <word>a</word>
            <lemma>a</lemma>
            <CharacterOffsetBegin>28</CharacterOffsetBegin>
            <CharacterOffsetEnd>29</CharacterOffsetEnd>
            <POS>DT</POS>
          </token>
          <token id="6">
            <word>million</word>
            <lemma>million</lemma>
            <CharacterOffsetBegin>30</CharacterOffsetBegin>
            <CharacterOffsetEnd>37</CharacterOffsetEnd>
            <POS>CD</POS>
          </token>
          <token id="7">
            <word>lives</word>
            <lemma>life</lemma>
            <CharacterOffsetBegin>38</CharacterOffsetBegin>
            <CharacterOffsetEnd>43</CharacterOffsetEnd>
            <POS>NNS</POS>
          </token>
          <token id="8">
            <word>,</word>
            <lemma>,</lemma>
            <CharacterOffsetBegin>43</CharacterOffsetBegin>
            <CharacterOffsetEnd>44</CharacterOffsetEnd>
            <POS>,</POS>
          </token>
          <token id="9">
            <word>report</word>
            <lemma>report</lemma>
            <CharacterOffsetBegin>45</CharacterOffsetBegin>
            <CharacterOffsetEnd>51</CharacterOffsetEnd>
            <POS>NN</POS>
          </token>
          <token id="10">
            <word>says</word>
            <lemma>say</lemma>
            <CharacterOffsetBegin>52</CharacterOffsetBegin>
            <CharacterOffsetEnd>56</CharacterOffsetEnd>
            <POS>VBZ</POS>
          </token>
        </tokens>
      </sentence>
      <sentence id="2">
        <tokens>
          <token id="1">
            <word>Half</word>
            <lemma>half</lemma>
            <CharacterOffsetBegin>58</CharacterOffsetBegin>
            <CharacterOffsetEnd>62</CharacterOffsetEnd>
            <POS>NN</POS>
          </token>
          <token id="2">
            <word>of</word>
            <lemma>of</lemma>
            <CharacterOffsetBegin>63</CharacterOffsetBegin>
            <CharacterOffsetEnd>65</CharacterOffsetEnd>
            <POS>IN</POS>
          </token>
          <token id="3">
            <word>mothers</word>
            <lemma>mother</lemma>
            <CharacterOffsetBegin>66</CharacterOffsetBegin>
            <CharacterOffsetEnd>73</CharacterOffsetEnd>
            <POS>NNS</POS>
          </token>
          <token id="4">
            <word>give</word>
            <lemma>give</lemma>
            <CharacterOffsetBegin>74</CharacterOffsetBegin>
            <CharacterOffsetEnd>78</CharacterOffsetEnd>
            <POS>VBP</POS>
          </token>
          <token id="5">
            <word>birth</word>
            <lemma>birth</lemma>
            <CharacterOffsetBegin>79</CharacterOffsetBegin>
            <CharacterOffsetEnd>84</CharacterOffsetEnd>
            <POS>NN</POS>
          </token>
          <token id="6">
            <word>without</word>
            <lemma>without</lemma>
            <CharacterOffsetBegin>85</CharacterOffsetBegin>
            <CharacterOffsetEnd>92</CharacterOffsetEnd>
            <POS>IN</POS>
          </token>
          <token id="7">
            <word>any</word>
            <lemma>any</lemma>
            <CharacterOffsetBegin>93</CharacterOffsetBegin>
            <CharacterOffsetEnd>96</CharacterOffsetEnd>
            <POS>DT</POS>
          </token>
          <token id="8">
            <word>trained</word>
            <lemma>trained</lemma>
            <CharacterOffsetBegin>97</CharacterOffsetBegin>
            <CharacterOffsetEnd>104</CharacterOffsetEnd>
            <POS>JJ</POS>
          </token>
          <token id="9">
            <word>help</word>
            <lemma>help</lemma>
            <CharacterOffsetBegin>105</CharacterOffsetBegin>
            <CharacterOffsetEnd>109</CharacterOffsetEnd>
            <POS>NN</POS>
          </token>
          <token id="10">
            <word>in</word>
            <lemma>in</lemma>
            <CharacterOffsetBegin>110</CharacterOffsetBegin>
            <CharacterOffsetEnd>112</CharacterOffsetEnd>
            <POS>IN</POS>
          </token>
          <token id="11">
            <word>least</word>
            <lemma>least</lemma>
            <CharacterOffsetBegin>113</CharacterOffsetBegin>
            <CharacterOffsetEnd>118</CharacterOffsetEnd>
            <POS>JJS</POS>
          </token>
          <token id="12">
            <word>developed</word>
            <lemma>developed</lemma>
            <CharacterOffsetBegin>119</CharacterOffsetBegin>
            <CharacterOffsetEnd>128</CharacterOffsetEnd>
            <POS>JJ</POS>
          </token>
          <token id="13">
            <word>nations</word>
            <lemma>nation</lemma>
            <CharacterOffsetBegin>129</CharacterOffsetBegin>
            <CharacterOffsetEnd>136</CharacterOffsetEnd>
            <POS>NNS</POS>
          </token>
          <token id="14">
            <word>KABUL</word>
            <lemma>KABUL</lemma>
            <CharacterOffsetBegin>137</CharacterOffsetBegin>
            <CharacterOffsetEnd>142</CharacterOffsetEnd>
            <POS>NNP</POS>
          </token>
          <token id="15">
            <word>--</word>
            <lemma>--</lemma>
            <CharacterOffsetBegin>143</CharacterOffsetBegin>
            <CharacterOffsetEnd>144</CharacterOffsetEnd>
            <POS>:</POS>
          </token>
          <token id="16">
            <word>More</word>
            <lemma>more</lemma>
            <CharacterOffsetBegin>145</CharacterOffsetBegin>
            <CharacterOffsetEnd>149</CharacterOffsetEnd>
            <POS>JJR</POS>
          </token>
          <token id="17">
            <word>than</word>
            <lemma>than</lemma>
            <CharacterOffsetBegin>150</CharacterOffsetBegin>
            <CharacterOffsetEnd>154</CharacterOffsetEnd>
            <POS>IN</POS>
          </token>
          <token id="18">
            <word>a</word>
            <lemma>a</lemma>
            <CharacterOffsetBegin>155</CharacterOffsetBegin>
            <CharacterOffsetEnd>156</CharacterOffsetEnd>
            <POS>DT</POS>
          </token>
          <token id="19">
            <word>million</word>
            <lemma>million</lemma>
            <CharacterOffsetBegin>157</CharacterOffsetBegin>
            <CharacterOffsetEnd>164</CharacterOffsetEnd>
            <POS>CD</POS>
          </token>
          <token id="20">
            <word>mothers</word>
            <lemma>mother</lemma>
            <CharacterOffsetBegin>165</CharacterOffsetBegin>
            <CharacterOffsetEnd>172</CharacterOffsetEnd>
            <POS>NNS</POS>
          </token>
          <token id="21">
            <word>and</word>
            <lemma>and</lemma>
            <CharacterOffsetBegin>173</CharacterOffsetBegin>
            <CharacterOffsetEnd>176</CharacterOffsetEnd>
            <POS>CC</POS>
          </token>
          <token id="22">
            <word>newborn</word>
            <lemma>newborn</lemma>
            <CharacterOffsetBegin>177</CharacterOffsetBegin>
            <CharacterOffsetEnd>184</CharacterOffsetEnd>
            <POS>JJ</POS>
          </token>
          <token id="23">
            <word>babies</word>
            <lemma>baby</lemma>
            <CharacterOffsetBegin>185</CharacterOffsetBegin>
            <CharacterOffsetEnd>191</CharacterOffsetEnd>
            <POS>NNS</POS>
          </token>
          <token id="24">
            <word>are</word>
            <lemma>be</lemma>
            <CharacterOffsetBegin>192</CharacterOffsetBegin>
            <CharacterOffsetEnd>195</CharacterOffsetEnd>
            <POS>VBP</POS>
          </token>
          <token id="25">
            <word>dying</word>
            <lemma>die</lemma>
            <CharacterOffsetBegin>196</CharacterOffsetBegin>
            <CharacterOffsetEnd>201</CharacterOffsetEnd>
            <POS>VBG</POS>
          </token>
          <token id="26">
            <word>each</word>
            <lemma>each</lemma>
            <CharacterOffsetBegin>202</CharacterOffsetBegin>
            <CharacterOffsetEnd>206</CharacterOffsetEnd>
            <POS>DT</POS>
          </token>
          <token id="27">
            <word>year</word>
            <lemma>year</lemma>
            <CharacterOffsetBegin>207</CharacterOffsetBegin>
            <CharacterOffsetEnd>211</CharacterOffsetEnd>
            <POS>NN</POS>
          </token>
          <token id="28">
            <word>from</word>
            <lemma>from</lemma>
            <CharacterOffsetBegin>212</CharacterOffsetBegin>
            <CharacterOffsetEnd>216</CharacterOffsetEnd>
            <POS>IN</POS>
          </token>
          <token id="29">
            <word>easily</word>
            <lemma>easily</lemma>
            <CharacterOffsetBegin>217</CharacterOffsetBegin>
            <CharacterOffsetEnd>223</CharacterOffsetEnd>
            <POS>RB</POS>
          </token>
          <token id="30">
            <word>prevented</word>
            <lemma>prevent</lemma>
            <CharacterOffsetBegin>224</CharacterOffsetBegin>
            <CharacterOffsetEnd>233</CharacterOffsetEnd>
            <POS>VBN</POS>
          </token>
          <token id="31">
            <word>birth</word>
            <lemma>birth</lemma>
            <CharacterOffsetBegin>234</CharacterOffsetBegin>
            <CharacterOffsetEnd>239</CharacterOffsetEnd>
            <POS>NN</POS>
          </token>
          <token id="32">
            <word>complications</word>
            <lemma>complication</lemma>
            <CharacterOffsetBegin>240</CharacterOffsetBegin>
            <CharacterOffsetEnd>253</CharacterOffsetEnd>
            <POS>NNS</POS>
          </token>
          <token id="33">
            <word>because</word>
            <lemma>because</lemma>
            <CharacterOffsetBegin>254</CharacterOffsetBegin>
            <CharacterOffsetEnd>261</CharacterOffsetEnd>
            <POS>IN</POS>
          </token>
          <token id="34">
            <word>of</word>
            <lemma>of</lemma>
            <CharacterOffsetBegin>262</CharacterOffsetBegin>
            <CharacterOffsetEnd>264</CharacterOffsetEnd>
            <POS>IN</POS>
          </token>
          <token id="35">
            <word>a</word>
            <lemma>a</lemma>
            <CharacterOffsetBegin>265</CharacterOffsetBegin>
            <CharacterOffsetEnd>266</CharacterOffsetEnd>
            <POS>DT</POS>
          </token>
          <token id="36">
            <word>chronic</word>
            <lemma>chronic</lemma>
            <CharacterOffsetBegin>267</CharacterOffsetBegin>
            <CharacterOffsetEnd>274</CharacterOffsetEnd>
            <POS>JJ</POS>
          </token>
          <token id="37">
            <word>shortage</word>
            <lemma>shortage</lemma>
            <CharacterOffsetBegin>275</CharacterOffsetBegin>
            <CharacterOffsetEnd>283</CharacterOffsetEnd>
            <POS>NN</POS>
          </token>
          <token id="38">
            <word>of</word>
            <lemma>of</lemma>
            <CharacterOffsetBegin>284</CharacterOffsetBegin>
            <CharacterOffsetEnd>286</CharacterOffsetEnd>
            <POS>IN</POS>
          </token>
          <token id="39">
            <word>midwives</word>
            <lemma>midwife</lemma>
            <CharacterOffsetBegin>287</CharacterOffsetBegin>
            <CharacterOffsetEnd>295</CharacterOffsetEnd>
            <POS>NNS</POS>
          </token>
          <token id="40">
            <word>across</word>
            <lemma>across</lemma>
            <CharacterOffsetBegin>296</CharacterOffsetBegin>
            <CharacterOffsetEnd>302</CharacterOffsetEnd>
            <POS>IN</POS>
          </token>
          <token id="41">
            <word>much</word>
            <lemma>much</lemma>
            <CharacterOffsetBegin>303</CharacterOffsetBegin>
            <CharacterOffsetEnd>307</CharacterOffsetEnd>
            <POS>JJ</POS>
          </token>
          <token id="42">
            <word>of</word>
            <lemma>of</lemma>
            <CharacterOffsetBegin>308</CharacterOffsetBegin>
            <CharacterOffsetEnd>310</CharacterOffsetEnd>
            <POS>IN</POS>
          </token>
          <token id="43">
            <word>the</word>
            <lemma>the</lemma>
            <CharacterOffsetBegin>311</CharacterOffsetBegin>
            <CharacterOffsetEnd>314</CharacterOffsetEnd>
            <POS>DT</POS>
          </token>
          <token id="44">
            <word>developing</word>
            <lemma>develop</lemma>
            <CharacterOffsetBegin>315</CharacterOffsetBegin>
            <CharacterOffsetEnd>325</CharacterOffsetEnd>
            <POS>VBG</POS>
          </token>
          <token id="45">
            <word>world</word>
            <lemma>world</lemma>
            <CharacterOffsetBegin>326</CharacterOffsetBegin>
            <CharacterOffsetEnd>331</CharacterOffsetEnd>
            <POS>NN</POS>
          </token>
          <token id="46">
            <word>,</word>
            <lemma>,</lemma>
            <CharacterOffsetBegin>331</CharacterOffsetBegin>
            <CharacterOffsetEnd>332</CharacterOffsetEnd>
            <POS>,</POS>
          </token>
          <token id="47">
            <word>a</word>
            <lemma>a</lemma>
            <CharacterOffsetBegin>333</CharacterOffsetBegin>
            <CharacterOffsetEnd>334</CharacterOffsetEnd>
            <POS>DT</POS>
          </token>
          <token id="48">
            <word>new</word>
            <lemma>new</lemma>
            <CharacterOffsetBegin>335</CharacterOffsetBegin>
            <CharacterOffsetEnd>338</CharacterOffsetEnd>
            <POS>JJ</POS>
          </token>
          <token id="49">
            <word>report</word>
            <lemma>report</lemma>
            <CharacterOffsetBegin>339</CharacterOffsetBegin>
            <CharacterOffsetEnd>345</CharacterOffsetEnd>
            <POS>NN</POS>
          </token>
          <token id="50">
            <word>from</word>
            <lemma>from</lemma>
            <CharacterOffsetBegin>346</CharacterOffsetBegin>
            <CharacterOffsetEnd>350</CharacterOffsetEnd>
            <POS>IN</POS>
          </token>
          <token id="51">
            <word>Save</word>
            <lemma>save</lemma>
            <CharacterOffsetBegin>351</CharacterOffsetBegin>
            <CharacterOffsetEnd>355</CharacterOffsetEnd>
            <POS>VB</POS>
          </token>
          <token id="52">
            <word>the</word>
            <lemma>the</lemma>
            <CharacterOffsetBegin>356</CharacterOffsetBegin>
            <CharacterOffsetEnd>359</CharacterOffsetEnd>
            <POS>DT</POS>
          </token>
          <token id="53">
            <word>Children</word>
            <lemma>Children</lemma>
            <CharacterOffsetBegin>360</CharacterOffsetBegin>
            <CharacterOffsetEnd>368</CharacterOffsetEnd>
            <POS>NNP</POS>
          </token>
          <token id="54">
            <word>said</word>
            <lemma>say</lemma>
            <CharacterOffsetBegin>369</CharacterOffsetBegin>
            <CharacterOffsetEnd>373</CharacterOffsetEnd>
            <POS>VBD</POS>
          </token>
          <token id="55">
            <word>on</word>
            <lemma>on</lemma>
            <CharacterOffsetBegin>374</CharacterOffsetBegin>
            <CharacterOffsetEnd>376</CharacterOffsetEnd>
            <POS>IN</POS>
          </token>
          <token id="56">
            <word>Friday</word>
            <lemma>Friday</lemma>
            <CharacterOffsetBegin>377</CharacterOffsetBegin>
            <CharacterOffsetEnd>383</CharacterOffsetEnd>
            <POS>NNP</POS>
          </token>
          <token id="57">
            <word>.</word>
            <lemma>.</lemma>
            <CharacterOffsetBegin>383</CharacterOffsetBegin>
            <CharacterOffsetEnd>384</CharacterOffsetEnd>
            <POS>.</POS>
          </token>
        </tokens>
      </sentence>
    </sentences>
  </document>
</root>
