<?xml version="1.0" encoding="UTF-8"?>
<?xml-stylesheet href="CoreNLP-to-HTML.xsl" type="text/xsl"?>
<root>
  <document>
    <sentences>
      <sentence id="1">
        <tokens>
          <token id="1">
            <word>Many</word>
            <lemma>many</lemma>
            <CharacterOffsetBegin>0</CharacterOffsetBegin>
            <CharacterOffsetEnd>4</CharacterOffsetEnd>
            <POS>JJ</POS>
          </token>
          <token id="2">
            <word>women</word>
            <lemma>woman</lemma>
            <CharacterOffsetBegin>5</CharacterOffsetBegin>
            <CharacterOffsetEnd>10</CharacterOffsetEnd>
            <POS>NNS</POS>
          </token>
          <token id="3">
            <word>have</word>
            <lemma>have</lemma>
            <CharacterOffsetBegin>11</CharacterOffsetBegin>
            <CharacterOffsetEnd>15</CharacterOffsetEnd>
            <POS>VBP</POS>
          </token>
          <token id="4">
            <word>kids</word>
            <lemma>kid</lemma>
            <CharacterOffsetBegin>16</CharacterOffsetBegin>
            <CharacterOffsetEnd>20</CharacterOffsetEnd>
            <POS>NNS</POS>
          </token>
          <token id="5">
            <word>with</word>
            <lemma>with</lemma>
            <CharacterOffsetBegin>21</CharacterOffsetBegin>
            <CharacterOffsetEnd>25</CharacterOffsetEnd>
            <POS>IN</POS>
          </token>
          <token id="6">
            <word>multiple</word>
            <lemma>multiple</lemma>
            <CharacterOffsetBegin>26</CharacterOffsetBegin>
            <CharacterOffsetEnd>34</CharacterOffsetEnd>
            <POS>JJ</POS>
          </token>
          <token id="7">
            <word>fathers</word>
            <lemma>father</lemma>
            <CharacterOffsetBegin>35</CharacterOffsetBegin>
            <CharacterOffsetEnd>42</CharacterOffsetEnd>
            <POS>NNS</POS>
          </token>
        </tokens>
      </sentence>
      <sentence id="2">
        <tokens>
          <token id="1">
            <word>WASHINGTON</word>
            <lemma>WASHINGTON</lemma>
            <CharacterOffsetBegin>44</CharacterOffsetBegin>
            <CharacterOffsetEnd>54</CharacterOffsetEnd>
            <POS>NNP</POS>
          </token>
          <token id="2">
            <word>,</word>
            <lemma>,</lemma>
            <CharacterOffsetBegin>54</CharacterOffsetBegin>
            <CharacterOffsetEnd>55</CharacterOffsetEnd>
            <POS>,</POS>
          </token>
          <token id="3">
            <word>April</word>
            <lemma>April</lemma>
            <CharacterOffsetBegin>56</CharacterOffsetBegin>
            <CharacterOffsetEnd>61</CharacterOffsetEnd>
            <POS>NNP</POS>
          </token>
          <token id="4">
            <word>1</word>
            <lemma>1</lemma>
            <CharacterOffsetBegin>62</CharacterOffsetBegin>
            <CharacterOffsetEnd>63</CharacterOffsetEnd>
            <POS>CD</POS>
          </token>
          <token id="5">
            <word>-LRB-</word>
            <lemma>-lrb-</lemma>
            <CharacterOffsetBegin>64</CharacterOffsetBegin>
            <CharacterOffsetEnd>65</CharacterOffsetEnd>
            <POS>-LRB-</POS>
          </token>
          <token id="6">
            <word>UPI</word>
            <lemma>upi</lemma>
            <CharacterOffsetBegin>65</CharacterOffsetBegin>
            <CharacterOffsetEnd>68</CharacterOffsetEnd>
            <POS>NN</POS>
          </token>
          <token id="7">
            <word>-RRB-</word>
            <lemma>-rrb-</lemma>
            <CharacterOffsetBegin>68</CharacterOffsetBegin>
            <CharacterOffsetEnd>69</CharacterOffsetEnd>
            <POS>-RRB-</POS>
          </token>
          <token id="8">
            <word>-</word>
            <lemma>-</lemma>
            <CharacterOffsetBegin>70</CharacterOffsetBegin>
            <CharacterOffsetEnd>71</CharacterOffsetEnd>
            <POS>:</POS>
          </token>
          <token id="9">
            <word>It</word>
            <lemma>it</lemma>
            <CharacterOffsetBegin>72</CharacterOffsetBegin>
            <CharacterOffsetEnd>74</CharacterOffsetEnd>
            <POS>PRP</POS>
          </token>
          <token id="10">
            <word>is</word>
            <lemma>be</lemma>
            <CharacterOffsetBegin>75</CharacterOffsetBegin>
            <CharacterOffsetEnd>77</CharacterOffsetEnd>
            <POS>VBZ</POS>
          </token>
          <token id="11">
            <word>surprisingly</word>
            <lemma>surprisingly</lemma>
            <CharacterOffsetBegin>78</CharacterOffsetBegin>
            <CharacterOffsetEnd>90</CharacterOffsetEnd>
            <POS>RB</POS>
          </token>
          <token id="12">
            <word>common</word>
            <lemma>common</lemma>
            <CharacterOffsetBegin>91</CharacterOffsetBegin>
            <CharacterOffsetEnd>97</CharacterOffsetEnd>
            <POS>JJ</POS>
          </token>
          <token id="13">
            <word>for</word>
            <lemma>for</lemma>
            <CharacterOffsetBegin>98</CharacterOffsetBegin>
            <CharacterOffsetEnd>101</CharacterOffsetEnd>
            <POS>IN</POS>
          </token>
          <token id="14">
            <word>U.S.</word>
            <lemma>U.S.</lemma>
            <CharacterOffsetBegin>102</CharacterOffsetBegin>
            <CharacterOffsetEnd>106</CharacterOffsetEnd>
            <POS>NNP</POS>
          </token>
          <token id="15">
            <word>women</word>
            <lemma>woman</lemma>
            <CharacterOffsetBegin>107</CharacterOffsetBegin>
            <CharacterOffsetEnd>112</CharacterOffsetEnd>
            <POS>NNS</POS>
          </token>
          <token id="16">
            <word>of</word>
            <lemma>of</lemma>
            <CharacterOffsetBegin>113</CharacterOffsetBegin>
            <CharacterOffsetEnd>115</CharacterOffsetEnd>
            <POS>IN</POS>
          </token>
          <token id="17">
            <word>all</word>
            <lemma>all</lemma>
            <CharacterOffsetBegin>116</CharacterOffsetBegin>
            <CharacterOffsetEnd>119</CharacterOffsetEnd>
            <POS>DT</POS>
          </token>
          <token id="18">
            <word>levels</word>
            <lemma>level</lemma>
            <CharacterOffsetBegin>120</CharacterOffsetBegin>
            <CharacterOffsetEnd>126</CharacterOffsetEnd>
            <POS>NNS</POS>
          </token>
          <token id="19">
            <word>of</word>
            <lemma>of</lemma>
            <CharacterOffsetBegin>127</CharacterOffsetBegin>
            <CharacterOffsetEnd>129</CharacterOffsetEnd>
            <POS>IN</POS>
          </token>
          <token id="20">
            <word>income</word>
            <lemma>income</lemma>
            <CharacterOffsetBegin>130</CharacterOffsetBegin>
            <CharacterOffsetEnd>136</CharacterOffsetEnd>
            <POS>NN</POS>
          </token>
          <token id="21">
            <word>and</word>
            <lemma>and</lemma>
            <CharacterOffsetBegin>137</CharacterOffsetBegin>
            <CharacterOffsetEnd>140</CharacterOffsetEnd>
            <POS>CC</POS>
          </token>
          <token id="22">
            <word>education</word>
            <lemma>education</lemma>
            <CharacterOffsetBegin>141</CharacterOffsetBegin>
            <CharacterOffsetEnd>150</CharacterOffsetEnd>
            <POS>NN</POS>
          </token>
          <token id="23">
            <word>to</word>
            <lemma>to</lemma>
            <CharacterOffsetBegin>151</CharacterOffsetBegin>
            <CharacterOffsetEnd>153</CharacterOffsetEnd>
            <POS>TO</POS>
          </token>
          <token id="24">
            <word>have</word>
            <lemma>have</lemma>
            <CharacterOffsetBegin>154</CharacterOffsetBegin>
            <CharacterOffsetEnd>158</CharacterOffsetEnd>
            <POS>VB</POS>
          </token>
          <token id="25">
            <word>more</word>
            <lemma>more</lemma>
            <CharacterOffsetBegin>159</CharacterOffsetBegin>
            <CharacterOffsetEnd>163</CharacterOffsetEnd>
            <POS>JJR</POS>
          </token>
          <token id="26">
            <word>than</word>
            <lemma>than</lemma>
            <CharacterOffsetBegin>164</CharacterOffsetBegin>
            <CharacterOffsetEnd>168</CharacterOffsetEnd>
            <POS>IN</POS>
          </token>
          <token id="27">
            <word>one</word>
            <lemma>one</lemma>
            <CharacterOffsetBegin>169</CharacterOffsetBegin>
            <CharacterOffsetEnd>172</CharacterOffsetEnd>
            <POS>CD</POS>
          </token>
          <token id="28">
            <word>father</word>
            <lemma>father</lemma>
            <CharacterOffsetBegin>173</CharacterOffsetBegin>
            <CharacterOffsetEnd>179</CharacterOffsetEnd>
            <POS>NN</POS>
          </token>
          <token id="29">
            <word>for</word>
            <lemma>for</lemma>
            <CharacterOffsetBegin>180</CharacterOffsetBegin>
            <CharacterOffsetEnd>183</CharacterOffsetEnd>
            <POS>IN</POS>
          </token>
          <token id="30">
            <word>their</word>
            <lemma>they</lemma>
            <CharacterOffsetBegin>184</CharacterOffsetBegin>
            <CharacterOffsetEnd>189</CharacterOffsetEnd>
            <POS>PRP$</POS>
          </token>
          <token id="31">
            <word>children</word>
            <lemma>child</lemma>
            <CharacterOffsetBegin>190</CharacterOffsetBegin>
            <CharacterOffsetEnd>198</CharacterOffsetEnd>
            <POS>NNS</POS>
          </token>
          <token id="32">
            <word>,</word>
            <lemma>,</lemma>
            <CharacterOffsetBegin>198</CharacterOffsetBegin>
            <CharacterOffsetEnd>199</CharacterOffsetEnd>
            <POS>,</POS>
          </token>
          <token id="33">
            <word>researchers</word>
            <lemma>researcher</lemma>
            <CharacterOffsetBegin>200</CharacterOffsetBegin>
            <CharacterOffsetEnd>211</CharacterOffsetEnd>
            <POS>NNS</POS>
          </token>
          <token id="34">
            <word>found</word>
            <lemma>find</lemma>
            <CharacterOffsetBegin>212</CharacterOffsetBegin>
            <CharacterOffsetEnd>217</CharacterOffsetEnd>
            <POS>VBD</POS>
          </token>
          <token id="35">
            <word>.</word>
            <lemma>.</lemma>
            <CharacterOffsetBegin>217</CharacterOffsetBegin>
            <CharacterOffsetEnd>218</CharacterOffsetEnd>
            <POS>.</POS>
          </token>
        </tokens>
      </sentence>
      <sentence id="3">
        <tokens>
          <token id="1">
            <word>Demographer</word>
            <lemma>Demographer</lemma>
            <CharacterOffsetBegin>219</CharacterOffsetBegin>
            <CharacterOffsetEnd>230</CharacterOffsetEnd>
            <POS>NNP</POS>
          </token>
          <token id="2">
            <word>Cassandra</word>
            <lemma>Cassandra</lemma>
            <CharacterOffsetBegin>231</CharacterOffsetBegin>
            <CharacterOffsetEnd>240</CharacterOffsetEnd>
            <POS>NNP</POS>
          </token>
          <token id="3">
            <word>Dorius</word>
            <lemma>Dorius</lemma>
            <CharacterOffsetBegin>241</CharacterOffsetBegin>
            <CharacterOffsetEnd>247</CharacterOffsetEnd>
            <POS>NNP</POS>
          </token>
          <token id="4">
            <word>,</word>
            <lemma>,</lemma>
            <CharacterOffsetBegin>247</CharacterOffsetBegin>
            <CharacterOffsetEnd>248</CharacterOffsetEnd>
            <POS>,</POS>
          </token>
          <token id="5">
            <word>a</word>
            <lemma>a</lemma>
            <CharacterOffsetBegin>249</CharacterOffsetBegin>
            <CharacterOffsetEnd>250</CharacterOffsetEnd>
            <POS>DT</POS>
          </token>
          <token id="6">
            <word>postdoctoral</word>
            <lemma>postdoctoral</lemma>
            <CharacterOffsetBegin>251</CharacterOffsetBegin>
            <CharacterOffsetEnd>263</CharacterOffsetEnd>
            <POS>JJ</POS>
          </token>
          <token id="7">
            <word>fellow</word>
            <lemma>fellow</lemma>
            <CharacterOffsetBegin>264</CharacterOffsetBegin>
            <CharacterOffsetEnd>270</CharacterOffsetEnd>
            <POS>NN</POS>
          </token>
          <token id="8">
            <word>at</word>
            <lemma>at</lemma>
            <CharacterOffsetBegin>271</CharacterOffsetBegin>
            <CharacterOffsetEnd>273</CharacterOffsetEnd>
            <POS>IN</POS>
          </token>
          <token id="9">
            <word>the</word>
            <lemma>the</lemma>
            <CharacterOffsetBegin>274</CharacterOffsetBegin>
            <CharacterOffsetEnd>277</CharacterOffsetEnd>
            <POS>DT</POS>
          </token>
          <token id="10">
            <word>University</word>
            <lemma>University</lemma>
            <CharacterOffsetBegin>278</CharacterOffsetBegin>
            <CharacterOffsetEnd>288</CharacterOffsetEnd>
            <POS>NNP</POS>
          </token>
          <token id="11">
            <word>of</word>
            <lemma>of</lemma>
            <CharacterOffsetBegin>289</CharacterOffsetBegin>
            <CharacterOffsetEnd>291</CharacterOffsetEnd>
            <POS>IN</POS>
          </token>
          <token id="12">
            <word>Michigan</word>
            <lemma>Michigan</lemma>
            <CharacterOffsetBegin>292</CharacterOffsetBegin>
            <CharacterOffsetEnd>300</CharacterOffsetEnd>
            <POS>NNP</POS>
          </token>
          <token id="13">
            <word>Institute</word>
            <lemma>Institute</lemma>
            <CharacterOffsetBegin>301</CharacterOffsetBegin>
            <CharacterOffsetEnd>310</CharacterOffsetEnd>
            <POS>NNP</POS>
          </token>
          <token id="14">
            <word>for</word>
            <lemma>for</lemma>
            <CharacterOffsetBegin>311</CharacterOffsetBegin>
            <CharacterOffsetEnd>314</CharacterOffsetEnd>
            <POS>IN</POS>
          </token>
          <token id="15">
            <word>Social</word>
            <lemma>Social</lemma>
            <CharacterOffsetBegin>315</CharacterOffsetBegin>
            <CharacterOffsetEnd>321</CharacterOffsetEnd>
            <POS>NNP</POS>
          </token>
          <token id="16">
            <word>Research</word>
            <lemma>Research</lemma>
            <CharacterOffsetBegin>322</CharacterOffsetBegin>
            <CharacterOffsetEnd>330</CharacterOffsetEnd>
            <POS>NNP</POS>
          </token>
          <token id="17">
            <word>in</word>
            <lemma>in</lemma>
            <CharacterOffsetBegin>331</CharacterOffsetBegin>
            <CharacterOffsetEnd>333</CharacterOffsetEnd>
            <POS>IN</POS>
          </token>
          <token id="18">
            <word>Ann</word>
            <lemma>Ann</lemma>
            <CharacterOffsetBegin>334</CharacterOffsetBegin>
            <CharacterOffsetEnd>337</CharacterOffsetEnd>
            <POS>NNP</POS>
          </token>
          <token id="19">
            <word>Arbor</word>
            <lemma>Arbor</lemma>
            <CharacterOffsetBegin>338</CharacterOffsetBegin>
            <CharacterOffsetEnd>343</CharacterOffsetEnd>
            <POS>NNP</POS>
          </token>
          <token id="20">
            <word>,</word>
            <lemma>,</lemma>
            <CharacterOffsetBegin>343</CharacterOffsetBegin>
            <CharacterOffsetEnd>344</CharacterOffsetEnd>
            <POS>,</POS>
          </token>
          <token id="21">
            <word>analyzed</word>
            <lemma>analyze</lemma>
            <CharacterOffsetBegin>345</CharacterOffsetBegin>
            <CharacterOffsetEnd>353</CharacterOffsetEnd>
            <POS>VBD</POS>
          </token>
          <token id="22">
            <word>data</word>
            <lemma>datum</lemma>
            <CharacterOffsetBegin>354</CharacterOffsetBegin>
            <CharacterOffsetEnd>358</CharacterOffsetEnd>
            <POS>NNS</POS>
          </token>
          <token id="23">
            <word>on</word>
            <lemma>on</lemma>
            <CharacterOffsetBegin>359</CharacterOffsetBegin>
            <CharacterOffsetEnd>361</CharacterOffsetEnd>
            <POS>IN</POS>
          </token>
          <token id="24">
            <word>nearly</word>
            <lemma>nearly</lemma>
            <CharacterOffsetBegin>362</CharacterOffsetBegin>
            <CharacterOffsetEnd>368</CharacterOffsetEnd>
            <POS>RB</POS>
          </token>
          <token id="25">
            <word>4,000</word>
            <lemma>4,000</lemma>
            <CharacterOffsetBegin>369</CharacterOffsetBegin>
            <CharacterOffsetEnd>374</CharacterOffsetEnd>
            <POS>CD</POS>
          </token>
          <token id="26">
            <word>U.S.</word>
            <lemma>U.S.</lemma>
            <CharacterOffsetBegin>375</CharacterOffsetBegin>
            <CharacterOffsetEnd>379</CharacterOffsetEnd>
            <POS>NNP</POS>
          </token>
          <token id="27">
            <word>women</word>
            <lemma>woman</lemma>
            <CharacterOffsetBegin>380</CharacterOffsetBegin>
            <CharacterOffsetEnd>385</CharacterOffsetEnd>
            <POS>NNS</POS>
          </token>
          <token id="28">
            <word>who</word>
            <lemma>who</lemma>
            <CharacterOffsetBegin>386</CharacterOffsetBegin>
            <CharacterOffsetEnd>389</CharacterOffsetEnd>
            <POS>WP</POS>
          </token>
          <token id="29">
            <word>were</word>
            <lemma>be</lemma>
            <CharacterOffsetBegin>390</CharacterOffsetBegin>
            <CharacterOffsetEnd>394</CharacterOffsetEnd>
            <POS>VBD</POS>
          </token>
          <token id="30">
            <word>interviewed</word>
            <lemma>interview</lemma>
            <CharacterOffsetBegin>395</CharacterOffsetBegin>
            <CharacterOffsetEnd>406</CharacterOffsetEnd>
            <POS>VBN</POS>
          </token>
          <token id="31">
            <word>more</word>
            <lemma>more</lemma>
            <CharacterOffsetBegin>407</CharacterOffsetBegin>
            <CharacterOffsetEnd>411</CharacterOffsetEnd>
            <POS>RBR</POS>
          </token>
          <token id="32">
            <word>than</word>
            <lemma>than</lemma>
            <CharacterOffsetBegin>412</CharacterOffsetBegin>
            <CharacterOffsetEnd>416</CharacterOffsetEnd>
            <POS>IN</POS>
          </token>
          <token id="33">
            <word>20</word>
            <lemma>20</lemma>
            <CharacterOffsetBegin>417</CharacterOffsetBegin>
            <CharacterOffsetEnd>419</CharacterOffsetEnd>
            <POS>CD</POS>
          </token>
          <token id="34">
            <word>times</word>
            <lemma>time</lemma>
            <CharacterOffsetBegin>420</CharacterOffsetBegin>
            <CharacterOffsetEnd>425</CharacterOffsetEnd>
            <POS>NNS</POS>
          </token>
          <token id="35">
            <word>over</word>
            <lemma>over</lemma>
            <CharacterOffsetBegin>426</CharacterOffsetBegin>
            <CharacterOffsetEnd>430</CharacterOffsetEnd>
            <POS>IN</POS>
          </token>
          <token id="36">
            <word>a</word>
            <lemma>a</lemma>
            <CharacterOffsetBegin>431</CharacterOffsetBegin>
            <CharacterOffsetEnd>432</CharacterOffsetEnd>
            <POS>DT</POS>
          </token>
          <token id="37">
            <word>period</word>
            <lemma>period</lemma>
            <CharacterOffsetBegin>433</CharacterOffsetBegin>
            <CharacterOffsetEnd>439</CharacterOffsetEnd>
            <POS>NN</POS>
          </token>
          <token id="38">
            <word>of</word>
            <lemma>of</lemma>
            <CharacterOffsetBegin>440</CharacterOffsetBegin>
            <CharacterOffsetEnd>442</CharacterOffsetEnd>
            <POS>IN</POS>
          </token>
          <token id="39">
            <word>27</word>
            <lemma>27</lemma>
            <CharacterOffsetBegin>443</CharacterOffsetBegin>
            <CharacterOffsetEnd>445</CharacterOffsetEnd>
            <POS>CD</POS>
          </token>
          <token id="40">
            <word>years</word>
            <lemma>year</lemma>
            <CharacterOffsetBegin>446</CharacterOffsetBegin>
            <CharacterOffsetEnd>451</CharacterOffsetEnd>
            <POS>NNS</POS>
          </token>
          <token id="41">
            <word>.</word>
            <lemma>.</lemma>
            <CharacterOffsetBegin>451</CharacterOffsetBegin>
            <CharacterOffsetEnd>452</CharacterOffsetEnd>
            <POS>.</POS>
          </token>
        </tokens>
      </sentence>
      <sentence id="4">
        <tokens>
          <token id="1">
            <word>The</word>
            <lemma>the</lemma>
            <CharacterOffsetBegin>453</CharacterOffsetBegin>
            <CharacterOffsetEnd>456</CharacterOffsetEnd>
            <POS>DT</POS>
          </token>
          <token id="2">
            <word>data</word>
            <lemma>datum</lemma>
            <CharacterOffsetBegin>457</CharacterOffsetBegin>
            <CharacterOffsetEnd>461</CharacterOffsetEnd>
            <POS>NNS</POS>
          </token>
          <token id="3">
            <word>included</word>
            <lemma>include</lemma>
            <CharacterOffsetBegin>462</CharacterOffsetBegin>
            <CharacterOffsetEnd>470</CharacterOffsetEnd>
            <POS>VBD</POS>
          </token>
          <token id="4">
            <word>information</word>
            <lemma>information</lemma>
            <CharacterOffsetBegin>471</CharacterOffsetBegin>
            <CharacterOffsetEnd>482</CharacterOffsetEnd>
            <POS>NN</POS>
          </token>
          <token id="5">
            <word>about</word>
            <lemma>about</lemma>
            <CharacterOffsetBegin>483</CharacterOffsetBegin>
            <CharacterOffsetEnd>488</CharacterOffsetEnd>
            <POS>IN</POS>
          </token>
          <token id="6">
            <word>individual</word>
            <lemma>individual</lemma>
            <CharacterOffsetBegin>489</CharacterOffsetBegin>
            <CharacterOffsetEnd>499</CharacterOffsetEnd>
            <POS>JJ</POS>
          </token>
          <token id="7">
            <word>men</word>
            <lemma>man</lemma>
            <CharacterOffsetBegin>500</CharacterOffsetBegin>
            <CharacterOffsetEnd>503</CharacterOffsetEnd>
            <POS>NNS</POS>
          </token>
          <token id="8">
            <word>in</word>
            <lemma>in</lemma>
            <CharacterOffsetBegin>504</CharacterOffsetBegin>
            <CharacterOffsetEnd>506</CharacterOffsetEnd>
            <POS>IN</POS>
          </token>
          <token id="9">
            <word>each</word>
            <lemma>each</lemma>
            <CharacterOffsetBegin>507</CharacterOffsetBegin>
            <CharacterOffsetEnd>511</CharacterOffsetEnd>
            <POS>DT</POS>
          </token>
          <token id="10">
            <word>household</word>
            <lemma>household</lemma>
            <CharacterOffsetBegin>512</CharacterOffsetBegin>
            <CharacterOffsetEnd>521</CharacterOffsetEnd>
            <POS>NN</POS>
          </token>
          <token id="11">
            <word>,</word>
            <lemma>,</lemma>
            <CharacterOffsetBegin>521</CharacterOffsetBegin>
            <CharacterOffsetEnd>522</CharacterOffsetEnd>
            <POS>,</POS>
          </token>
          <token id="12">
            <word>describing</word>
            <lemma>describe</lemma>
            <CharacterOffsetBegin>523</CharacterOffsetBegin>
            <CharacterOffsetEnd>533</CharacterOffsetEnd>
            <POS>VBG</POS>
          </token>
          <token id="13">
            <word>what</word>
            <lemma>what</lemma>
            <CharacterOffsetBegin>534</CharacterOffsetBegin>
            <CharacterOffsetEnd>538</CharacterOffsetEnd>
            <POS>WP</POS>
          </token>
          <token id="14">
            <word>demographers</word>
            <lemma>demographer</lemma>
            <CharacterOffsetBegin>539</CharacterOffsetBegin>
            <CharacterOffsetEnd>551</CharacterOffsetEnd>
            <POS>NNS</POS>
          </token>
          <token id="15">
            <word>call</word>
            <lemma>call</lemma>
            <CharacterOffsetBegin>552</CharacterOffsetBegin>
            <CharacterOffsetEnd>556</CharacterOffsetEnd>
            <POS>VBP</POS>
          </token>
          <token id="16">
            <word>''</word>
            <lemma>''</lemma>
            <CharacterOffsetBegin>557</CharacterOffsetBegin>
            <CharacterOffsetEnd>558</CharacterOffsetEnd>
            <POS>''</POS>
          </token>
          <token id="17">
            <word>``</word>
            <lemma>``</lemma>
            <CharacterOffsetBegin>558</CharacterOffsetBegin>
            <CharacterOffsetEnd>559</CharacterOffsetEnd>
            <POS>``</POS>
          </token>
          <token id="18">
            <word>relationship</word>
            <lemma>relationship</lemma>
            <CharacterOffsetBegin>559</CharacterOffsetBegin>
            <CharacterOffsetEnd>571</CharacterOffsetEnd>
            <POS>NN</POS>
          </token>
          <token id="19">
            <word>churning</word>
            <lemma>churning</lemma>
            <CharacterOffsetBegin>572</CharacterOffsetBegin>
            <CharacterOffsetEnd>580</CharacterOffsetEnd>
            <POS>NN</POS>
          </token>
          <token id="20">
            <word>.</word>
            <lemma>.</lemma>
            <CharacterOffsetBegin>580</CharacterOffsetBegin>
            <CharacterOffsetEnd>581</CharacterOffsetEnd>
            <POS>.</POS>
          </token>
          <token id="21">
            <word>''</word>
            <lemma>''</lemma>
            <CharacterOffsetBegin>581</CharacterOffsetBegin>
            <CharacterOffsetEnd>582</CharacterOffsetEnd>
            <POS>''</POS>
          </token>
          <token id="22">
            <word>''</word>
            <lemma>''</lemma>
            <CharacterOffsetBegin>582</CharacterOffsetBegin>
            <CharacterOffsetEnd>583</CharacterOffsetEnd>
            <POS>''</POS>
          </token>
        </tokens>
      </sentence>
      <sentence id="5">
        <tokens>
          <token id="1">
            <word>Dorius</word>
            <lemma>Dorius</lemma>
            <CharacterOffsetBegin>584</CharacterOffsetBegin>
            <CharacterOffsetEnd>590</CharacterOffsetEnd>
            <POS>NNP</POS>
          </token>
          <token id="2">
            <word>found</word>
            <lemma>find</lemma>
            <CharacterOffsetBegin>591</CharacterOffsetBegin>
            <CharacterOffsetEnd>596</CharacterOffsetEnd>
            <POS>VBD</POS>
          </token>
          <token id="3">
            <word>multiple</word>
            <lemma>multiple</lemma>
            <CharacterOffsetBegin>597</CharacterOffsetBegin>
            <CharacterOffsetEnd>605</CharacterOffsetEnd>
            <POS>JJ</POS>
          </token>
          <token id="4">
            <word>fathers</word>
            <lemma>father</lemma>
            <CharacterOffsetBegin>606</CharacterOffsetBegin>
            <CharacterOffsetEnd>613</CharacterOffsetEnd>
            <POS>NNS</POS>
          </token>
          <token id="5">
            <word>is</word>
            <lemma>be</lemma>
            <CharacterOffsetBegin>614</CharacterOffsetBegin>
            <CharacterOffsetEnd>616</CharacterOffsetEnd>
            <POS>VBZ</POS>
          </token>
          <token id="6">
            <word>common</word>
            <lemma>common</lemma>
            <CharacterOffsetBegin>617</CharacterOffsetBegin>
            <CharacterOffsetEnd>623</CharacterOffsetEnd>
            <POS>JJ</POS>
          </token>
          <token id="7">
            <word>-</word>
            <lemma>-</lemma>
            <CharacterOffsetBegin>624</CharacterOffsetBegin>
            <CharacterOffsetEnd>625</CharacterOffsetEnd>
            <POS>:</POS>
          </token>
          <token id="8">
            <word>28</word>
            <lemma>28</lemma>
            <CharacterOffsetBegin>626</CharacterOffsetBegin>
            <CharacterOffsetEnd>628</CharacterOffsetEnd>
            <POS>CD</POS>
          </token>
          <token id="9">
            <word>percent</word>
            <lemma>percent</lemma>
            <CharacterOffsetBegin>629</CharacterOffsetBegin>
            <CharacterOffsetEnd>636</CharacterOffsetEnd>
            <POS>NN</POS>
          </token>
          <token id="10">
            <word>of</word>
            <lemma>of</lemma>
            <CharacterOffsetBegin>637</CharacterOffsetBegin>
            <CharacterOffsetEnd>639</CharacterOffsetEnd>
            <POS>IN</POS>
          </token>
          <token id="11">
            <word>all</word>
            <lemma>all</lemma>
            <CharacterOffsetBegin>640</CharacterOffsetBegin>
            <CharacterOffsetEnd>643</CharacterOffsetEnd>
            <POS>DT</POS>
          </token>
          <token id="12">
            <word>U.S.</word>
            <lemma>U.S.</lemma>
            <CharacterOffsetBegin>644</CharacterOffsetBegin>
            <CharacterOffsetEnd>648</CharacterOffsetEnd>
            <POS>NNP</POS>
          </token>
          <token id="13">
            <word>women</word>
            <lemma>woman</lemma>
            <CharacterOffsetBegin>649</CharacterOffsetBegin>
            <CharacterOffsetEnd>654</CharacterOffsetEnd>
            <POS>NNS</POS>
          </token>
          <token id="14">
            <word>with</word>
            <lemma>with</lemma>
            <CharacterOffsetBegin>655</CharacterOffsetBegin>
            <CharacterOffsetEnd>659</CharacterOffsetEnd>
            <POS>IN</POS>
          </token>
          <token id="15">
            <word>two</word>
            <lemma>two</lemma>
            <CharacterOffsetBegin>660</CharacterOffsetBegin>
            <CharacterOffsetEnd>663</CharacterOffsetEnd>
            <POS>CD</POS>
          </token>
          <token id="16">
            <word>or</word>
            <lemma>or</lemma>
            <CharacterOffsetBegin>664</CharacterOffsetBegin>
            <CharacterOffsetEnd>666</CharacterOffsetEnd>
            <POS>CC</POS>
          </token>
          <token id="17">
            <word>more</word>
            <lemma>more</lemma>
            <CharacterOffsetBegin>667</CharacterOffsetBegin>
            <CharacterOffsetEnd>671</CharacterOffsetEnd>
            <POS>JJR</POS>
          </token>
          <token id="18">
            <word>children</word>
            <lemma>child</lemma>
            <CharacterOffsetBegin>672</CharacterOffsetBegin>
            <CharacterOffsetEnd>680</CharacterOffsetEnd>
            <POS>NNS</POS>
          </token>
          <token id="19">
            <word>have</word>
            <lemma>have</lemma>
            <CharacterOffsetBegin>681</CharacterOffsetBegin>
            <CharacterOffsetEnd>685</CharacterOffsetEnd>
            <POS>VBP</POS>
          </token>
          <token id="20">
            <word>children</word>
            <lemma>child</lemma>
            <CharacterOffsetBegin>686</CharacterOffsetBegin>
            <CharacterOffsetEnd>694</CharacterOffsetEnd>
            <POS>NNS</POS>
          </token>
          <token id="21">
            <word>by</word>
            <lemma>by</lemma>
            <CharacterOffsetBegin>695</CharacterOffsetBegin>
            <CharacterOffsetEnd>697</CharacterOffsetEnd>
            <POS>IN</POS>
          </token>
          <token id="22">
            <word>more</word>
            <lemma>more</lemma>
            <CharacterOffsetBegin>698</CharacterOffsetBegin>
            <CharacterOffsetEnd>702</CharacterOffsetEnd>
            <POS>JJR</POS>
          </token>
          <token id="23">
            <word>than</word>
            <lemma>than</lemma>
            <CharacterOffsetBegin>703</CharacterOffsetBegin>
            <CharacterOffsetEnd>707</CharacterOffsetEnd>
            <POS>IN</POS>
          </token>
          <token id="24">
            <word>one</word>
            <lemma>one</lemma>
            <CharacterOffsetBegin>708</CharacterOffsetBegin>
            <CharacterOffsetEnd>711</CharacterOffsetEnd>
            <POS>CD</POS>
          </token>
          <token id="25">
            <word>man</word>
            <lemma>man</lemma>
            <CharacterOffsetBegin>712</CharacterOffsetBegin>
            <CharacterOffsetEnd>715</CharacterOffsetEnd>
            <POS>NN</POS>
          </token>
          <token id="26">
            <word>-</word>
            <lemma>-</lemma>
            <CharacterOffsetBegin>716</CharacterOffsetBegin>
            <CharacterOffsetEnd>717</CharacterOffsetEnd>
            <POS>:</POS>
          </token>
          <token id="27">
            <word>and</word>
            <lemma>and</lemma>
            <CharacterOffsetBegin>718</CharacterOffsetBegin>
            <CharacterOffsetEnd>721</CharacterOffsetEnd>
            <POS>CC</POS>
          </token>
          <token id="28">
            <word>it</word>
            <lemma>it</lemma>
            <CharacterOffsetBegin>722</CharacterOffsetBegin>
            <CharacterOffsetEnd>724</CharacterOffsetEnd>
            <POS>PRP</POS>
          </token>
          <token id="29">
            <word>is</word>
            <lemma>be</lemma>
            <CharacterOffsetBegin>725</CharacterOffsetBegin>
            <CharacterOffsetEnd>727</CharacterOffsetEnd>
            <POS>VBZ</POS>
          </token>
          <token id="30">
            <word>frequently</word>
            <lemma>frequently</lemma>
            <CharacterOffsetBegin>728</CharacterOffsetBegin>
            <CharacterOffsetEnd>738</CharacterOffsetEnd>
            <POS>RB</POS>
          </token>
          <token id="31">
            <word>tied</word>
            <lemma>tie</lemma>
            <CharacterOffsetBegin>739</CharacterOffsetBegin>
            <CharacterOffsetEnd>743</CharacterOffsetEnd>
            <POS>VBN</POS>
          </token>
          <token id="32">
            <word>to</word>
            <lemma>to</lemma>
            <CharacterOffsetBegin>744</CharacterOffsetBegin>
            <CharacterOffsetEnd>746</CharacterOffsetEnd>
            <POS>TO</POS>
          </token>
          <token id="33">
            <word>marriage</word>
            <lemma>marriage</lemma>
            <CharacterOffsetBegin>747</CharacterOffsetBegin>
            <CharacterOffsetEnd>755</CharacterOffsetEnd>
            <POS>NN</POS>
          </token>
          <token id="34">
            <word>and</word>
            <lemma>and</lemma>
            <CharacterOffsetBegin>756</CharacterOffsetBegin>
            <CharacterOffsetEnd>759</CharacterOffsetEnd>
            <POS>CC</POS>
          </token>
          <token id="35">
            <word>divorce</word>
            <lemma>divorce</lemma>
            <CharacterOffsetBegin>760</CharacterOffsetBegin>
            <CharacterOffsetEnd>767</CharacterOffsetEnd>
            <POS>NN</POS>
          </token>
          <token id="36">
            <word>rather</word>
            <lemma>rather</lemma>
            <CharacterOffsetBegin>768</CharacterOffsetBegin>
            <CharacterOffsetEnd>774</CharacterOffsetEnd>
            <POS>RB</POS>
          </token>
          <token id="37">
            <word>than</word>
            <lemma>than</lemma>
            <CharacterOffsetBegin>775</CharacterOffsetBegin>
            <CharacterOffsetEnd>779</CharacterOffsetEnd>
            <POS>IN</POS>
          </token>
          <token id="38">
            <word>just</word>
            <lemma>just</lemma>
            <CharacterOffsetBegin>780</CharacterOffsetBegin>
            <CharacterOffsetEnd>784</CharacterOffsetEnd>
            <POS>RB</POS>
          </token>
          <token id="39">
            <word>single</word>
            <lemma>single</lemma>
            <CharacterOffsetBegin>785</CharacterOffsetBegin>
            <CharacterOffsetEnd>791</CharacterOffsetEnd>
            <POS>JJ</POS>
          </token>
          <token id="40">
            <word>parenthood</word>
            <lemma>parenthood</lemma>
            <CharacterOffsetBegin>792</CharacterOffsetBegin>
            <CharacterOffsetEnd>802</CharacterOffsetEnd>
            <POS>NN</POS>
          </token>
          <token id="41">
            <word>.</word>
            <lemma>.</lemma>
            <CharacterOffsetBegin>802</CharacterOffsetBegin>
            <CharacterOffsetEnd>803</CharacterOffsetEnd>
            <POS>.</POS>
          </token>
          <token id="42">
            <word>''</word>
            <lemma>''</lemma>
            <CharacterOffsetBegin>804</CharacterOffsetBegin>
            <CharacterOffsetEnd>805</CharacterOffsetEnd>
            <POS>''</POS>
          </token>
        </tokens>
      </sentence>
      <sentence id="6">
        <tokens>
          <token id="1">
            <word>``</word>
            <lemma>``</lemma>
            <CharacterOffsetBegin>805</CharacterOffsetBegin>
            <CharacterOffsetEnd>806</CharacterOffsetEnd>
            <POS>``</POS>
          </token>
          <token id="2">
            <word>We</word>
            <lemma>we</lemma>
            <CharacterOffsetBegin>806</CharacterOffsetBegin>
            <CharacterOffsetEnd>808</CharacterOffsetEnd>
            <POS>PRP</POS>
          </token>
          <token id="3">
            <word>tend</word>
            <lemma>tend</lemma>
            <CharacterOffsetBegin>809</CharacterOffsetBegin>
            <CharacterOffsetEnd>813</CharacterOffsetEnd>
            <POS>VBP</POS>
          </token>
          <token id="4">
            <word>to</word>
            <lemma>to</lemma>
            <CharacterOffsetBegin>814</CharacterOffsetBegin>
            <CharacterOffsetEnd>816</CharacterOffsetEnd>
            <POS>TO</POS>
          </token>
          <token id="5">
            <word>think</word>
            <lemma>think</lemma>
            <CharacterOffsetBegin>817</CharacterOffsetBegin>
            <CharacterOffsetEnd>822</CharacterOffsetEnd>
            <POS>VB</POS>
          </token>
          <token id="6">
            <word>of</word>
            <lemma>of</lemma>
            <CharacterOffsetBegin>823</CharacterOffsetBegin>
            <CharacterOffsetEnd>825</CharacterOffsetEnd>
            <POS>IN</POS>
          </token>
          <token id="7">
            <word>women</word>
            <lemma>woman</lemma>
            <CharacterOffsetBegin>826</CharacterOffsetBegin>
            <CharacterOffsetEnd>831</CharacterOffsetEnd>
            <POS>NNS</POS>
          </token>
          <token id="8">
            <word>with</word>
            <lemma>with</lemma>
            <CharacterOffsetBegin>832</CharacterOffsetBegin>
            <CharacterOffsetEnd>836</CharacterOffsetEnd>
            <POS>IN</POS>
          </token>
          <token id="9">
            <word>multiple</word>
            <lemma>multiple</lemma>
            <CharacterOffsetBegin>837</CharacterOffsetBegin>
            <CharacterOffsetEnd>845</CharacterOffsetEnd>
            <POS>JJ</POS>
          </token>
          <token id="10">
            <word>partner</word>
            <lemma>partner</lemma>
            <CharacterOffsetBegin>846</CharacterOffsetBegin>
            <CharacterOffsetEnd>853</CharacterOffsetEnd>
            <POS>NN</POS>
          </token>
          <token id="11">
            <word>fertility</word>
            <lemma>fertility</lemma>
            <CharacterOffsetBegin>854</CharacterOffsetBegin>
            <CharacterOffsetEnd>863</CharacterOffsetEnd>
            <POS>NN</POS>
          </token>
          <token id="12">
            <word>as</word>
            <lemma>as</lemma>
            <CharacterOffsetBegin>864</CharacterOffsetBegin>
            <CharacterOffsetEnd>866</CharacterOffsetEnd>
            <POS>IN</POS>
          </token>
          <token id="13">
            <word>being</word>
            <lemma>be</lemma>
            <CharacterOffsetBegin>867</CharacterOffsetBegin>
            <CharacterOffsetEnd>872</CharacterOffsetEnd>
            <POS>VBG</POS>
          </token>
          <token id="14">
            <word>only</word>
            <lemma>only</lemma>
            <CharacterOffsetBegin>873</CharacterOffsetBegin>
            <CharacterOffsetEnd>877</CharacterOffsetEnd>
            <POS>RB</POS>
          </token>
          <token id="15">
            <word>poor</word>
            <lemma>poor</lemma>
            <CharacterOffsetBegin>878</CharacterOffsetBegin>
            <CharacterOffsetEnd>882</CharacterOffsetEnd>
            <POS>JJ</POS>
          </token>
          <token id="16">
            <word>single</word>
            <lemma>single</lemma>
            <CharacterOffsetBegin>883</CharacterOffsetBegin>
            <CharacterOffsetEnd>889</CharacterOffsetEnd>
            <POS>JJ</POS>
          </token>
          <token id="17">
            <word>women</word>
            <lemma>woman</lemma>
            <CharacterOffsetBegin>890</CharacterOffsetBegin>
            <CharacterOffsetEnd>895</CharacterOffsetEnd>
            <POS>NNS</POS>
          </token>
          <token id="18">
            <word>with</word>
            <lemma>with</lemma>
            <CharacterOffsetBegin>896</CharacterOffsetBegin>
            <CharacterOffsetEnd>900</CharacterOffsetEnd>
            <POS>IN</POS>
          </token>
          <token id="19">
            <word>little</word>
            <lemma>little</lemma>
            <CharacterOffsetBegin>901</CharacterOffsetBegin>
            <CharacterOffsetEnd>907</CharacterOffsetEnd>
            <POS>JJ</POS>
          </token>
          <token id="20">
            <word>education</word>
            <lemma>education</lemma>
            <CharacterOffsetBegin>908</CharacterOffsetBegin>
            <CharacterOffsetEnd>917</CharacterOffsetEnd>
            <POS>NN</POS>
          </token>
          <token id="21">
            <word>and</word>
            <lemma>and</lemma>
            <CharacterOffsetBegin>918</CharacterOffsetBegin>
            <CharacterOffsetEnd>921</CharacterOffsetEnd>
            <POS>CC</POS>
          </token>
          <token id="22">
            <word>money</word>
            <lemma>money</lemma>
            <CharacterOffsetBegin>922</CharacterOffsetBegin>
            <CharacterOffsetEnd>927</CharacterOffsetEnd>
            <POS>NN</POS>
          </token>
          <token id="23">
            <word>,</word>
            <lemma>,</lemma>
            <CharacterOffsetBegin>927</CharacterOffsetBegin>
            <CharacterOffsetEnd>928</CharacterOffsetEnd>
            <POS>,</POS>
          </token>
          <token id="24">
            <word>but</word>
            <lemma>but</lemma>
            <CharacterOffsetBegin>929</CharacterOffsetBegin>
            <CharacterOffsetEnd>932</CharacterOffsetEnd>
            <POS>CC</POS>
          </token>
          <token id="25">
            <word>in</word>
            <lemma>in</lemma>
            <CharacterOffsetBegin>933</CharacterOffsetBegin>
            <CharacterOffsetEnd>935</CharacterOffsetEnd>
            <POS>IN</POS>
          </token>
          <token id="26">
            <word>fact</word>
            <lemma>fact</lemma>
            <CharacterOffsetBegin>936</CharacterOffsetBegin>
            <CharacterOffsetEnd>940</CharacterOffsetEnd>
            <POS>NN</POS>
          </token>
          <token id="27">
            <word>at</word>
            <lemma>at</lemma>
            <CharacterOffsetBegin>941</CharacterOffsetBegin>
            <CharacterOffsetEnd>943</CharacterOffsetEnd>
            <POS>IN</POS>
          </token>
          <token id="28">
            <word>some</word>
            <lemma>some</lemma>
            <CharacterOffsetBegin>944</CharacterOffsetBegin>
            <CharacterOffsetEnd>948</CharacterOffsetEnd>
            <POS>DT</POS>
          </token>
          <token id="29">
            <word>point</word>
            <lemma>point</lemma>
            <CharacterOffsetBegin>949</CharacterOffsetBegin>
            <CharacterOffsetEnd>954</CharacterOffsetEnd>
            <POS>NN</POS>
          </token>
          <token id="30">
            <word>,</word>
            <lemma>,</lemma>
            <CharacterOffsetBegin>954</CharacterOffsetBegin>
            <CharacterOffsetEnd>955</CharacterOffsetEnd>
            <POS>,</POS>
          </token>
          <token id="31">
            <word>most</word>
            <lemma>most</lemma>
            <CharacterOffsetBegin>956</CharacterOffsetBegin>
            <CharacterOffsetEnd>960</CharacterOffsetEnd>
            <POS>JJS</POS>
          </token>
          <token id="32">
            <word>were</word>
            <lemma>be</lemma>
            <CharacterOffsetBegin>961</CharacterOffsetBegin>
            <CharacterOffsetEnd>965</CharacterOffsetEnd>
            <POS>VBD</POS>
          </token>
          <token id="33">
            <word>married</word>
            <lemma>marry</lemma>
            <CharacterOffsetBegin>966</CharacterOffsetBegin>
            <CharacterOffsetEnd>973</CharacterOffsetEnd>
            <POS>VBN</POS>
          </token>
          <token id="34">
            <word>and</word>
            <lemma>and</lemma>
            <CharacterOffsetBegin>974</CharacterOffsetBegin>
            <CharacterOffsetEnd>977</CharacterOffsetEnd>
            <POS>CC</POS>
          </token>
          <token id="35">
            <word>working</word>
            <lemma>work</lemma>
            <CharacterOffsetBegin>978</CharacterOffsetBegin>
            <CharacterOffsetEnd>985</CharacterOffsetEnd>
            <POS>VBG</POS>
          </token>
          <token id="36">
            <word>,</word>
            <lemma>,</lemma>
            <CharacterOffsetBegin>985</CharacterOffsetBegin>
            <CharacterOffsetEnd>986</CharacterOffsetEnd>
            <POS>,</POS>
          </token>
          <token id="37">
            <word>and</word>
            <lemma>and</lemma>
            <CharacterOffsetBegin>987</CharacterOffsetBegin>
            <CharacterOffsetEnd>990</CharacterOffsetEnd>
            <POS>CC</POS>
          </token>
          <token id="38">
            <word>going</word>
            <lemma>go</lemma>
            <CharacterOffsetBegin>991</CharacterOffsetBegin>
            <CharacterOffsetEnd>996</CharacterOffsetEnd>
            <POS>VBG</POS>
          </token>
          <token id="39">
            <word>to</word>
            <lemma>to</lemma>
            <CharacterOffsetBegin>997</CharacterOffsetBegin>
            <CharacterOffsetEnd>999</CharacterOffsetEnd>
            <POS>TO</POS>
          </token>
          <token id="40">
            <word>school</word>
            <lemma>school</lemma>
            <CharacterOffsetBegin>1000</CharacterOffsetBegin>
            <CharacterOffsetEnd>1006</CharacterOffsetEnd>
            <POS>NN</POS>
          </token>
          <token id="41">
            <word>and</word>
            <lemma>and</lemma>
            <CharacterOffsetBegin>1007</CharacterOffsetBegin>
            <CharacterOffsetEnd>1010</CharacterOffsetEnd>
            <POS>CC</POS>
          </token>
          <token id="42">
            <word>doing</word>
            <lemma>do</lemma>
            <CharacterOffsetBegin>1011</CharacterOffsetBegin>
            <CharacterOffsetEnd>1016</CharacterOffsetEnd>
            <POS>VBG</POS>
          </token>
          <token id="43">
            <word>all</word>
            <lemma>all</lemma>
            <CharacterOffsetBegin>1017</CharacterOffsetBegin>
            <CharacterOffsetEnd>1020</CharacterOffsetEnd>
            <POS>PDT</POS>
          </token>
          <token id="44">
            <word>the</word>
            <lemma>the</lemma>
            <CharacterOffsetBegin>1021</CharacterOffsetBegin>
            <CharacterOffsetEnd>1024</CharacterOffsetEnd>
            <POS>DT</POS>
          </token>
          <token id="45">
            <word>things</word>
            <lemma>thing</lemma>
            <CharacterOffsetBegin>1025</CharacterOffsetBegin>
            <CharacterOffsetEnd>1031</CharacterOffsetEnd>
            <POS>NNS</POS>
          </token>
          <token id="46">
            <word>you</word>
            <lemma>you</lemma>
            <CharacterOffsetBegin>1032</CharacterOffsetBegin>
            <CharacterOffsetEnd>1035</CharacterOffsetEnd>
            <POS>PRP</POS>
          </token>
          <token id="47">
            <word>'re</word>
            <lemma>be</lemma>
            <CharacterOffsetBegin>1035</CharacterOffsetBegin>
            <CharacterOffsetEnd>1038</CharacterOffsetEnd>
            <POS>VBP</POS>
          </token>
          <token id="48">
            <word>supposed</word>
            <lemma>suppose</lemma>
            <CharacterOffsetBegin>1039</CharacterOffsetBegin>
            <CharacterOffsetEnd>1047</CharacterOffsetEnd>
            <POS>VBN</POS>
          </token>
          <token id="49">
            <word>to</word>
            <lemma>to</lemma>
            <CharacterOffsetBegin>1048</CharacterOffsetBegin>
            <CharacterOffsetEnd>1050</CharacterOffsetEnd>
            <POS>TO</POS>
          </token>
          <token id="50">
            <word>do</word>
            <lemma>do</lemma>
            <CharacterOffsetBegin>1051</CharacterOffsetBegin>
            <CharacterOffsetEnd>1053</CharacterOffsetEnd>
            <POS>VB</POS>
          </token>
          <token id="51">
            <word>to</word>
            <lemma>to</lemma>
            <CharacterOffsetBegin>1054</CharacterOffsetBegin>
            <CharacterOffsetEnd>1056</CharacterOffsetEnd>
            <POS>TO</POS>
          </token>
          <token id="52">
            <word>live</word>
            <lemma>live</lemma>
            <CharacterOffsetBegin>1057</CharacterOffsetBegin>
            <CharacterOffsetEnd>1061</CharacterOffsetEnd>
            <POS>VB</POS>
          </token>
          <token id="53">
            <word>the</word>
            <lemma>the</lemma>
            <CharacterOffsetBegin>1062</CharacterOffsetBegin>
            <CharacterOffsetEnd>1065</CharacterOffsetEnd>
            <POS>DT</POS>
          </token>
          <token id="54">
            <word>American</word>
            <lemma>american</lemma>
            <CharacterOffsetBegin>1066</CharacterOffsetBegin>
            <CharacterOffsetEnd>1074</CharacterOffsetEnd>
            <POS>JJ</POS>
          </token>
          <token id="55">
            <word>Dream</word>
            <lemma>dream</lemma>
            <CharacterOffsetBegin>1075</CharacterOffsetBegin>
            <CharacterOffsetEnd>1080</CharacterOffsetEnd>
            <POS>NN</POS>
          </token>
          <token id="56">
            <word>,</word>
            <lemma>,</lemma>
            <CharacterOffsetBegin>1080</CharacterOffsetBegin>
            <CharacterOffsetEnd>1081</CharacterOffsetEnd>
            <POS>,</POS>
          </token>
          <token id="57">
            <word>''</word>
            <lemma>''</lemma>
            <CharacterOffsetBegin>1081</CharacterOffsetBegin>
            <CharacterOffsetEnd>1082</CharacterOffsetEnd>
            <POS>''</POS>
          </token>
          <token id="58">
            <word>''</word>
            <lemma>''</lemma>
            <CharacterOffsetBegin>1082</CharacterOffsetBegin>
            <CharacterOffsetEnd>1083</CharacterOffsetEnd>
            <POS>''</POS>
          </token>
          <token id="59">
            <word>Dorius</word>
            <lemma>Dorius</lemma>
            <CharacterOffsetBegin>1084</CharacterOffsetBegin>
            <CharacterOffsetEnd>1090</CharacterOffsetEnd>
            <POS>NNP</POS>
          </token>
          <token id="60">
            <word>says</word>
            <lemma>say</lemma>
            <CharacterOffsetBegin>1091</CharacterOffsetBegin>
            <CharacterOffsetEnd>1095</CharacterOffsetEnd>
            <POS>VBZ</POS>
          </token>
          <token id="61">
            <word>in</word>
            <lemma>in</lemma>
            <CharacterOffsetBegin>1096</CharacterOffsetBegin>
            <CharacterOffsetEnd>1098</CharacterOffsetEnd>
            <POS>IN</POS>
          </token>
          <token id="62">
            <word>a</word>
            <lemma>a</lemma>
            <CharacterOffsetBegin>1099</CharacterOffsetBegin>
            <CharacterOffsetEnd>1100</CharacterOffsetEnd>
            <POS>DT</POS>
          </token>
          <token id="63">
            <word>statement</word>
            <lemma>statement</lemma>
            <CharacterOffsetBegin>1101</CharacterOffsetBegin>
            <CharacterOffsetEnd>1110</CharacterOffsetEnd>
            <POS>NN</POS>
          </token>
          <token id="64">
            <word>.</word>
            <lemma>.</lemma>
            <CharacterOffsetBegin>1110</CharacterOffsetBegin>
            <CharacterOffsetEnd>1111</CharacterOffsetEnd>
            <POS>.</POS>
          </token>
        </tokens>
      </sentence>
      <sentence id="7">
        <tokens>
          <token id="1">
            <word>However</word>
            <lemma>however</lemma>
            <CharacterOffsetBegin>1112</CharacterOffsetBegin>
            <CharacterOffsetEnd>1119</CharacterOffsetEnd>
            <POS>RB</POS>
          </token>
          <token id="2">
            <word>,</word>
            <lemma>,</lemma>
            <CharacterOffsetBegin>1119</CharacterOffsetBegin>
            <CharacterOffsetEnd>1120</CharacterOffsetEnd>
            <POS>,</POS>
          </token>
          <token id="3">
            <word>different</word>
            <lemma>different</lemma>
            <CharacterOffsetBegin>1121</CharacterOffsetBegin>
            <CharacterOffsetEnd>1130</CharacterOffsetEnd>
            <POS>JJ</POS>
          </token>
          <token id="4">
            <word>fathers</word>
            <lemma>father</lemma>
            <CharacterOffsetBegin>1131</CharacterOffsetBegin>
            <CharacterOffsetEnd>1138</CharacterOffsetEnd>
            <POS>NNS</POS>
          </token>
          <token id="5">
            <word>was</word>
            <lemma>be</lemma>
            <CharacterOffsetBegin>1139</CharacterOffsetBegin>
            <CharacterOffsetEnd>1142</CharacterOffsetEnd>
            <POS>VBD</POS>
          </token>
          <token id="6">
            <word>more</word>
            <lemma>more</lemma>
            <CharacterOffsetBegin>1143</CharacterOffsetBegin>
            <CharacterOffsetEnd>1147</CharacterOffsetEnd>
            <POS>RBR</POS>
          </token>
          <token id="7">
            <word>common</word>
            <lemma>common</lemma>
            <CharacterOffsetBegin>1148</CharacterOffsetBegin>
            <CharacterOffsetEnd>1154</CharacterOffsetEnd>
            <POS>JJ</POS>
          </token>
          <token id="8">
            <word>among</word>
            <lemma>among</lemma>
            <CharacterOffsetBegin>1155</CharacterOffsetBegin>
            <CharacterOffsetEnd>1160</CharacterOffsetEnd>
            <POS>IN</POS>
          </token>
          <token id="9">
            <word>minority</word>
            <lemma>minority</lemma>
            <CharacterOffsetBegin>1161</CharacterOffsetBegin>
            <CharacterOffsetEnd>1169</CharacterOffsetEnd>
            <POS>NN</POS>
          </token>
          <token id="10">
            <word>women</word>
            <lemma>woman</lemma>
            <CharacterOffsetBegin>1170</CharacterOffsetBegin>
            <CharacterOffsetEnd>1175</CharacterOffsetEnd>
            <POS>NNS</POS>
          </token>
          <token id="11">
            <word>-</word>
            <lemma>-</lemma>
            <CharacterOffsetBegin>1176</CharacterOffsetBegin>
            <CharacterOffsetEnd>1177</CharacterOffsetEnd>
            <POS>:</POS>
          </token>
          <token id="12">
            <word>59</word>
            <lemma>59</lemma>
            <CharacterOffsetBegin>1178</CharacterOffsetBegin>
            <CharacterOffsetEnd>1180</CharacterOffsetEnd>
            <POS>CD</POS>
          </token>
          <token id="13">
            <word>percent</word>
            <lemma>percent</lemma>
            <CharacterOffsetBegin>1181</CharacterOffsetBegin>
            <CharacterOffsetEnd>1188</CharacterOffsetEnd>
            <POS>NN</POS>
          </token>
          <token id="14">
            <word>of</word>
            <lemma>of</lemma>
            <CharacterOffsetBegin>1189</CharacterOffsetBegin>
            <CharacterOffsetEnd>1191</CharacterOffsetEnd>
            <POS>IN</POS>
          </token>
          <token id="15">
            <word>African-American</word>
            <lemma>african-american</lemma>
            <CharacterOffsetBegin>1192</CharacterOffsetBegin>
            <CharacterOffsetEnd>1208</CharacterOffsetEnd>
            <POS>JJ</POS>
          </token>
          <token id="16">
            <word>mothers</word>
            <lemma>mother</lemma>
            <CharacterOffsetBegin>1209</CharacterOffsetBegin>
            <CharacterOffsetEnd>1216</CharacterOffsetEnd>
            <POS>NNS</POS>
          </token>
          <token id="17">
            <word>,</word>
            <lemma>,</lemma>
            <CharacterOffsetBegin>1216</CharacterOffsetBegin>
            <CharacterOffsetEnd>1217</CharacterOffsetEnd>
            <POS>,</POS>
          </token>
          <token id="18">
            <word>35</word>
            <lemma>35</lemma>
            <CharacterOffsetBegin>1218</CharacterOffsetBegin>
            <CharacterOffsetEnd>1220</CharacterOffsetEnd>
            <POS>CD</POS>
          </token>
          <token id="19">
            <word>percent</word>
            <lemma>percent</lemma>
            <CharacterOffsetBegin>1221</CharacterOffsetBegin>
            <CharacterOffsetEnd>1228</CharacterOffsetEnd>
            <POS>NN</POS>
          </token>
          <token id="20">
            <word>of</word>
            <lemma>of</lemma>
            <CharacterOffsetBegin>1229</CharacterOffsetBegin>
            <CharacterOffsetEnd>1231</CharacterOffsetEnd>
            <POS>IN</POS>
          </token>
          <token id="21">
            <word>Hispanic</word>
            <lemma>hispanic</lemma>
            <CharacterOffsetBegin>1232</CharacterOffsetBegin>
            <CharacterOffsetEnd>1240</CharacterOffsetEnd>
            <POS>JJ</POS>
          </token>
          <token id="22">
            <word>mothers</word>
            <lemma>mother</lemma>
            <CharacterOffsetBegin>1241</CharacterOffsetBegin>
            <CharacterOffsetEnd>1248</CharacterOffsetEnd>
            <POS>NNS</POS>
          </token>
          <token id="23">
            <word>and</word>
            <lemma>and</lemma>
            <CharacterOffsetBegin>1249</CharacterOffsetBegin>
            <CharacterOffsetEnd>1252</CharacterOffsetEnd>
            <POS>CC</POS>
          </token>
          <token id="24">
            <word>22</word>
            <lemma>22</lemma>
            <CharacterOffsetBegin>1253</CharacterOffsetBegin>
            <CharacterOffsetEnd>1255</CharacterOffsetEnd>
            <POS>CD</POS>
          </token>
          <token id="25">
            <word>percent</word>
            <lemma>percent</lemma>
            <CharacterOffsetBegin>1256</CharacterOffsetBegin>
            <CharacterOffsetEnd>1263</CharacterOffsetEnd>
            <POS>NN</POS>
          </token>
          <token id="26">
            <word>of</word>
            <lemma>of</lemma>
            <CharacterOffsetBegin>1264</CharacterOffsetBegin>
            <CharacterOffsetEnd>1266</CharacterOffsetEnd>
            <POS>IN</POS>
          </token>
          <token id="27">
            <word>white</word>
            <lemma>white</lemma>
            <CharacterOffsetBegin>1267</CharacterOffsetBegin>
            <CharacterOffsetEnd>1272</CharacterOffsetEnd>
            <POS>JJ</POS>
          </token>
          <token id="28">
            <word>mothers</word>
            <lemma>mother</lemma>
            <CharacterOffsetBegin>1273</CharacterOffsetBegin>
            <CharacterOffsetEnd>1280</CharacterOffsetEnd>
            <POS>NNS</POS>
          </token>
          <token id="29">
            <word>reported</word>
            <lemma>report</lemma>
            <CharacterOffsetBegin>1281</CharacterOffsetBegin>
            <CharacterOffsetEnd>1289</CharacterOffsetEnd>
            <POS>VBD</POS>
          </token>
          <token id="30">
            <word>multiple</word>
            <lemma>multiple</lemma>
            <CharacterOffsetBegin>1290</CharacterOffsetBegin>
            <CharacterOffsetEnd>1298</CharacterOffsetEnd>
            <POS>JJ</POS>
          </token>
          <token id="31">
            <word>partner</word>
            <lemma>partner</lemma>
            <CharacterOffsetBegin>1299</CharacterOffsetBegin>
            <CharacterOffsetEnd>1306</CharacterOffsetEnd>
            <POS>NN</POS>
          </token>
          <token id="32">
            <word>fertility</word>
            <lemma>fertility</lemma>
            <CharacterOffsetBegin>1307</CharacterOffsetBegin>
            <CharacterOffsetEnd>1316</CharacterOffsetEnd>
            <POS>NN</POS>
          </token>
          <token id="33">
            <word>.</word>
            <lemma>.</lemma>
            <CharacterOffsetBegin>1316</CharacterOffsetBegin>
            <CharacterOffsetEnd>1317</CharacterOffsetEnd>
            <POS>.</POS>
          </token>
        </tokens>
      </sentence>
      <sentence id="8">
        <tokens>
          <token id="1">
            <word>The</word>
            <lemma>the</lemma>
            <CharacterOffsetBegin>1318</CharacterOffsetBegin>
            <CharacterOffsetEnd>1321</CharacterOffsetEnd>
            <POS>DT</POS>
          </token>
          <token id="2">
            <word>study</word>
            <lemma>study</lemma>
            <CharacterOffsetBegin>1322</CharacterOffsetBegin>
            <CharacterOffsetEnd>1327</CharacterOffsetEnd>
            <POS>NN</POS>
          </token>
          <token id="3">
            <word>was</word>
            <lemma>be</lemma>
            <CharacterOffsetBegin>1328</CharacterOffsetBegin>
            <CharacterOffsetEnd>1331</CharacterOffsetEnd>
            <POS>VBD</POS>
          </token>
          <token id="4">
            <word>presented</word>
            <lemma>present</lemma>
            <CharacterOffsetBegin>1332</CharacterOffsetBegin>
            <CharacterOffsetEnd>1341</CharacterOffsetEnd>
            <POS>VBN</POS>
          </token>
          <token id="5">
            <word>at</word>
            <lemma>at</lemma>
            <CharacterOffsetBegin>1342</CharacterOffsetBegin>
            <CharacterOffsetEnd>1344</CharacterOffsetEnd>
            <POS>IN</POS>
          </token>
          <token id="6">
            <word>the</word>
            <lemma>the</lemma>
            <CharacterOffsetBegin>1345</CharacterOffsetBegin>
            <CharacterOffsetEnd>1348</CharacterOffsetEnd>
            <POS>DT</POS>
          </token>
          <token id="7">
            <word>annual</word>
            <lemma>annual</lemma>
            <CharacterOffsetBegin>1349</CharacterOffsetBegin>
            <CharacterOffsetEnd>1355</CharacterOffsetEnd>
            <POS>JJ</POS>
          </token>
          <token id="8">
            <word>meeting</word>
            <lemma>meeting</lemma>
            <CharacterOffsetBegin>1356</CharacterOffsetBegin>
            <CharacterOffsetEnd>1363</CharacterOffsetEnd>
            <POS>NN</POS>
          </token>
          <token id="9">
            <word>of</word>
            <lemma>of</lemma>
            <CharacterOffsetBegin>1364</CharacterOffsetBegin>
            <CharacterOffsetEnd>1366</CharacterOffsetEnd>
            <POS>IN</POS>
          </token>
          <token id="10">
            <word>the</word>
            <lemma>the</lemma>
            <CharacterOffsetBegin>1367</CharacterOffsetBegin>
            <CharacterOffsetEnd>1370</CharacterOffsetEnd>
            <POS>DT</POS>
          </token>
          <token id="11">
            <word>Population</word>
            <lemma>Population</lemma>
            <CharacterOffsetBegin>1371</CharacterOffsetBegin>
            <CharacterOffsetEnd>1381</CharacterOffsetEnd>
            <POS>NNP</POS>
          </token>
          <token id="12">
            <word>Association</word>
            <lemma>Association</lemma>
            <CharacterOffsetBegin>1382</CharacterOffsetBegin>
            <CharacterOffsetEnd>1393</CharacterOffsetEnd>
            <POS>NNP</POS>
          </token>
          <token id="13">
            <word>of</word>
            <lemma>of</lemma>
            <CharacterOffsetBegin>1394</CharacterOffsetBegin>
            <CharacterOffsetEnd>1396</CharacterOffsetEnd>
            <POS>IN</POS>
          </token>
          <token id="14">
            <word>America</word>
            <lemma>America</lemma>
            <CharacterOffsetBegin>1397</CharacterOffsetBegin>
            <CharacterOffsetEnd>1404</CharacterOffsetEnd>
            <POS>NNP</POS>
          </token>
          <token id="15">
            <word>in</word>
            <lemma>in</lemma>
            <CharacterOffsetBegin>1405</CharacterOffsetBegin>
            <CharacterOffsetEnd>1407</CharacterOffsetEnd>
            <POS>IN</POS>
          </token>
          <token id="16">
            <word>Washington</word>
            <lemma>Washington</lemma>
            <CharacterOffsetBegin>1408</CharacterOffsetBegin>
            <CharacterOffsetEnd>1418</CharacterOffsetEnd>
            <POS>NNP</POS>
          </token>
          <token id="17">
            <word>.</word>
            <lemma>.</lemma>
            <CharacterOffsetBegin>1418</CharacterOffsetBegin>
            <CharacterOffsetEnd>1419</CharacterOffsetEnd>
            <POS>.</POS>
          </token>
        </tokens>
      </sentence>
    </sentences>
  </document>
</root>
