<?xml version="1.0" encoding="UTF-8"?>
<?xml-stylesheet href="CoreNLP-to-HTML.xsl" type="text/xsl"?>
<root>
  <document>
    <sentences>
      <sentence id="1">
        <tokens>
          <token id="1">
            <word>FDA</word>
            <lemma>FDA</lemma>
            <CharacterOffsetBegin>0</CharacterOffsetBegin>
            <CharacterOffsetEnd>3</CharacterOffsetEnd>
            <POS>NNP</POS>
          </token>
          <token id="2">
            <word>proposes</word>
            <lemma>propose</lemma>
            <CharacterOffsetBegin>4</CharacterOffsetBegin>
            <CharacterOffsetEnd>12</CharacterOffsetEnd>
            <POS>VBZ</POS>
          </token>
          <token id="3">
            <word>calorie</word>
            <lemma>calorie</lemma>
            <CharacterOffsetBegin>13</CharacterOffsetBegin>
            <CharacterOffsetEnd>20</CharacterOffsetEnd>
            <POS>NN</POS>
          </token>
          <token id="4">
            <word>counts</word>
            <lemma>count</lemma>
            <CharacterOffsetBegin>21</CharacterOffsetBegin>
            <CharacterOffsetEnd>27</CharacterOffsetEnd>
            <POS>NNS</POS>
          </token>
          <token id="5">
            <word>on</word>
            <lemma>on</lemma>
            <CharacterOffsetBegin>28</CharacterOffsetBegin>
            <CharacterOffsetEnd>30</CharacterOffsetEnd>
            <POS>IN</POS>
          </token>
          <token id="6">
            <word>menus</word>
            <lemma>menu</lemma>
            <CharacterOffsetBegin>31</CharacterOffsetBegin>
            <CharacterOffsetEnd>36</CharacterOffsetEnd>
            <POS>NNS</POS>
          </token>
        </tokens>
      </sentence>
      <sentence id="2">
        <tokens>
          <token id="1">
            <word>WASHINGTON</word>
            <lemma>WASHINGTON</lemma>
            <CharacterOffsetBegin>38</CharacterOffsetBegin>
            <CharacterOffsetEnd>48</CharacterOffsetEnd>
            <POS>NNP</POS>
          </token>
          <token id="2">
            <word>-</word>
            <lemma>-</lemma>
            <CharacterOffsetBegin>49</CharacterOffsetBegin>
            <CharacterOffsetEnd>50</CharacterOffsetEnd>
            <POS>:</POS>
          </token>
          <token id="3">
            <word>Like</word>
            <lemma>like</lemma>
            <CharacterOffsetBegin>51</CharacterOffsetBegin>
            <CharacterOffsetEnd>55</CharacterOffsetEnd>
            <POS>IN</POS>
          </token>
          <token id="4">
            <word>it</word>
            <lemma>it</lemma>
            <CharacterOffsetBegin>56</CharacterOffsetBegin>
            <CharacterOffsetEnd>58</CharacterOffsetEnd>
            <POS>PRP</POS>
          </token>
          <token id="5">
            <word>or</word>
            <lemma>or</lemma>
            <CharacterOffsetBegin>59</CharacterOffsetBegin>
            <CharacterOffsetEnd>61</CharacterOffsetEnd>
            <POS>CC</POS>
          </token>
          <token id="6">
            <word>not</word>
            <lemma>not</lemma>
            <CharacterOffsetBegin>62</CharacterOffsetBegin>
            <CharacterOffsetEnd>65</CharacterOffsetEnd>
            <POS>RB</POS>
          </token>
          <token id="7">
            <word>,</word>
            <lemma>,</lemma>
            <CharacterOffsetBegin>65</CharacterOffsetBegin>
            <CharacterOffsetEnd>66</CharacterOffsetEnd>
            <POS>,</POS>
          </token>
          <token id="8">
            <word>many</word>
            <lemma>many</lemma>
            <CharacterOffsetBegin>67</CharacterOffsetBegin>
            <CharacterOffsetEnd>71</CharacterOffsetEnd>
            <POS>JJ</POS>
          </token>
          <token id="9">
            <word>restaurant</word>
            <lemma>restaurant</lemma>
            <CharacterOffsetBegin>72</CharacterOffsetBegin>
            <CharacterOffsetEnd>82</CharacterOffsetEnd>
            <POS>NN</POS>
          </token>
          <token id="10">
            <word>diners</word>
            <lemma>diner</lemma>
            <CharacterOffsetBegin>83</CharacterOffsetBegin>
            <CharacterOffsetEnd>89</CharacterOffsetEnd>
            <POS>NNS</POS>
          </token>
          <token id="11">
            <word>will</word>
            <lemma>will</lemma>
            <CharacterOffsetBegin>90</CharacterOffsetBegin>
            <CharacterOffsetEnd>94</CharacterOffsetEnd>
            <POS>MD</POS>
          </token>
          <token id="12">
            <word>soon</word>
            <lemma>soon</lemma>
            <CharacterOffsetBegin>95</CharacterOffsetBegin>
            <CharacterOffsetEnd>99</CharacterOffsetEnd>
            <POS>RB</POS>
          </token>
          <token id="13">
            <word>know</word>
            <lemma>know</lemma>
            <CharacterOffsetBegin>100</CharacterOffsetBegin>
            <CharacterOffsetEnd>104</CharacterOffsetEnd>
            <POS>VB</POS>
          </token>
          <token id="14">
            <word>more</word>
            <lemma>more</lemma>
            <CharacterOffsetBegin>105</CharacterOffsetBegin>
            <CharacterOffsetEnd>109</CharacterOffsetEnd>
            <POS>JJR</POS>
          </token>
          <token id="15">
            <word>about</word>
            <lemma>about</lemma>
            <CharacterOffsetBegin>110</CharacterOffsetBegin>
            <CharacterOffsetEnd>115</CharacterOffsetEnd>
            <POS>IN</POS>
          </token>
          <token id="16">
            <word>what</word>
            <lemma>what</lemma>
            <CharacterOffsetBegin>116</CharacterOffsetBegin>
            <CharacterOffsetEnd>120</CharacterOffsetEnd>
            <POS>WP</POS>
          </token>
          <token id="17">
            <word>they</word>
            <lemma>they</lemma>
            <CharacterOffsetBegin>121</CharacterOffsetBegin>
            <CharacterOffsetEnd>125</CharacterOffsetEnd>
            <POS>PRP</POS>
          </token>
          <token id="18">
            <word>are</word>
            <lemma>be</lemma>
            <CharacterOffsetBegin>126</CharacterOffsetBegin>
            <CharacterOffsetEnd>129</CharacterOffsetEnd>
            <POS>VBP</POS>
          </token>
          <token id="19">
            <word>eating</word>
            <lemma>eat</lemma>
            <CharacterOffsetBegin>130</CharacterOffsetBegin>
            <CharacterOffsetEnd>136</CharacterOffsetEnd>
            <POS>VBG</POS>
          </token>
          <token id="20">
            <word>under</word>
            <lemma>under</lemma>
            <CharacterOffsetBegin>137</CharacterOffsetBegin>
            <CharacterOffsetEnd>142</CharacterOffsetEnd>
            <POS>IN</POS>
          </token>
          <token id="21">
            <word>menu</word>
            <lemma>menu</lemma>
            <CharacterOffsetBegin>143</CharacterOffsetBegin>
            <CharacterOffsetEnd>147</CharacterOffsetEnd>
            <POS>NN</POS>
          </token>
          <token id="22">
            <word>labeling</word>
            <lemma>labeling</lemma>
            <CharacterOffsetBegin>148</CharacterOffsetBegin>
            <CharacterOffsetEnd>156</CharacterOffsetEnd>
            <POS>NN</POS>
          </token>
          <token id="23">
            <word>requirements</word>
            <lemma>requirement</lemma>
            <CharacterOffsetBegin>157</CharacterOffsetBegin>
            <CharacterOffsetEnd>169</CharacterOffsetEnd>
            <POS>NNS</POS>
          </token>
          <token id="24">
            <word>proposed</word>
            <lemma>propose</lemma>
            <CharacterOffsetBegin>170</CharacterOffsetBegin>
            <CharacterOffsetEnd>178</CharacterOffsetEnd>
            <POS>VBN</POS>
          </token>
          <token id="25">
            <word>Friday</word>
            <lemma>Friday</lemma>
            <CharacterOffsetBegin>179</CharacterOffsetBegin>
            <CharacterOffsetEnd>185</CharacterOffsetEnd>
            <POS>NNP</POS>
          </token>
          <token id="26">
            <word>by</word>
            <lemma>by</lemma>
            <CharacterOffsetBegin>186</CharacterOffsetBegin>
            <CharacterOffsetEnd>188</CharacterOffsetEnd>
            <POS>IN</POS>
          </token>
          <token id="27">
            <word>the</word>
            <lemma>the</lemma>
            <CharacterOffsetBegin>189</CharacterOffsetBegin>
            <CharacterOffsetEnd>192</CharacterOffsetEnd>
            <POS>DT</POS>
          </token>
          <token id="28">
            <word>Food</word>
            <lemma>Food</lemma>
            <CharacterOffsetBegin>193</CharacterOffsetBegin>
            <CharacterOffsetEnd>197</CharacterOffsetEnd>
            <POS>NNP</POS>
          </token>
          <token id="29">
            <word>and</word>
            <lemma>and</lemma>
            <CharacterOffsetBegin>198</CharacterOffsetBegin>
            <CharacterOffsetEnd>201</CharacterOffsetEnd>
            <POS>CC</POS>
          </token>
          <token id="30">
            <word>Drug</word>
            <lemma>Drug</lemma>
            <CharacterOffsetBegin>202</CharacterOffsetBegin>
            <CharacterOffsetEnd>206</CharacterOffsetEnd>
            <POS>NNP</POS>
          </token>
          <token id="31">
            <word>Administration</word>
            <lemma>Administration</lemma>
            <CharacterOffsetBegin>207</CharacterOffsetBegin>
            <CharacterOffsetEnd>221</CharacterOffsetEnd>
            <POS>NNP</POS>
          </token>
          <token id="32">
            <word>.</word>
            <lemma>.</lemma>
            <CharacterOffsetBegin>221</CharacterOffsetBegin>
            <CharacterOffsetEnd>222</CharacterOffsetEnd>
            <POS>.</POS>
          </token>
        </tokens>
      </sentence>
      <sentence id="3">
        <tokens>
          <token id="1">
            <word>The</word>
            <lemma>the</lemma>
            <CharacterOffsetBegin>223</CharacterOffsetBegin>
            <CharacterOffsetEnd>226</CharacterOffsetEnd>
            <POS>DT</POS>
          </token>
          <token id="2">
            <word>requirements</word>
            <lemma>requirement</lemma>
            <CharacterOffsetBegin>227</CharacterOffsetBegin>
            <CharacterOffsetEnd>239</CharacterOffsetEnd>
            <POS>NNS</POS>
          </token>
          <token id="3">
            <word>will</word>
            <lemma>will</lemma>
            <CharacterOffsetBegin>240</CharacterOffsetBegin>
            <CharacterOffsetEnd>244</CharacterOffsetEnd>
            <POS>MD</POS>
          </token>
          <token id="4">
            <word>force</word>
            <lemma>force</lemma>
            <CharacterOffsetBegin>245</CharacterOffsetBegin>
            <CharacterOffsetEnd>250</CharacterOffsetEnd>
            <POS>VB</POS>
          </token>
          <token id="5">
            <word>chain</word>
            <lemma>chain</lemma>
            <CharacterOffsetBegin>251</CharacterOffsetBegin>
            <CharacterOffsetEnd>256</CharacterOffsetEnd>
            <POS>NN</POS>
          </token>
          <token id="6">
            <word>restaurants</word>
            <lemma>restaurant</lemma>
            <CharacterOffsetBegin>257</CharacterOffsetBegin>
            <CharacterOffsetEnd>268</CharacterOffsetEnd>
            <POS>NNS</POS>
          </token>
          <token id="7">
            <word>with</word>
            <lemma>with</lemma>
            <CharacterOffsetBegin>269</CharacterOffsetBegin>
            <CharacterOffsetEnd>273</CharacterOffsetEnd>
            <POS>IN</POS>
          </token>
          <token id="8">
            <word>20</word>
            <lemma>20</lemma>
            <CharacterOffsetBegin>274</CharacterOffsetBegin>
            <CharacterOffsetEnd>276</CharacterOffsetEnd>
            <POS>CD</POS>
          </token>
          <token id="9">
            <word>or</word>
            <lemma>or</lemma>
            <CharacterOffsetBegin>277</CharacterOffsetBegin>
            <CharacterOffsetEnd>279</CharacterOffsetEnd>
            <POS>CC</POS>
          </token>
          <token id="10">
            <word>more</word>
            <lemma>more</lemma>
            <CharacterOffsetBegin>280</CharacterOffsetBegin>
            <CharacterOffsetEnd>284</CharacterOffsetEnd>
            <POS>JJR</POS>
          </token>
          <token id="11">
            <word>locations</word>
            <lemma>location</lemma>
            <CharacterOffsetBegin>285</CharacterOffsetBegin>
            <CharacterOffsetEnd>294</CharacterOffsetEnd>
            <POS>NNS</POS>
          </token>
          <token id="12">
            <word>,</word>
            <lemma>,</lemma>
            <CharacterOffsetBegin>294</CharacterOffsetBegin>
            <CharacterOffsetEnd>295</CharacterOffsetEnd>
            <POS>,</POS>
          </token>
          <token id="13">
            <word>along</word>
            <lemma>along</lemma>
            <CharacterOffsetBegin>296</CharacterOffsetBegin>
            <CharacterOffsetEnd>301</CharacterOffsetEnd>
            <POS>IN</POS>
          </token>
          <token id="14">
            <word>with</word>
            <lemma>with</lemma>
            <CharacterOffsetBegin>302</CharacterOffsetBegin>
            <CharacterOffsetEnd>306</CharacterOffsetEnd>
            <POS>IN</POS>
          </token>
          <token id="15">
            <word>bakeries</word>
            <lemma>bakery</lemma>
            <CharacterOffsetBegin>307</CharacterOffsetBegin>
            <CharacterOffsetEnd>315</CharacterOffsetEnd>
            <POS>NNS</POS>
          </token>
          <token id="16">
            <word>,</word>
            <lemma>,</lemma>
            <CharacterOffsetBegin>315</CharacterOffsetBegin>
            <CharacterOffsetEnd>316</CharacterOffsetEnd>
            <POS>,</POS>
          </token>
          <token id="17">
            <word>grocery</word>
            <lemma>grocery</lemma>
            <CharacterOffsetBegin>317</CharacterOffsetBegin>
            <CharacterOffsetEnd>324</CharacterOffsetEnd>
            <POS>NN</POS>
          </token>
          <token id="18">
            <word>stores</word>
            <lemma>store</lemma>
            <CharacterOffsetBegin>325</CharacterOffsetBegin>
            <CharacterOffsetEnd>331</CharacterOffsetEnd>
            <POS>NNS</POS>
          </token>
          <token id="19">
            <word>,</word>
            <lemma>,</lemma>
            <CharacterOffsetBegin>331</CharacterOffsetBegin>
            <CharacterOffsetEnd>332</CharacterOffsetEnd>
            <POS>,</POS>
          </token>
          <token id="20">
            <word>convenience</word>
            <lemma>convenience</lemma>
            <CharacterOffsetBegin>333</CharacterOffsetBegin>
            <CharacterOffsetEnd>344</CharacterOffsetEnd>
            <POS>NN</POS>
          </token>
          <token id="21">
            <word>stores</word>
            <lemma>store</lemma>
            <CharacterOffsetBegin>345</CharacterOffsetBegin>
            <CharacterOffsetEnd>351</CharacterOffsetEnd>
            <POS>NNS</POS>
          </token>
          <token id="22">
            <word>and</word>
            <lemma>and</lemma>
            <CharacterOffsetBegin>352</CharacterOffsetBegin>
            <CharacterOffsetEnd>355</CharacterOffsetEnd>
            <POS>CC</POS>
          </token>
          <token id="23">
            <word>coffee</word>
            <lemma>coffee</lemma>
            <CharacterOffsetBegin>356</CharacterOffsetBegin>
            <CharacterOffsetEnd>362</CharacterOffsetEnd>
            <POS>NN</POS>
          </token>
          <token id="24">
            <word>chains</word>
            <lemma>chain</lemma>
            <CharacterOffsetBegin>363</CharacterOffsetBegin>
            <CharacterOffsetEnd>369</CharacterOffsetEnd>
            <POS>NNS</POS>
          </token>
          <token id="25">
            <word>,</word>
            <lemma>,</lemma>
            <CharacterOffsetBegin>369</CharacterOffsetBegin>
            <CharacterOffsetEnd>370</CharacterOffsetEnd>
            <POS>,</POS>
          </token>
          <token id="26">
            <word>to</word>
            <lemma>to</lemma>
            <CharacterOffsetBegin>371</CharacterOffsetBegin>
            <CharacterOffsetEnd>373</CharacterOffsetEnd>
            <POS>TO</POS>
          </token>
          <token id="27">
            <word>clearly</word>
            <lemma>clearly</lemma>
            <CharacterOffsetBegin>374</CharacterOffsetBegin>
            <CharacterOffsetEnd>381</CharacterOffsetEnd>
            <POS>RB</POS>
          </token>
          <token id="28">
            <word>post</word>
            <lemma>post</lemma>
            <CharacterOffsetBegin>382</CharacterOffsetBegin>
            <CharacterOffsetEnd>386</CharacterOffsetEnd>
            <POS>VB</POS>
          </token>
          <token id="29">
            <word>the</word>
            <lemma>the</lemma>
            <CharacterOffsetBegin>387</CharacterOffsetBegin>
            <CharacterOffsetEnd>390</CharacterOffsetEnd>
            <POS>DT</POS>
          </token>
          <token id="30">
            <word>amount</word>
            <lemma>amount</lemma>
            <CharacterOffsetBegin>391</CharacterOffsetBegin>
            <CharacterOffsetEnd>397</CharacterOffsetEnd>
            <POS>NN</POS>
          </token>
          <token id="31">
            <word>of</word>
            <lemma>of</lemma>
            <CharacterOffsetBegin>398</CharacterOffsetBegin>
            <CharacterOffsetEnd>400</CharacterOffsetEnd>
            <POS>IN</POS>
          </token>
          <token id="32">
            <word>calories</word>
            <lemma>calorie</lemma>
            <CharacterOffsetBegin>401</CharacterOffsetBegin>
            <CharacterOffsetEnd>409</CharacterOffsetEnd>
            <POS>NNS</POS>
          </token>
          <token id="33">
            <word>in</word>
            <lemma>in</lemma>
            <CharacterOffsetBegin>410</CharacterOffsetBegin>
            <CharacterOffsetEnd>412</CharacterOffsetEnd>
            <POS>IN</POS>
          </token>
          <token id="34">
            <word>each</word>
            <lemma>each</lemma>
            <CharacterOffsetBegin>413</CharacterOffsetBegin>
            <CharacterOffsetEnd>417</CharacterOffsetEnd>
            <POS>DT</POS>
          </token>
          <token id="35">
            <word>item</word>
            <lemma>item</lemma>
            <CharacterOffsetBegin>418</CharacterOffsetBegin>
            <CharacterOffsetEnd>422</CharacterOffsetEnd>
            <POS>NN</POS>
          </token>
          <token id="36">
            <word>on</word>
            <lemma>on</lemma>
            <CharacterOffsetBegin>423</CharacterOffsetBegin>
            <CharacterOffsetEnd>425</CharacterOffsetEnd>
            <POS>IN</POS>
          </token>
          <token id="37">
            <word>menus</word>
            <lemma>menu</lemma>
            <CharacterOffsetBegin>426</CharacterOffsetBegin>
            <CharacterOffsetEnd>431</CharacterOffsetEnd>
            <POS>NNS</POS>
          </token>
          <token id="38">
            <word>,</word>
            <lemma>,</lemma>
            <CharacterOffsetBegin>431</CharacterOffsetBegin>
            <CharacterOffsetEnd>432</CharacterOffsetEnd>
            <POS>,</POS>
          </token>
          <token id="39">
            <word>both</word>
            <lemma>both</lemma>
            <CharacterOffsetBegin>433</CharacterOffsetBegin>
            <CharacterOffsetEnd>437</CharacterOffsetEnd>
            <POS>CC</POS>
          </token>
          <token id="40">
            <word>in</word>
            <lemma>in</lemma>
            <CharacterOffsetBegin>438</CharacterOffsetBegin>
            <CharacterOffsetEnd>440</CharacterOffsetEnd>
            <POS>IN</POS>
          </token>
          <token id="41">
            <word>restaurants</word>
            <lemma>restaurant</lemma>
            <CharacterOffsetBegin>441</CharacterOffsetBegin>
            <CharacterOffsetEnd>452</CharacterOffsetEnd>
            <POS>NNS</POS>
          </token>
          <token id="42">
            <word>and</word>
            <lemma>and</lemma>
            <CharacterOffsetBegin>453</CharacterOffsetBegin>
            <CharacterOffsetEnd>456</CharacterOffsetEnd>
            <POS>CC</POS>
          </token>
          <token id="43">
            <word>drive-through</word>
            <lemma>drive-through</lemma>
            <CharacterOffsetBegin>457</CharacterOffsetBegin>
            <CharacterOffsetEnd>470</CharacterOffsetEnd>
            <POS>JJ</POS>
          </token>
          <token id="44">
            <word>lanes</word>
            <lemma>lane</lemma>
            <CharacterOffsetBegin>471</CharacterOffsetBegin>
            <CharacterOffsetEnd>476</CharacterOffsetEnd>
            <POS>NNS</POS>
          </token>
          <token id="45">
            <word>.</word>
            <lemma>.</lemma>
            <CharacterOffsetBegin>476</CharacterOffsetBegin>
            <CharacterOffsetEnd>477</CharacterOffsetEnd>
            <POS>.</POS>
          </token>
        </tokens>
      </sentence>
      <sentence id="4">
        <tokens>
          <token id="1">
            <word>The</word>
            <lemma>the</lemma>
            <CharacterOffsetBegin>478</CharacterOffsetBegin>
            <CharacterOffsetEnd>481</CharacterOffsetEnd>
            <POS>DT</POS>
          </token>
          <token id="2">
            <word>new</word>
            <lemma>new</lemma>
            <CharacterOffsetBegin>482</CharacterOffsetBegin>
            <CharacterOffsetEnd>485</CharacterOffsetEnd>
            <POS>JJ</POS>
          </token>
          <token id="3">
            <word>rules</word>
            <lemma>rule</lemma>
            <CharacterOffsetBegin>486</CharacterOffsetBegin>
            <CharacterOffsetEnd>491</CharacterOffsetEnd>
            <POS>NNS</POS>
          </token>
          <token id="4">
            <word>will</word>
            <lemma>will</lemma>
            <CharacterOffsetBegin>492</CharacterOffsetBegin>
            <CharacterOffsetEnd>496</CharacterOffsetEnd>
            <POS>MD</POS>
          </token>
          <token id="5">
            <word>also</word>
            <lemma>also</lemma>
            <CharacterOffsetBegin>497</CharacterOffsetBegin>
            <CharacterOffsetEnd>501</CharacterOffsetEnd>
            <POS>RB</POS>
          </token>
          <token id="6">
            <word>apply</word>
            <lemma>apply</lemma>
            <CharacterOffsetBegin>502</CharacterOffsetBegin>
            <CharacterOffsetEnd>507</CharacterOffsetEnd>
            <POS>VB</POS>
          </token>
          <token id="7">
            <word>to</word>
            <lemma>to</lemma>
            <CharacterOffsetBegin>508</CharacterOffsetBegin>
            <CharacterOffsetEnd>510</CharacterOffsetEnd>
            <POS>TO</POS>
          </token>
          <token id="8">
            <word>vending</word>
            <lemma>vend</lemma>
            <CharacterOffsetBegin>511</CharacterOffsetBegin>
            <CharacterOffsetEnd>518</CharacterOffsetEnd>
            <POS>VBG</POS>
          </token>
          <token id="9">
            <word>machines</word>
            <lemma>machine</lemma>
            <CharacterOffsetBegin>519</CharacterOffsetBegin>
            <CharacterOffsetEnd>527</CharacterOffsetEnd>
            <POS>NNS</POS>
          </token>
          <token id="10">
            <word>where</word>
            <lemma>where</lemma>
            <CharacterOffsetBegin>528</CharacterOffsetBegin>
            <CharacterOffsetEnd>533</CharacterOffsetEnd>
            <POS>WRB</POS>
          </token>
          <token id="11">
            <word>calorie</word>
            <lemma>calorie</lemma>
            <CharacterOffsetBegin>534</CharacterOffsetBegin>
            <CharacterOffsetEnd>541</CharacterOffsetEnd>
            <POS>JJ</POS>
          </token>
          <token id="12">
            <word>information</word>
            <lemma>information</lemma>
            <CharacterOffsetBegin>542</CharacterOffsetBegin>
            <CharacterOffsetEnd>553</CharacterOffsetEnd>
            <POS>NN</POS>
          </token>
          <token id="13">
            <word>is</word>
            <lemma>be</lemma>
            <CharacterOffsetBegin>554</CharacterOffsetBegin>
            <CharacterOffsetEnd>556</CharacterOffsetEnd>
            <POS>VBZ</POS>
          </token>
          <token id="14">
            <word>n't</word>
            <lemma>not</lemma>
            <CharacterOffsetBegin>556</CharacterOffsetBegin>
            <CharacterOffsetEnd>559</CharacterOffsetEnd>
            <POS>RB</POS>
          </token>
          <token id="15">
            <word>already</word>
            <lemma>already</lemma>
            <CharacterOffsetBegin>560</CharacterOffsetBegin>
            <CharacterOffsetEnd>567</CharacterOffsetEnd>
            <POS>RB</POS>
          </token>
          <token id="16">
            <word>visible</word>
            <lemma>visible</lemma>
            <CharacterOffsetBegin>568</CharacterOffsetBegin>
            <CharacterOffsetEnd>575</CharacterOffsetEnd>
            <POS>JJ</POS>
          </token>
          <token id="17">
            <word>on</word>
            <lemma>on</lemma>
            <CharacterOffsetBegin>576</CharacterOffsetBegin>
            <CharacterOffsetEnd>578</CharacterOffsetEnd>
            <POS>IN</POS>
          </token>
          <token id="18">
            <word>the</word>
            <lemma>the</lemma>
            <CharacterOffsetBegin>579</CharacterOffsetBegin>
            <CharacterOffsetEnd>582</CharacterOffsetEnd>
            <POS>DT</POS>
          </token>
          <token id="19">
            <word>package</word>
            <lemma>package</lemma>
            <CharacterOffsetBegin>583</CharacterOffsetBegin>
            <CharacterOffsetEnd>590</CharacterOffsetEnd>
            <POS>NN</POS>
          </token>
          <token id="20">
            <word>.</word>
            <lemma>.</lemma>
            <CharacterOffsetBegin>590</CharacterOffsetBegin>
            <CharacterOffsetEnd>591</CharacterOffsetEnd>
            <POS>.</POS>
          </token>
        </tokens>
      </sentence>
      <sentence id="5">
        <tokens>
          <token id="1">
            <word>The</word>
            <lemma>the</lemma>
            <CharacterOffsetBegin>592</CharacterOffsetBegin>
            <CharacterOffsetEnd>595</CharacterOffsetEnd>
            <POS>DT</POS>
          </token>
          <token id="2">
            <word>calorie</word>
            <lemma>calorie</lemma>
            <CharacterOffsetBegin>596</CharacterOffsetBegin>
            <CharacterOffsetEnd>603</CharacterOffsetEnd>
            <POS>NN</POS>
          </token>
          <token id="3">
            <word>counts</word>
            <lemma>count</lemma>
            <CharacterOffsetBegin>604</CharacterOffsetBegin>
            <CharacterOffsetEnd>610</CharacterOffsetEnd>
            <POS>NNS</POS>
          </token>
          <token id="4">
            <word>will</word>
            <lemma>will</lemma>
            <CharacterOffsetBegin>611</CharacterOffsetBegin>
            <CharacterOffsetEnd>615</CharacterOffsetEnd>
            <POS>MD</POS>
          </token>
          <token id="5">
            <word>apply</word>
            <lemma>apply</lemma>
            <CharacterOffsetBegin>616</CharacterOffsetBegin>
            <CharacterOffsetEnd>621</CharacterOffsetEnd>
            <POS>VB</POS>
          </token>
          <token id="6">
            <word>to</word>
            <lemma>to</lemma>
            <CharacterOffsetBegin>622</CharacterOffsetBegin>
            <CharacterOffsetEnd>624</CharacterOffsetEnd>
            <POS>TO</POS>
          </token>
          <token id="7">
            <word>an</word>
            <lemma>a</lemma>
            <CharacterOffsetBegin>625</CharacterOffsetBegin>
            <CharacterOffsetEnd>627</CharacterOffsetEnd>
            <POS>DT</POS>
          </token>
          <token id="8">
            <word>estimated</word>
            <lemma>estimate</lemma>
            <CharacterOffsetBegin>628</CharacterOffsetBegin>
            <CharacterOffsetEnd>637</CharacterOffsetEnd>
            <POS>VBN</POS>
          </token>
          <token id="9">
            <word>280,000</word>
            <lemma>280,000</lemma>
            <CharacterOffsetBegin>638</CharacterOffsetBegin>
            <CharacterOffsetEnd>645</CharacterOffsetEnd>
            <POS>CD</POS>
          </token>
          <token id="10">
            <word>establishments</word>
            <lemma>establishment</lemma>
            <CharacterOffsetBegin>646</CharacterOffsetBegin>
            <CharacterOffsetEnd>660</CharacterOffsetEnd>
            <POS>NNS</POS>
          </token>
          <token id="11">
            <word>and</word>
            <lemma>and</lemma>
            <CharacterOffsetBegin>661</CharacterOffsetBegin>
            <CharacterOffsetEnd>664</CharacterOffsetEnd>
            <POS>CC</POS>
          </token>
          <token id="12">
            <word>could</word>
            <lemma>could</lemma>
            <CharacterOffsetBegin>665</CharacterOffsetBegin>
            <CharacterOffsetEnd>670</CharacterOffsetEnd>
            <POS>MD</POS>
          </token>
          <token id="13">
            <word>be</word>
            <lemma>be</lemma>
            <CharacterOffsetBegin>671</CharacterOffsetBegin>
            <CharacterOffsetEnd>673</CharacterOffsetEnd>
            <POS>VB</POS>
          </token>
          <token id="14">
            <word>on</word>
            <lemma>on</lemma>
            <CharacterOffsetBegin>674</CharacterOffsetBegin>
            <CharacterOffsetEnd>676</CharacterOffsetEnd>
            <POS>IN</POS>
          </token>
          <token id="15">
            <word>menus</word>
            <lemma>menu</lemma>
            <CharacterOffsetBegin>677</CharacterOffsetBegin>
            <CharacterOffsetEnd>682</CharacterOffsetEnd>
            <POS>NNS</POS>
          </token>
          <token id="16">
            <word>by</word>
            <lemma>by</lemma>
            <CharacterOffsetBegin>683</CharacterOffsetBegin>
            <CharacterOffsetEnd>685</CharacterOffsetEnd>
            <POS>IN</POS>
          </token>
          <token id="17">
            <word>2012</word>
            <lemma>2012</lemma>
            <CharacterOffsetBegin>686</CharacterOffsetBegin>
            <CharacterOffsetEnd>690</CharacterOffsetEnd>
            <POS>CD</POS>
          </token>
          <token id="18">
            <word>.</word>
            <lemma>.</lemma>
            <CharacterOffsetBegin>690</CharacterOffsetBegin>
            <CharacterOffsetEnd>691</CharacterOffsetEnd>
            <POS>.</POS>
          </token>
        </tokens>
      </sentence>
      <sentence id="6">
        <tokens>
          <token id="1">
            <word>Required</word>
            <lemma>require</lemma>
            <CharacterOffsetBegin>692</CharacterOffsetBegin>
            <CharacterOffsetEnd>700</CharacterOffsetEnd>
            <POS>VBN</POS>
          </token>
          <token id="2">
            <word>as</word>
            <lemma>as</lemma>
            <CharacterOffsetBegin>701</CharacterOffsetBegin>
            <CharacterOffsetEnd>703</CharacterOffsetEnd>
            <POS>IN</POS>
          </token>
          <token id="3">
            <word>part</word>
            <lemma>part</lemma>
            <CharacterOffsetBegin>704</CharacterOffsetBegin>
            <CharacterOffsetEnd>708</CharacterOffsetEnd>
            <POS>NN</POS>
          </token>
          <token id="4">
            <word>of</word>
            <lemma>of</lemma>
            <CharacterOffsetBegin>709</CharacterOffsetBegin>
            <CharacterOffsetEnd>711</CharacterOffsetEnd>
            <POS>IN</POS>
          </token>
          <token id="5">
            <word>health</word>
            <lemma>health</lemma>
            <CharacterOffsetBegin>712</CharacterOffsetBegin>
            <CharacterOffsetEnd>718</CharacterOffsetEnd>
            <POS>NN</POS>
          </token>
          <token id="6">
            <word>overhaul</word>
            <lemma>overhaul</lemma>
            <CharacterOffsetBegin>719</CharacterOffsetBegin>
            <CharacterOffsetEnd>727</CharacterOffsetEnd>
            <POS>NN</POS>
          </token>
          <token id="7">
            <word>legislation</word>
            <lemma>legislation</lemma>
            <CharacterOffsetBegin>728</CharacterOffsetBegin>
            <CharacterOffsetEnd>739</CharacterOffsetEnd>
            <POS>NN</POS>
          </token>
          <token id="8">
            <word>signed</word>
            <lemma>sign</lemma>
            <CharacterOffsetBegin>740</CharacterOffsetBegin>
            <CharacterOffsetEnd>746</CharacterOffsetEnd>
            <POS>VBD</POS>
          </token>
          <token id="9">
            <word>into</word>
            <lemma>into</lemma>
            <CharacterOffsetBegin>747</CharacterOffsetBegin>
            <CharacterOffsetEnd>751</CharacterOffsetEnd>
            <POS>IN</POS>
          </token>
          <token id="10">
            <word>law</word>
            <lemma>law</lemma>
            <CharacterOffsetBegin>752</CharacterOffsetBegin>
            <CharacterOffsetEnd>755</CharacterOffsetEnd>
            <POS>NN</POS>
          </token>
          <token id="11">
            <word>last</word>
            <lemma>last</lemma>
            <CharacterOffsetBegin>756</CharacterOffsetBegin>
            <CharacterOffsetEnd>760</CharacterOffsetEnd>
            <POS>JJ</POS>
          </token>
          <token id="12">
            <word>year</word>
            <lemma>year</lemma>
            <CharacterOffsetBegin>761</CharacterOffsetBegin>
            <CharacterOffsetEnd>765</CharacterOffsetEnd>
            <POS>NN</POS>
          </token>
          <token id="13">
            <word>,</word>
            <lemma>,</lemma>
            <CharacterOffsetBegin>765</CharacterOffsetBegin>
            <CharacterOffsetEnd>766</CharacterOffsetEnd>
            <POS>,</POS>
          </token>
          <token id="14">
            <word>they</word>
            <lemma>they</lemma>
            <CharacterOffsetBegin>767</CharacterOffsetBegin>
            <CharacterOffsetEnd>771</CharacterOffsetEnd>
            <POS>PRP</POS>
          </token>
          <token id="15">
            <word>are</word>
            <lemma>be</lemma>
            <CharacterOffsetBegin>772</CharacterOffsetBegin>
            <CharacterOffsetEnd>775</CharacterOffsetEnd>
            <POS>VBP</POS>
          </token>
          <token id="16">
            <word>designed</word>
            <lemma>design</lemma>
            <CharacterOffsetBegin>776</CharacterOffsetBegin>
            <CharacterOffsetEnd>784</CharacterOffsetEnd>
            <POS>VBN</POS>
          </token>
          <token id="17">
            <word>to</word>
            <lemma>to</lemma>
            <CharacterOffsetBegin>785</CharacterOffsetBegin>
            <CharacterOffsetEnd>787</CharacterOffsetEnd>
            <POS>TO</POS>
          </token>
          <token id="18">
            <word>give</word>
            <lemma>give</lemma>
            <CharacterOffsetBegin>788</CharacterOffsetBegin>
            <CharacterOffsetEnd>792</CharacterOffsetEnd>
            <POS>VB</POS>
          </token>
          <token id="19">
            <word>restaurant</word>
            <lemma>restaurant</lemma>
            <CharacterOffsetBegin>793</CharacterOffsetBegin>
            <CharacterOffsetEnd>803</CharacterOffsetEnd>
            <POS>NN</POS>
          </token>
          <token id="20">
            <word>diners</word>
            <lemma>diner</lemma>
            <CharacterOffsetBegin>804</CharacterOffsetBegin>
            <CharacterOffsetEnd>810</CharacterOffsetEnd>
            <POS>NNS</POS>
          </token>
          <token id="21">
            <word>information</word>
            <lemma>information</lemma>
            <CharacterOffsetBegin>811</CharacterOffsetBegin>
            <CharacterOffsetEnd>822</CharacterOffsetEnd>
            <POS>NN</POS>
          </token>
          <token id="22">
            <word>that</word>
            <lemma>that</lemma>
            <CharacterOffsetBegin>823</CharacterOffsetBegin>
            <CharacterOffsetEnd>827</CharacterOffsetEnd>
            <POS>WDT</POS>
          </token>
          <token id="23">
            <word>has</word>
            <lemma>have</lemma>
            <CharacterOffsetBegin>828</CharacterOffsetBegin>
            <CharacterOffsetEnd>831</CharacterOffsetEnd>
            <POS>VBZ</POS>
          </token>
          <token id="24">
            <word>long</word>
            <lemma>long</lemma>
            <CharacterOffsetBegin>832</CharacterOffsetBegin>
            <CharacterOffsetEnd>836</CharacterOffsetEnd>
            <POS>RB</POS>
          </token>
          <token id="25">
            <word>been</word>
            <lemma>be</lemma>
            <CharacterOffsetBegin>837</CharacterOffsetBegin>
            <CharacterOffsetEnd>841</CharacterOffsetEnd>
            <POS>VBN</POS>
          </token>
          <token id="26">
            <word>available</word>
            <lemma>available</lemma>
            <CharacterOffsetBegin>842</CharacterOffsetBegin>
            <CharacterOffsetEnd>851</CharacterOffsetEnd>
            <POS>JJ</POS>
          </token>
          <token id="27">
            <word>on</word>
            <lemma>on</lemma>
            <CharacterOffsetBegin>852</CharacterOffsetBegin>
            <CharacterOffsetEnd>854</CharacterOffsetEnd>
            <POS>IN</POS>
          </token>
          <token id="28">
            <word>packaged</word>
            <lemma>package</lemma>
            <CharacterOffsetBegin>855</CharacterOffsetBegin>
            <CharacterOffsetEnd>863</CharacterOffsetEnd>
            <POS>VBN</POS>
          </token>
          <token id="29">
            <word>goods</word>
            <lemma>goods</lemma>
            <CharacterOffsetBegin>864</CharacterOffsetBegin>
            <CharacterOffsetEnd>869</CharacterOffsetEnd>
            <POS>NNS</POS>
          </token>
          <token id="30">
            <word>cooked</word>
            <lemma>cook</lemma>
            <CharacterOffsetBegin>870</CharacterOffsetBegin>
            <CharacterOffsetEnd>876</CharacterOffsetEnd>
            <POS>VBD</POS>
          </token>
          <token id="31">
            <word>at</word>
            <lemma>at</lemma>
            <CharacterOffsetBegin>877</CharacterOffsetBegin>
            <CharacterOffsetEnd>879</CharacterOffsetEnd>
            <POS>IN</POS>
          </token>
          <token id="32">
            <word>home</word>
            <lemma>home</lemma>
            <CharacterOffsetBegin>880</CharacterOffsetBegin>
            <CharacterOffsetEnd>884</CharacterOffsetEnd>
            <POS>NN</POS>
          </token>
          <token id="33">
            <word>.</word>
            <lemma>.</lemma>
            <CharacterOffsetBegin>884</CharacterOffsetBegin>
            <CharacterOffsetEnd>885</CharacterOffsetEnd>
            <POS>.</POS>
          </token>
        </tokens>
      </sentence>
      <sentence id="7">
        <tokens>
          <token id="1">
            <word>The</word>
            <lemma>the</lemma>
            <CharacterOffsetBegin>886</CharacterOffsetBegin>
            <CharacterOffsetEnd>889</CharacterOffsetEnd>
            <POS>DT</POS>
          </token>
          <token id="2">
            <word>FDA</word>
            <lemma>FDA</lemma>
            <CharacterOffsetBegin>890</CharacterOffsetBegin>
            <CharacterOffsetEnd>893</CharacterOffsetEnd>
            <POS>NNP</POS>
          </token>
          <token id="3">
            <word>estimates</word>
            <lemma>estimate</lemma>
            <CharacterOffsetBegin>894</CharacterOffsetBegin>
            <CharacterOffsetEnd>903</CharacterOffsetEnd>
            <POS>VBZ</POS>
          </token>
          <token id="4">
            <word>that</word>
            <lemma>that</lemma>
            <CharacterOffsetBegin>904</CharacterOffsetBegin>
            <CharacterOffsetEnd>908</CharacterOffsetEnd>
            <POS>IN</POS>
          </token>
          <token id="5">
            <word>a</word>
            <lemma>a</lemma>
            <CharacterOffsetBegin>909</CharacterOffsetBegin>
            <CharacterOffsetEnd>910</CharacterOffsetEnd>
            <POS>DT</POS>
          </token>
          <token id="6">
            <word>third</word>
            <lemma>third</lemma>
            <CharacterOffsetBegin>911</CharacterOffsetBegin>
            <CharacterOffsetEnd>916</CharacterOffsetEnd>
            <POS>JJ</POS>
          </token>
          <token id="7">
            <word>of</word>
            <lemma>of</lemma>
            <CharacterOffsetBegin>917</CharacterOffsetBegin>
            <CharacterOffsetEnd>919</CharacterOffsetEnd>
            <POS>IN</POS>
          </token>
          <token id="8">
            <word>calories</word>
            <lemma>calorie</lemma>
            <CharacterOffsetBegin>920</CharacterOffsetBegin>
            <CharacterOffsetEnd>928</CharacterOffsetEnd>
            <POS>NNS</POS>
          </token>
          <token id="9">
            <word>are</word>
            <lemma>be</lemma>
            <CharacterOffsetBegin>929</CharacterOffsetBegin>
            <CharacterOffsetEnd>932</CharacterOffsetEnd>
            <POS>VBP</POS>
          </token>
          <token id="10">
            <word>consumed</word>
            <lemma>consume</lemma>
            <CharacterOffsetBegin>933</CharacterOffsetBegin>
            <CharacterOffsetEnd>941</CharacterOffsetEnd>
            <POS>VBN</POS>
          </token>
          <token id="11">
            <word>by</word>
            <lemma>by</lemma>
            <CharacterOffsetBegin>942</CharacterOffsetBegin>
            <CharacterOffsetEnd>944</CharacterOffsetEnd>
            <POS>IN</POS>
          </token>
          <token id="12">
            <word>eating</word>
            <lemma>eat</lemma>
            <CharacterOffsetBegin>945</CharacterOffsetBegin>
            <CharacterOffsetEnd>951</CharacterOffsetEnd>
            <POS>VBG</POS>
          </token>
          <token id="13">
            <word>out</word>
            <lemma>out</lemma>
            <CharacterOffsetBegin>952</CharacterOffsetBegin>
            <CharacterOffsetEnd>955</CharacterOffsetEnd>
            <POS>RP</POS>
          </token>
          <token id="14">
            <word>.</word>
            <lemma>.</lemma>
            <CharacterOffsetBegin>955</CharacterOffsetBegin>
            <CharacterOffsetEnd>956</CharacterOffsetEnd>
            <POS>.</POS>
          </token>
          <token id="15">
            <word>''</word>
            <lemma>''</lemma>
            <CharacterOffsetBegin>957</CharacterOffsetBegin>
            <CharacterOffsetEnd>958</CharacterOffsetEnd>
            <POS>''</POS>
          </token>
        </tokens>
      </sentence>
      <sentence id="8">
        <tokens>
          <token id="1">
            <word>``</word>
            <lemma>``</lemma>
            <CharacterOffsetBegin>958</CharacterOffsetBegin>
            <CharacterOffsetEnd>959</CharacterOffsetEnd>
            <POS>``</POS>
          </token>
          <token id="2">
            <word>We</word>
            <lemma>we</lemma>
            <CharacterOffsetBegin>959</CharacterOffsetBegin>
            <CharacterOffsetEnd>961</CharacterOffsetEnd>
            <POS>PRP</POS>
          </token>
          <token id="3">
            <word>'ve</word>
            <lemma>have</lemma>
            <CharacterOffsetBegin>961</CharacterOffsetBegin>
            <CharacterOffsetEnd>964</CharacterOffsetEnd>
            <POS>VBP</POS>
          </token>
          <token id="4">
            <word>got</word>
            <lemma>get</lemma>
            <CharacterOffsetBegin>965</CharacterOffsetBegin>
            <CharacterOffsetEnd>968</CharacterOffsetEnd>
            <POS>VBD</POS>
          </token>
          <token id="5">
            <word>a</word>
            <lemma>a</lemma>
            <CharacterOffsetBegin>969</CharacterOffsetBegin>
            <CharacterOffsetEnd>970</CharacterOffsetEnd>
            <POS>DT</POS>
          </token>
          <token id="6">
            <word>huge</word>
            <lemma>huge</lemma>
            <CharacterOffsetBegin>971</CharacterOffsetBegin>
            <CharacterOffsetEnd>975</CharacterOffsetEnd>
            <POS>JJ</POS>
          </token>
          <token id="7">
            <word>obesity</word>
            <lemma>obesity</lemma>
            <CharacterOffsetBegin>976</CharacterOffsetBegin>
            <CharacterOffsetEnd>983</CharacterOffsetEnd>
            <POS>NN</POS>
          </token>
          <token id="8">
            <word>problem</word>
            <lemma>problem</lemma>
            <CharacterOffsetBegin>984</CharacterOffsetBegin>
            <CharacterOffsetEnd>991</CharacterOffsetEnd>
            <POS>NN</POS>
          </token>
          <token id="9">
            <word>in</word>
            <lemma>in</lemma>
            <CharacterOffsetBegin>992</CharacterOffsetBegin>
            <CharacterOffsetEnd>994</CharacterOffsetEnd>
            <POS>IN</POS>
          </token>
          <token id="10">
            <word>this</word>
            <lemma>this</lemma>
            <CharacterOffsetBegin>995</CharacterOffsetBegin>
            <CharacterOffsetEnd>999</CharacterOffsetEnd>
            <POS>DT</POS>
          </token>
          <token id="11">
            <word>country</word>
            <lemma>country</lemma>
            <CharacterOffsetBegin>1000</CharacterOffsetBegin>
            <CharacterOffsetEnd>1007</CharacterOffsetEnd>
            <POS>NN</POS>
          </token>
          <token id="12">
            <word>and</word>
            <lemma>and</lemma>
            <CharacterOffsetBegin>1008</CharacterOffsetBegin>
            <CharacterOffsetEnd>1011</CharacterOffsetEnd>
            <POS>CC</POS>
          </token>
          <token id="13">
            <word>it</word>
            <lemma>it</lemma>
            <CharacterOffsetBegin>1012</CharacterOffsetBegin>
            <CharacterOffsetEnd>1014</CharacterOffsetEnd>
            <POS>PRP</POS>
          </token>
          <token id="14">
            <word>'s</word>
            <lemma>be</lemma>
            <CharacterOffsetBegin>1014</CharacterOffsetBegin>
            <CharacterOffsetEnd>1016</CharacterOffsetEnd>
            <POS>VBZ</POS>
          </token>
          <token id="15">
            <word>due</word>
            <lemma>due</lemma>
            <CharacterOffsetBegin>1017</CharacterOffsetBegin>
            <CharacterOffsetEnd>1020</CharacterOffsetEnd>
            <POS>JJ</POS>
          </token>
          <token id="16">
            <word>in</word>
            <lemma>in</lemma>
            <CharacterOffsetBegin>1021</CharacterOffsetBegin>
            <CharacterOffsetEnd>1023</CharacterOffsetEnd>
            <POS>IN</POS>
          </token>
          <token id="17">
            <word>part</word>
            <lemma>part</lemma>
            <CharacterOffsetBegin>1024</CharacterOffsetBegin>
            <CharacterOffsetEnd>1028</CharacterOffsetEnd>
            <POS>NN</POS>
          </token>
          <token id="18">
            <word>to</word>
            <lemma>to</lemma>
            <CharacterOffsetBegin>1029</CharacterOffsetBegin>
            <CharacterOffsetEnd>1031</CharacterOffsetEnd>
            <POS>TO</POS>
          </token>
          <token id="19">
            <word>excess</word>
            <lemma>excess</lemma>
            <CharacterOffsetBegin>1032</CharacterOffsetBegin>
            <CharacterOffsetEnd>1038</CharacterOffsetEnd>
            <POS>JJ</POS>
          </token>
          <token id="20">
            <word>calorie</word>
            <lemma>calorie</lemma>
            <CharacterOffsetBegin>1039</CharacterOffsetBegin>
            <CharacterOffsetEnd>1046</CharacterOffsetEnd>
            <POS>NN</POS>
          </token>
          <token id="21">
            <word>consumption</word>
            <lemma>consumption</lemma>
            <CharacterOffsetBegin>1047</CharacterOffsetBegin>
            <CharacterOffsetEnd>1058</CharacterOffsetEnd>
            <POS>NN</POS>
          </token>
          <token id="22">
            <word>outside</word>
            <lemma>outside</lemma>
            <CharacterOffsetBegin>1059</CharacterOffsetBegin>
            <CharacterOffsetEnd>1066</CharacterOffsetEnd>
            <POS>IN</POS>
          </token>
          <token id="23">
            <word>the</word>
            <lemma>the</lemma>
            <CharacterOffsetBegin>1067</CharacterOffsetBegin>
            <CharacterOffsetEnd>1070</CharacterOffsetEnd>
            <POS>DT</POS>
          </token>
          <token id="24">
            <word>home</word>
            <lemma>home</lemma>
            <CharacterOffsetBegin>1071</CharacterOffsetBegin>
            <CharacterOffsetEnd>1075</CharacterOffsetEnd>
            <POS>NN</POS>
          </token>
          <token id="25">
            <word>,</word>
            <lemma>,</lemma>
            <CharacterOffsetBegin>1075</CharacterOffsetBegin>
            <CharacterOffsetEnd>1076</CharacterOffsetEnd>
            <POS>,</POS>
          </token>
          <token id="26">
            <word>''</word>
            <lemma>''</lemma>
            <CharacterOffsetBegin>1076</CharacterOffsetBegin>
            <CharacterOffsetEnd>1077</CharacterOffsetEnd>
            <POS>''</POS>
          </token>
          <token id="27">
            <word>''</word>
            <lemma>''</lemma>
            <CharacterOffsetBegin>1077</CharacterOffsetBegin>
            <CharacterOffsetEnd>1078</CharacterOffsetEnd>
            <POS>''</POS>
          </token>
          <token id="28">
            <word>says</word>
            <lemma>say</lemma>
            <CharacterOffsetBegin>1079</CharacterOffsetBegin>
            <CharacterOffsetEnd>1083</CharacterOffsetEnd>
            <POS>VBZ</POS>
          </token>
          <token id="29">
            <word>Mike</word>
            <lemma>Mike</lemma>
            <CharacterOffsetBegin>1084</CharacterOffsetBegin>
            <CharacterOffsetEnd>1088</CharacterOffsetEnd>
            <POS>NNP</POS>
          </token>
          <token id="30">
            <word>Taylor</word>
            <lemma>Taylor</lemma>
            <CharacterOffsetBegin>1089</CharacterOffsetBegin>
            <CharacterOffsetEnd>1095</CharacterOffsetEnd>
            <POS>NNP</POS>
          </token>
          <token id="31">
            <word>,</word>
            <lemma>,</lemma>
            <CharacterOffsetBegin>1095</CharacterOffsetBegin>
            <CharacterOffsetEnd>1096</CharacterOffsetEnd>
            <POS>,</POS>
          </token>
          <token id="32">
            <word>FDA</word>
            <lemma>FDA</lemma>
            <CharacterOffsetBegin>1097</CharacterOffsetBegin>
            <CharacterOffsetEnd>1100</CharacterOffsetEnd>
            <POS>NNP</POS>
          </token>
          <token id="33">
            <word>deputy</word>
            <lemma>deputy</lemma>
            <CharacterOffsetBegin>1101</CharacterOffsetBegin>
            <CharacterOffsetEnd>1107</CharacterOffsetEnd>
            <POS>NN</POS>
          </token>
          <token id="34">
            <word>commissioner</word>
            <lemma>commissioner</lemma>
            <CharacterOffsetBegin>1108</CharacterOffsetBegin>
            <CharacterOffsetEnd>1120</CharacterOffsetEnd>
            <POS>NN</POS>
          </token>
          <token id="35">
            <word>for</word>
            <lemma>for</lemma>
            <CharacterOffsetBegin>1121</CharacterOffsetBegin>
            <CharacterOffsetEnd>1124</CharacterOffsetEnd>
            <POS>IN</POS>
          </token>
          <token id="36">
            <word>foods</word>
            <lemma>food</lemma>
            <CharacterOffsetBegin>1125</CharacterOffsetBegin>
            <CharacterOffsetEnd>1130</CharacterOffsetEnd>
            <POS>NNS</POS>
          </token>
          <token id="37">
            <word>.</word>
            <lemma>.</lemma>
            <CharacterOffsetBegin>1130</CharacterOffsetBegin>
            <CharacterOffsetEnd>1131</CharacterOffsetEnd>
            <POS>.</POS>
          </token>
          <token id="38">
            <word>''</word>
            <lemma>''</lemma>
            <CharacterOffsetBegin>1132</CharacterOffsetBegin>
            <CharacterOffsetEnd>1133</CharacterOffsetEnd>
            <POS>''</POS>
          </token>
        </tokens>
      </sentence>
      <sentence id="9">
        <tokens>
          <token id="1">
            <word>``</word>
            <lemma>``</lemma>
            <CharacterOffsetBegin>1133</CharacterOffsetBegin>
            <CharacterOffsetEnd>1134</CharacterOffsetEnd>
            <POS>``</POS>
          </token>
          <token id="2">
            <word>Consumers</word>
            <lemma>consumer</lemma>
            <CharacterOffsetBegin>1134</CharacterOffsetBegin>
            <CharacterOffsetEnd>1143</CharacterOffsetEnd>
            <POS>NNS</POS>
          </token>
          <token id="3">
            <word>generally</word>
            <lemma>generally</lemma>
            <CharacterOffsetBegin>1144</CharacterOffsetBegin>
            <CharacterOffsetEnd>1153</CharacterOffsetEnd>
            <POS>RB</POS>
          </token>
          <token id="4">
            <word>when</word>
            <lemma>when</lemma>
            <CharacterOffsetBegin>1154</CharacterOffsetBegin>
            <CharacterOffsetEnd>1158</CharacterOffsetEnd>
            <POS>WRB</POS>
          </token>
          <token id="5">
            <word>you</word>
            <lemma>you</lemma>
            <CharacterOffsetBegin>1159</CharacterOffsetBegin>
            <CharacterOffsetEnd>1162</CharacterOffsetEnd>
            <POS>PRP</POS>
          </token>
          <token id="6">
            <word>ask</word>
            <lemma>ask</lemma>
            <CharacterOffsetBegin>1163</CharacterOffsetBegin>
            <CharacterOffsetEnd>1166</CharacterOffsetEnd>
            <POS>VBP</POS>
          </token>
          <token id="7">
            <word>them</word>
            <lemma>they</lemma>
            <CharacterOffsetBegin>1167</CharacterOffsetBegin>
            <CharacterOffsetEnd>1171</CharacterOffsetEnd>
            <POS>PRP</POS>
          </token>
          <token id="8">
            <word>say</word>
            <lemma>say</lemma>
            <CharacterOffsetBegin>1172</CharacterOffsetBegin>
            <CharacterOffsetEnd>1175</CharacterOffsetEnd>
            <POS>VB</POS>
          </token>
          <token id="9">
            <word>they</word>
            <lemma>they</lemma>
            <CharacterOffsetBegin>1176</CharacterOffsetBegin>
            <CharacterOffsetEnd>1180</CharacterOffsetEnd>
            <POS>PRP</POS>
          </token>
          <token id="10">
            <word>would</word>
            <lemma>would</lemma>
            <CharacterOffsetBegin>1181</CharacterOffsetBegin>
            <CharacterOffsetEnd>1186</CharacterOffsetEnd>
            <POS>MD</POS>
          </token>
          <token id="11">
            <word>prefer</word>
            <lemma>prefer</lemma>
            <CharacterOffsetBegin>1187</CharacterOffsetBegin>
            <CharacterOffsetEnd>1193</CharacterOffsetEnd>
            <POS>VB</POS>
          </token>
          <token id="12">
            <word>to</word>
            <lemma>to</lemma>
            <CharacterOffsetBegin>1194</CharacterOffsetBegin>
            <CharacterOffsetEnd>1196</CharacterOffsetEnd>
            <POS>TO</POS>
          </token>
          <token id="13">
            <word>have</word>
            <lemma>have</lemma>
            <CharacterOffsetBegin>1197</CharacterOffsetBegin>
            <CharacterOffsetEnd>1201</CharacterOffsetEnd>
            <POS>VB</POS>
          </token>
          <token id="14">
            <word>that</word>
            <lemma>that</lemma>
            <CharacterOffsetBegin>1202</CharacterOffsetBegin>
            <CharacterOffsetEnd>1206</CharacterOffsetEnd>
            <POS>DT</POS>
          </token>
          <token id="15">
            <word>information</word>
            <lemma>information</lemma>
            <CharacterOffsetBegin>1207</CharacterOffsetBegin>
            <CharacterOffsetEnd>1218</CharacterOffsetEnd>
            <POS>NN</POS>
          </token>
          <token id="16">
            <word>.</word>
            <lemma>.</lemma>
            <CharacterOffsetBegin>1218</CharacterOffsetBegin>
            <CharacterOffsetEnd>1219</CharacterOffsetEnd>
            <POS>.</POS>
          </token>
          <token id="17">
            <word>''</word>
            <lemma>''</lemma>
            <CharacterOffsetBegin>1219</CharacterOffsetBegin>
            <CharacterOffsetEnd>1220</CharacterOffsetEnd>
            <POS>''</POS>
          </token>
          <token id="18">
            <word>''</word>
            <lemma>''</lemma>
            <CharacterOffsetBegin>1220</CharacterOffsetBegin>
            <CharacterOffsetEnd>1221</CharacterOffsetEnd>
            <POS>''</POS>
          </token>
        </tokens>
      </sentence>
      <sentence id="10">
        <tokens>
          <token id="1">
            <word>But</word>
            <lemma>but</lemma>
            <CharacterOffsetBegin>1222</CharacterOffsetBegin>
            <CharacterOffsetEnd>1225</CharacterOffsetEnd>
            <POS>CC</POS>
          </token>
          <token id="2">
            <word>do</word>
            <lemma>do</lemma>
            <CharacterOffsetBegin>1226</CharacterOffsetBegin>
            <CharacterOffsetEnd>1228</CharacterOffsetEnd>
            <POS>VBP</POS>
          </token>
          <token id="3">
            <word>n't</word>
            <lemma>not</lemma>
            <CharacterOffsetBegin>1228</CharacterOffsetBegin>
            <CharacterOffsetEnd>1231</CharacterOffsetEnd>
            <POS>RB</POS>
          </token>
          <token id="4">
            <word>expect</word>
            <lemma>expect</lemma>
            <CharacterOffsetBegin>1232</CharacterOffsetBegin>
            <CharacterOffsetEnd>1238</CharacterOffsetEnd>
            <POS>VB</POS>
          </token>
          <token id="5">
            <word>calorie</word>
            <lemma>calorie</lemma>
            <CharacterOffsetBegin>1239</CharacterOffsetBegin>
            <CharacterOffsetEnd>1246</CharacterOffsetEnd>
            <POS>NN</POS>
          </token>
          <token id="6">
            <word>shock</word>
            <lemma>shock</lemma>
            <CharacterOffsetBegin>1247</CharacterOffsetBegin>
            <CharacterOffsetEnd>1252</CharacterOffsetEnd>
            <POS>NN</POS>
          </token>
          <token id="7">
            <word>when</word>
            <lemma>when</lemma>
            <CharacterOffsetBegin>1253</CharacterOffsetBegin>
            <CharacterOffsetEnd>1257</CharacterOffsetEnd>
            <POS>WRB</POS>
          </token>
          <token id="8">
            <word>ordering</word>
            <lemma>order</lemma>
            <CharacterOffsetBegin>1258</CharacterOffsetBegin>
            <CharacterOffsetEnd>1266</CharacterOffsetEnd>
            <POS>VBG</POS>
          </token>
          <token id="9">
            <word>at</word>
            <lemma>at</lemma>
            <CharacterOffsetBegin>1267</CharacterOffsetBegin>
            <CharacterOffsetEnd>1269</CharacterOffsetEnd>
            <POS>IN</POS>
          </token>
          <token id="10">
            <word>the</word>
            <lemma>the</lemma>
            <CharacterOffsetBegin>1270</CharacterOffsetBegin>
            <CharacterOffsetEnd>1273</CharacterOffsetEnd>
            <POS>DT</POS>
          </token>
          <token id="11">
            <word>movie</word>
            <lemma>movie</lemma>
            <CharacterOffsetBegin>1274</CharacterOffsetBegin>
            <CharacterOffsetEnd>1279</CharacterOffsetEnd>
            <POS>NN</POS>
          </token>
          <token id="12">
            <word>theater</word>
            <lemma>theater</lemma>
            <CharacterOffsetBegin>1280</CharacterOffsetBegin>
            <CharacterOffsetEnd>1287</CharacterOffsetEnd>
            <POS>NN</POS>
          </token>
          <token id="13">
            <word>,</word>
            <lemma>,</lemma>
            <CharacterOffsetBegin>1287</CharacterOffsetBegin>
            <CharacterOffsetEnd>1288</CharacterOffsetEnd>
            <POS>,</POS>
          </token>
          <token id="14">
            <word>where</word>
            <lemma>where</lemma>
            <CharacterOffsetBegin>1289</CharacterOffsetBegin>
            <CharacterOffsetEnd>1294</CharacterOffsetEnd>
            <POS>WRB</POS>
          </token>
          <token id="15">
            <word>a</word>
            <lemma>a</lemma>
            <CharacterOffsetBegin>1295</CharacterOffsetBegin>
            <CharacterOffsetEnd>1296</CharacterOffsetEnd>
            <POS>DT</POS>
          </token>
          <token id="16">
            <word>tub</word>
            <lemma>tub</lemma>
            <CharacterOffsetBegin>1297</CharacterOffsetBegin>
            <CharacterOffsetEnd>1300</CharacterOffsetEnd>
            <POS>NN</POS>
          </token>
          <token id="17">
            <word>of</word>
            <lemma>of</lemma>
            <CharacterOffsetBegin>1301</CharacterOffsetBegin>
            <CharacterOffsetEnd>1303</CharacterOffsetEnd>
            <POS>IN</POS>
          </token>
          <token id="18">
            <word>popcorn</word>
            <lemma>popcorn</lemma>
            <CharacterOffsetBegin>1304</CharacterOffsetBegin>
            <CharacterOffsetEnd>1311</CharacterOffsetEnd>
            <POS>NN</POS>
          </token>
          <token id="19">
            <word>can</word>
            <lemma>can</lemma>
            <CharacterOffsetBegin>1312</CharacterOffsetBegin>
            <CharacterOffsetEnd>1315</CharacterOffsetEnd>
            <POS>MD</POS>
          </token>
          <token id="20">
            <word>contain</word>
            <lemma>contain</lemma>
            <CharacterOffsetBegin>1316</CharacterOffsetBegin>
            <CharacterOffsetEnd>1323</CharacterOffsetEnd>
            <POS>VB</POS>
          </token>
          <token id="21">
            <word>well</word>
            <lemma>well</lemma>
            <CharacterOffsetBegin>1324</CharacterOffsetBegin>
            <CharacterOffsetEnd>1328</CharacterOffsetEnd>
            <POS>RB</POS>
          </token>
          <token id="22">
            <word>north</word>
            <lemma>north</lemma>
            <CharacterOffsetBegin>1329</CharacterOffsetBegin>
            <CharacterOffsetEnd>1334</CharacterOffsetEnd>
            <POS>RB</POS>
          </token>
          <token id="23">
            <word>of</word>
            <lemma>of</lemma>
            <CharacterOffsetBegin>1335</CharacterOffsetBegin>
            <CharacterOffsetEnd>1337</CharacterOffsetEnd>
            <POS>IN</POS>
          </token>
          <token id="24">
            <word>a</word>
            <lemma>a</lemma>
            <CharacterOffsetBegin>1338</CharacterOffsetBegin>
            <CharacterOffsetEnd>1339</CharacterOffsetEnd>
            <POS>DT</POS>
          </token>
          <token id="25">
            <word>thousand</word>
            <lemma>thousand</lemma>
            <CharacterOffsetBegin>1340</CharacterOffsetBegin>
            <CharacterOffsetEnd>1348</CharacterOffsetEnd>
            <POS>CD</POS>
          </token>
          <token id="26">
            <word>calories</word>
            <lemma>calorie</lemma>
            <CharacterOffsetBegin>1349</CharacterOffsetBegin>
            <CharacterOffsetEnd>1357</CharacterOffsetEnd>
            <POS>NNS</POS>
          </token>
          <token id="27">
            <word>-</word>
            <lemma>-</lemma>
            <CharacterOffsetBegin>1358</CharacterOffsetBegin>
            <CharacterOffsetEnd>1359</CharacterOffsetEnd>
            <POS>:</POS>
          </token>
          <token id="28">
            <word>movie</word>
            <lemma>movie</lemma>
            <CharacterOffsetBegin>1360</CharacterOffsetBegin>
            <CharacterOffsetEnd>1365</CharacterOffsetEnd>
            <POS>NN</POS>
          </token>
          <token id="29">
            <word>theaters</word>
            <lemma>theater</lemma>
            <CharacterOffsetBegin>1366</CharacterOffsetBegin>
            <CharacterOffsetEnd>1374</CharacterOffsetEnd>
            <POS>NNS</POS>
          </token>
          <token id="30">
            <word>are</word>
            <lemma>be</lemma>
            <CharacterOffsetBegin>1375</CharacterOffsetBegin>
            <CharacterOffsetEnd>1378</CharacterOffsetEnd>
            <POS>VBP</POS>
          </token>
          <token id="31">
            <word>exempt</word>
            <lemma>exempt</lemma>
            <CharacterOffsetBegin>1379</CharacterOffsetBegin>
            <CharacterOffsetEnd>1385</CharacterOffsetEnd>
            <POS>JJ</POS>
          </token>
          <token id="32">
            <word>,</word>
            <lemma>,</lemma>
            <CharacterOffsetBegin>1385</CharacterOffsetBegin>
            <CharacterOffsetEnd>1386</CharacterOffsetEnd>
            <POS>,</POS>
          </token>
          <token id="33">
            <word>along</word>
            <lemma>along</lemma>
            <CharacterOffsetBegin>1387</CharacterOffsetBegin>
            <CharacterOffsetEnd>1392</CharacterOffsetEnd>
            <POS>IN</POS>
          </token>
          <token id="34">
            <word>with</word>
            <lemma>with</lemma>
            <CharacterOffsetBegin>1393</CharacterOffsetBegin>
            <CharacterOffsetEnd>1397</CharacterOffsetEnd>
            <POS>IN</POS>
          </token>
          <token id="35">
            <word>airplanes</word>
            <lemma>airplane</lemma>
            <CharacterOffsetBegin>1398</CharacterOffsetBegin>
            <CharacterOffsetEnd>1407</CharacterOffsetEnd>
            <POS>NNS</POS>
          </token>
          <token id="36">
            <word>,</word>
            <lemma>,</lemma>
            <CharacterOffsetBegin>1407</CharacterOffsetBegin>
            <CharacterOffsetEnd>1408</CharacterOffsetEnd>
            <POS>,</POS>
          </token>
          <token id="37">
            <word>bowling</word>
            <lemma>bowl</lemma>
            <CharacterOffsetBegin>1409</CharacterOffsetBegin>
            <CharacterOffsetEnd>1416</CharacterOffsetEnd>
            <POS>VBG</POS>
          </token>
          <token id="38">
            <word>alleys</word>
            <lemma>alley</lemma>
            <CharacterOffsetBegin>1417</CharacterOffsetBegin>
            <CharacterOffsetEnd>1423</CharacterOffsetEnd>
            <POS>NNS</POS>
          </token>
          <token id="39">
            <word>and</word>
            <lemma>and</lemma>
            <CharacterOffsetBegin>1424</CharacterOffsetBegin>
            <CharacterOffsetEnd>1427</CharacterOffsetEnd>
            <POS>CC</POS>
          </token>
          <token id="40">
            <word>other</word>
            <lemma>other</lemma>
            <CharacterOffsetBegin>1428</CharacterOffsetBegin>
            <CharacterOffsetEnd>1433</CharacterOffsetEnd>
            <POS>JJ</POS>
          </token>
          <token id="41">
            <word>businesses</word>
            <lemma>business</lemma>
            <CharacterOffsetBegin>1434</CharacterOffsetBegin>
            <CharacterOffsetEnd>1444</CharacterOffsetEnd>
            <POS>NNS</POS>
          </token>
          <token id="42">
            <word>whose</word>
            <lemma>whose</lemma>
            <CharacterOffsetBegin>1445</CharacterOffsetBegin>
            <CharacterOffsetEnd>1450</CharacterOffsetEnd>
            <POS>WP$</POS>
          </token>
          <token id="43">
            <word>primary</word>
            <lemma>primary</lemma>
            <CharacterOffsetBegin>1451</CharacterOffsetBegin>
            <CharacterOffsetEnd>1458</CharacterOffsetEnd>
            <POS>JJ</POS>
          </token>
          <token id="44">
            <word>business</word>
            <lemma>business</lemma>
            <CharacterOffsetBegin>1459</CharacterOffsetBegin>
            <CharacterOffsetEnd>1467</CharacterOffsetEnd>
            <POS>NN</POS>
          </token>
          <token id="45">
            <word>is</word>
            <lemma>be</lemma>
            <CharacterOffsetBegin>1468</CharacterOffsetBegin>
            <CharacterOffsetEnd>1470</CharacterOffsetEnd>
            <POS>VBZ</POS>
          </token>
          <token id="46">
            <word>not</word>
            <lemma>not</lemma>
            <CharacterOffsetBegin>1471</CharacterOffsetBegin>
            <CharacterOffsetEnd>1474</CharacterOffsetEnd>
            <POS>RB</POS>
          </token>
          <token id="47">
            <word>to</word>
            <lemma>to</lemma>
            <CharacterOffsetBegin>1475</CharacterOffsetBegin>
            <CharacterOffsetEnd>1477</CharacterOffsetEnd>
            <POS>TO</POS>
          </token>
          <token id="48">
            <word>sell</word>
            <lemma>sell</lemma>
            <CharacterOffsetBegin>1478</CharacterOffsetBegin>
            <CharacterOffsetEnd>1482</CharacterOffsetEnd>
            <POS>VB</POS>
          </token>
          <token id="49">
            <word>food</word>
            <lemma>food</lemma>
            <CharacterOffsetBegin>1483</CharacterOffsetBegin>
            <CharacterOffsetEnd>1487</CharacterOffsetEnd>
            <POS>NN</POS>
          </token>
          <token id="50">
            <word>,</word>
            <lemma>,</lemma>
            <CharacterOffsetBegin>1487</CharacterOffsetBegin>
            <CharacterOffsetEnd>1488</CharacterOffsetEnd>
            <POS>,</POS>
          </token>
          <token id="51">
            <word>the</word>
            <lemma>the</lemma>
            <CharacterOffsetBegin>1489</CharacterOffsetBegin>
            <CharacterOffsetEnd>1492</CharacterOffsetEnd>
            <POS>DT</POS>
          </token>
          <token id="52">
            <word>FDA</word>
            <lemma>FDA</lemma>
            <CharacterOffsetBegin>1493</CharacterOffsetBegin>
            <CharacterOffsetEnd>1496</CharacterOffsetEnd>
            <POS>NNP</POS>
          </token>
          <token id="53">
            <word>said</word>
            <lemma>say</lemma>
            <CharacterOffsetBegin>1497</CharacterOffsetBegin>
            <CharacterOffsetEnd>1501</CharacterOffsetEnd>
            <POS>VBD</POS>
          </token>
          <token id="54">
            <word>.</word>
            <lemma>.</lemma>
            <CharacterOffsetBegin>1501</CharacterOffsetBegin>
            <CharacterOffsetEnd>1502</CharacterOffsetEnd>
            <POS>.</POS>
          </token>
        </tokens>
      </sentence>
      <sentence id="11">
        <tokens>
          <token id="1">
            <word>Movie</word>
            <lemma>movie</lemma>
            <CharacterOffsetBegin>1503</CharacterOffsetBegin>
            <CharacterOffsetEnd>1508</CharacterOffsetEnd>
            <POS>NN</POS>
          </token>
          <token id="2">
            <word>theaters</word>
            <lemma>theater</lemma>
            <CharacterOffsetBegin>1509</CharacterOffsetBegin>
            <CharacterOffsetEnd>1517</CharacterOffsetEnd>
            <POS>NNS</POS>
          </token>
          <token id="3">
            <word>pushed</word>
            <lemma>push</lemma>
            <CharacterOffsetBegin>1518</CharacterOffsetBegin>
            <CharacterOffsetEnd>1524</CharacterOffsetEnd>
            <POS>VBD</POS>
          </token>
          <token id="4">
            <word>to</word>
            <lemma>to</lemma>
            <CharacterOffsetBegin>1525</CharacterOffsetBegin>
            <CharacterOffsetEnd>1527</CharacterOffsetEnd>
            <POS>TO</POS>
          </token>
          <token id="5">
            <word>be</word>
            <lemma>be</lemma>
            <CharacterOffsetBegin>1528</CharacterOffsetBegin>
            <CharacterOffsetEnd>1530</CharacterOffsetEnd>
            <POS>VB</POS>
          </token>
          <token id="6">
            <word>left</word>
            <lemma>leave</lemma>
            <CharacterOffsetBegin>1531</CharacterOffsetBegin>
            <CharacterOffsetEnd>1535</CharacterOffsetEnd>
            <POS>VBN</POS>
          </token>
          <token id="7">
            <word>out</word>
            <lemma>out</lemma>
            <CharacterOffsetBegin>1536</CharacterOffsetBegin>
            <CharacterOffsetEnd>1539</CharacterOffsetEnd>
            <POS>RP</POS>
          </token>
          <token id="8">
            <word>after</word>
            <lemma>after</lemma>
            <CharacterOffsetBegin>1540</CharacterOffsetBegin>
            <CharacterOffsetEnd>1545</CharacterOffsetEnd>
            <POS>IN</POS>
          </token>
          <token id="9">
            <word>guidelines</word>
            <lemma>guideline</lemma>
            <CharacterOffsetBegin>1546</CharacterOffsetBegin>
            <CharacterOffsetEnd>1556</CharacterOffsetEnd>
            <POS>NNS</POS>
          </token>
          <token id="10">
            <word>published</word>
            <lemma>publish</lemma>
            <CharacterOffsetBegin>1557</CharacterOffsetBegin>
            <CharacterOffsetEnd>1566</CharacterOffsetEnd>
            <POS>VBN</POS>
          </token>
          <token id="11">
            <word>last</word>
            <lemma>last</lemma>
            <CharacterOffsetBegin>1567</CharacterOffsetBegin>
            <CharacterOffsetEnd>1571</CharacterOffsetEnd>
            <POS>JJ</POS>
          </token>
          <token id="12">
            <word>year</word>
            <lemma>year</lemma>
            <CharacterOffsetBegin>1572</CharacterOffsetBegin>
            <CharacterOffsetEnd>1576</CharacterOffsetEnd>
            <POS>NN</POS>
          </token>
          <token id="13">
            <word>included</word>
            <lemma>include</lemma>
            <CharacterOffsetBegin>1577</CharacterOffsetBegin>
            <CharacterOffsetEnd>1585</CharacterOffsetEnd>
            <POS>VBD</POS>
          </token>
          <token id="14">
            <word>them</word>
            <lemma>they</lemma>
            <CharacterOffsetBegin>1586</CharacterOffsetBegin>
            <CharacterOffsetEnd>1590</CharacterOffsetEnd>
            <POS>PRP</POS>
          </token>
          <token id="15">
            <word>.</word>
            <lemma>.</lemma>
            <CharacterOffsetBegin>1590</CharacterOffsetBegin>
            <CharacterOffsetEnd>1591</CharacterOffsetEnd>
            <POS>.</POS>
          </token>
        </tokens>
      </sentence>
    </sentences>
  </document>
</root>
