<?xml version="1.0" encoding="UTF-8"?>
<?xml-stylesheet href="CoreNLP-to-HTML.xsl" type="text/xsl"?>
<root>
  <document>
    <sentences>
      <sentence id="1">
        <tokens>
          <token id="1">
            <word>Rotherham</word>
            <lemma>Rotherham</lemma>
            <CharacterOffsetBegin>0</CharacterOffsetBegin>
            <CharacterOffsetEnd>9</CharacterOffsetEnd>
            <POS>NNP</POS>
          </token>
          <token id="2">
            <word>forward</word>
            <lemma>forward</lemma>
            <CharacterOffsetBegin>10</CharacterOffsetBegin>
            <CharacterOffsetEnd>17</CharacterOffsetEnd>
            <POS>RB</POS>
          </token>
          <token id="3">
            <word>Nico</word>
            <lemma>Nico</lemma>
            <CharacterOffsetBegin>18</CharacterOffsetBegin>
            <CharacterOffsetEnd>22</CharacterOffsetEnd>
            <POS>NNP</POS>
          </token>
          <token id="4">
            <word>Steenkamp</word>
            <lemma>Steenkamp</lemma>
            <CharacterOffsetBegin>23</CharacterOffsetBegin>
            <CharacterOffsetEnd>32</CharacterOffsetEnd>
            <POS>NNP</POS>
          </token>
          <token id="5">
            <word>suspended</word>
            <lemma>suspend</lemma>
            <CharacterOffsetBegin>33</CharacterOffsetBegin>
            <CharacterOffsetEnd>42</CharacterOffsetEnd>
            <POS>VBD</POS>
          </token>
          <token id="6">
            <word>for</word>
            <lemma>for</lemma>
            <CharacterOffsetBegin>43</CharacterOffsetBegin>
            <CharacterOffsetEnd>46</CharacterOffsetEnd>
            <POS>IN</POS>
          </token>
          <token id="7">
            <word>banned</word>
            <lemma>ban</lemma>
            <CharacterOffsetBegin>47</CharacterOffsetBegin>
            <CharacterOffsetEnd>53</CharacterOffsetEnd>
            <POS>VBN</POS>
          </token>
          <token id="8">
            <word>stimulant</word>
            <lemma>stimulant</lemma>
            <CharacterOffsetBegin>54</CharacterOffsetBegin>
            <CharacterOffsetEnd>63</CharacterOffsetEnd>
            <POS>NN</POS>
          </token>
          <token id="9">
            <word>after</word>
            <lemma>after</lemma>
            <CharacterOffsetBegin>64</CharacterOffsetBegin>
            <CharacterOffsetEnd>69</CharacterOffsetEnd>
            <POS>IN</POS>
          </token>
          <token id="10">
            <word>drinking</word>
            <lemma>drink</lemma>
            <CharacterOffsetBegin>70</CharacterOffsetBegin>
            <CharacterOffsetEnd>78</CharacterOffsetEnd>
            <POS>VBG</POS>
          </token>
          <token id="11">
            <word>energy</word>
            <lemma>energy</lemma>
            <CharacterOffsetBegin>79</CharacterOffsetBegin>
            <CharacterOffsetEnd>85</CharacterOffsetEnd>
            <POS>NN</POS>
          </token>
          <token id="12">
            <word>supplement</word>
            <lemma>supplement</lemma>
            <CharacterOffsetBegin>86</CharacterOffsetBegin>
            <CharacterOffsetEnd>96</CharacterOffsetEnd>
            <POS>NN</POS>
          </token>
        </tokens>
      </sentence>
      <sentence id="2">
        <tokens>
          <token id="1">
            <word>Rotherham</word>
            <lemma>Rotherham</lemma>
            <CharacterOffsetBegin>98</CharacterOffsetBegin>
            <CharacterOffsetEnd>107</CharacterOffsetEnd>
            <POS>NNP</POS>
          </token>
          <token id="2">
            <word>forward</word>
            <lemma>forward</lemma>
            <CharacterOffsetBegin>108</CharacterOffsetBegin>
            <CharacterOffsetEnd>115</CharacterOffsetEnd>
            <POS>RB</POS>
          </token>
          <token id="3">
            <word>Nico</word>
            <lemma>Nico</lemma>
            <CharacterOffsetBegin>116</CharacterOffsetBegin>
            <CharacterOffsetEnd>120</CharacterOffsetEnd>
            <POS>NNP</POS>
          </token>
          <token id="4">
            <word>Steenkamp</word>
            <lemma>Steenkamp</lemma>
            <CharacterOffsetBegin>121</CharacterOffsetBegin>
            <CharacterOffsetEnd>130</CharacterOffsetEnd>
            <POS>NNP</POS>
          </token>
          <token id="5">
            <word>has</word>
            <lemma>have</lemma>
            <CharacterOffsetBegin>131</CharacterOffsetBegin>
            <CharacterOffsetEnd>134</CharacterOffsetEnd>
            <POS>VBZ</POS>
          </token>
          <token id="6">
            <word>become</word>
            <lemma>become</lemma>
            <CharacterOffsetBegin>135</CharacterOffsetBegin>
            <CharacterOffsetEnd>141</CharacterOffsetEnd>
            <POS>VBN</POS>
          </token>
          <token id="7">
            <word>the</word>
            <lemma>the</lemma>
            <CharacterOffsetBegin>142</CharacterOffsetBegin>
            <CharacterOffsetEnd>145</CharacterOffsetEnd>
            <POS>DT</POS>
          </token>
          <token id="8">
            <word>latest</word>
            <lemma>latest</lemma>
            <CharacterOffsetBegin>146</CharacterOffsetBegin>
            <CharacterOffsetEnd>152</CharacterOffsetEnd>
            <POS>JJS</POS>
          </token>
          <token id="9">
            <word>player</word>
            <lemma>player</lemma>
            <CharacterOffsetBegin>153</CharacterOffsetBegin>
            <CharacterOffsetEnd>159</CharacterOffsetEnd>
            <POS>NN</POS>
          </token>
          <token id="10">
            <word>to</word>
            <lemma>to</lemma>
            <CharacterOffsetBegin>160</CharacterOffsetBegin>
            <CharacterOffsetEnd>162</CharacterOffsetEnd>
            <POS>TO</POS>
          </token>
          <token id="11">
            <word>be</word>
            <lemma>be</lemma>
            <CharacterOffsetBegin>163</CharacterOffsetBegin>
            <CharacterOffsetEnd>165</CharacterOffsetEnd>
            <POS>VB</POS>
          </token>
          <token id="12">
            <word>suspended</word>
            <lemma>suspend</lemma>
            <CharacterOffsetBegin>166</CharacterOffsetBegin>
            <CharacterOffsetEnd>175</CharacterOffsetEnd>
            <POS>VBN</POS>
          </token>
          <token id="13">
            <word>after</word>
            <lemma>after</lemma>
            <CharacterOffsetBegin>176</CharacterOffsetBegin>
            <CharacterOffsetEnd>181</CharacterOffsetEnd>
            <POS>IN</POS>
          </token>
          <token id="14">
            <word>testing</word>
            <lemma>test</lemma>
            <CharacterOffsetBegin>182</CharacterOffsetBegin>
            <CharacterOffsetEnd>189</CharacterOffsetEnd>
            <POS>VBG</POS>
          </token>
          <token id="15">
            <word>positive</word>
            <lemma>positive</lemma>
            <CharacterOffsetBegin>190</CharacterOffsetBegin>
            <CharacterOffsetEnd>198</CharacterOffsetEnd>
            <POS>JJ</POS>
          </token>
          <token id="16">
            <word>for</word>
            <lemma>for</lemma>
            <CharacterOffsetBegin>199</CharacterOffsetBegin>
            <CharacterOffsetEnd>202</CharacterOffsetEnd>
            <POS>IN</POS>
          </token>
          <token id="17">
            <word>the</word>
            <lemma>the</lemma>
            <CharacterOffsetBegin>203</CharacterOffsetBegin>
            <CharacterOffsetEnd>206</CharacterOffsetEnd>
            <POS>DT</POS>
          </token>
          <token id="18">
            <word>banned</word>
            <lemma>ban</lemma>
            <CharacterOffsetBegin>207</CharacterOffsetBegin>
            <CharacterOffsetEnd>213</CharacterOffsetEnd>
            <POS>VBN</POS>
          </token>
          <token id="19">
            <word>stimulant</word>
            <lemma>stimulant</lemma>
            <CharacterOffsetBegin>214</CharacterOffsetBegin>
            <CharacterOffsetEnd>223</CharacterOffsetEnd>
            <POS>NN</POS>
          </token>
          <token id="20">
            <word>methylhexaneamine</word>
            <lemma>methylhexaneamine</lemma>
            <CharacterOffsetBegin>224</CharacterOffsetBegin>
            <CharacterOffsetEnd>241</CharacterOffsetEnd>
            <POS>NN</POS>
          </token>
          <token id="21">
            <word>,</word>
            <lemma>,</lemma>
            <CharacterOffsetBegin>241</CharacterOffsetBegin>
            <CharacterOffsetEnd>242</CharacterOffsetEnd>
            <POS>,</POS>
          </token>
          <token id="22">
            <word>after</word>
            <lemma>after</lemma>
            <CharacterOffsetBegin>243</CharacterOffsetBegin>
            <CharacterOffsetEnd>248</CharacterOffsetEnd>
            <POS>IN</POS>
          </token>
          <token id="23">
            <word>it</word>
            <lemma>it</lemma>
            <CharacterOffsetBegin>249</CharacterOffsetBegin>
            <CharacterOffsetEnd>251</CharacterOffsetEnd>
            <POS>PRP</POS>
          </token>
          <token id="24">
            <word>was</word>
            <lemma>be</lemma>
            <CharacterOffsetBegin>252</CharacterOffsetBegin>
            <CharacterOffsetEnd>255</CharacterOffsetEnd>
            <POS>VBD</POS>
          </token>
          <token id="25">
            <word>found</word>
            <lemma>find</lemma>
            <CharacterOffsetBegin>256</CharacterOffsetBegin>
            <CharacterOffsetEnd>261</CharacterOffsetEnd>
            <POS>VBN</POS>
          </token>
          <token id="26">
            <word>in</word>
            <lemma>in</lemma>
            <CharacterOffsetBegin>262</CharacterOffsetBegin>
            <CharacterOffsetEnd>264</CharacterOffsetEnd>
            <POS>IN</POS>
          </token>
          <token id="27">
            <word>a</word>
            <lemma>a</lemma>
            <CharacterOffsetBegin>265</CharacterOffsetBegin>
            <CharacterOffsetEnd>266</CharacterOffsetEnd>
            <POS>DT</POS>
          </token>
          <token id="28">
            <word>contaminated</word>
            <lemma>contaminate</lemma>
            <CharacterOffsetBegin>267</CharacterOffsetBegin>
            <CharacterOffsetEnd>279</CharacterOffsetEnd>
            <POS>VBN</POS>
          </token>
          <token id="29">
            <word>shipment</word>
            <lemma>shipment</lemma>
            <CharacterOffsetBegin>280</CharacterOffsetBegin>
            <CharacterOffsetEnd>288</CharacterOffsetEnd>
            <POS>NN</POS>
          </token>
          <token id="30">
            <word>of</word>
            <lemma>of</lemma>
            <CharacterOffsetBegin>289</CharacterOffsetBegin>
            <CharacterOffsetEnd>291</CharacterOffsetEnd>
            <POS>IN</POS>
          </token>
          <token id="31">
            <word>the</word>
            <lemma>the</lemma>
            <CharacterOffsetBegin>292</CharacterOffsetBegin>
            <CharacterOffsetEnd>295</CharacterOffsetEnd>
            <POS>DT</POS>
          </token>
          <token id="32">
            <word>energy</word>
            <lemma>energy</lemma>
            <CharacterOffsetBegin>296</CharacterOffsetBegin>
            <CharacterOffsetEnd>302</CharacterOffsetEnd>
            <POS>NN</POS>
          </token>
          <token id="33">
            <word>drink</word>
            <lemma>drink</lemma>
            <CharacterOffsetBegin>303</CharacterOffsetBegin>
            <CharacterOffsetEnd>308</CharacterOffsetEnd>
            <POS>NN</POS>
          </token>
          <token id="34">
            <word>Anabolic</word>
            <lemma>Anabolic</lemma>
            <CharacterOffsetBegin>309</CharacterOffsetBegin>
            <CharacterOffsetEnd>317</CharacterOffsetEnd>
            <POS>NNP</POS>
          </token>
          <token id="35">
            <word>Nitro</word>
            <lemma>Nitro</lemma>
            <CharacterOffsetBegin>318</CharacterOffsetBegin>
            <CharacterOffsetEnd>323</CharacterOffsetEnd>
            <POS>NNP</POS>
          </token>
          <token id="36">
            <word>.</word>
            <lemma>.</lemma>
            <CharacterOffsetBegin>323</CharacterOffsetBegin>
            <CharacterOffsetEnd>324</CharacterOffsetEnd>
            <POS>.</POS>
          </token>
        </tokens>
      </sentence>
      <sentence id="3">
        <tokens>
          <token id="1">
            <word>Steenkamp</word>
            <lemma>Steenkamp</lemma>
            <CharacterOffsetBegin>325</CharacterOffsetBegin>
            <CharacterOffsetEnd>334</CharacterOffsetEnd>
            <POS>NNP</POS>
          </token>
          <token id="2">
            <word>on</word>
            <lemma>on</lemma>
            <CharacterOffsetBegin>335</CharacterOffsetBegin>
            <CharacterOffsetEnd>337</CharacterOffsetEnd>
            <POS>IN</POS>
          </token>
          <token id="3">
            <word>Friday</word>
            <lemma>Friday</lemma>
            <CharacterOffsetBegin>338</CharacterOffsetBegin>
            <CharacterOffsetEnd>344</CharacterOffsetEnd>
            <POS>NNP</POS>
          </token>
          <token id="4">
            <word>received</word>
            <lemma>receive</lemma>
            <CharacterOffsetBegin>345</CharacterOffsetBegin>
            <CharacterOffsetEnd>353</CharacterOffsetEnd>
            <POS>VBD</POS>
          </token>
          <token id="5">
            <word>a</word>
            <lemma>a</lemma>
            <CharacterOffsetBegin>354</CharacterOffsetBegin>
            <CharacterOffsetEnd>355</CharacterOffsetEnd>
            <POS>DT</POS>
          </token>
          <token id="6">
            <word>three-month</word>
            <lemma>three-month</lemma>
            <CharacterOffsetBegin>356</CharacterOffsetBegin>
            <CharacterOffsetEnd>367</CharacterOffsetEnd>
            <POS>JJ</POS>
          </token>
          <token id="7">
            <word>ban</word>
            <lemma>ban</lemma>
            <CharacterOffsetBegin>368</CharacterOffsetBegin>
            <CharacterOffsetEnd>371</CharacterOffsetEnd>
            <POS>NN</POS>
          </token>
          <token id="8">
            <word>just</word>
            <lemma>just</lemma>
            <CharacterOffsetBegin>372</CharacterOffsetBegin>
            <CharacterOffsetEnd>376</CharacterOffsetEnd>
            <POS>RB</POS>
          </token>
          <token id="9">
            <word>24</word>
            <lemma>24</lemma>
            <CharacterOffsetBegin>377</CharacterOffsetBegin>
            <CharacterOffsetEnd>379</CharacterOffsetEnd>
            <POS>CD</POS>
          </token>
          <token id="10">
            <word>hours</word>
            <lemma>hour</lemma>
            <CharacterOffsetBegin>380</CharacterOffsetBegin>
            <CharacterOffsetEnd>385</CharacterOffsetEnd>
            <POS>NNS</POS>
          </token>
          <token id="11">
            <word>after</word>
            <lemma>after</lemma>
            <CharacterOffsetBegin>386</CharacterOffsetBegin>
            <CharacterOffsetEnd>391</CharacterOffsetEnd>
            <POS>IN</POS>
          </token>
          <token id="12">
            <word>Sale</word>
            <lemma>Sale</lemma>
            <CharacterOffsetBegin>392</CharacterOffsetBegin>
            <CharacterOffsetEnd>396</CharacterOffsetEnd>
            <POS>NNP</POS>
          </token>
          <token id="13">
            <word>Sharks</word>
            <lemma>Sharks</lemma>
            <CharacterOffsetBegin>397</CharacterOffsetBegin>
            <CharacterOffsetEnd>403</CharacterOffsetEnd>
            <POS>NNPS</POS>
          </token>
          <token id="14">
            <word>prop</word>
            <lemma>prop</lemma>
            <CharacterOffsetBegin>404</CharacterOffsetBegin>
            <CharacterOffsetEnd>408</CharacterOffsetEnd>
            <POS>VBP</POS>
          </token>
          <token id="15">
            <word>Karena</word>
            <lemma>Karena</lemma>
            <CharacterOffsetBegin>409</CharacterOffsetBegin>
            <CharacterOffsetEnd>415</CharacterOffsetEnd>
            <POS>NNP</POS>
          </token>
          <token id="16">
            <word>Wihongi</word>
            <lemma>Wihongi</lemma>
            <CharacterOffsetBegin>416</CharacterOffsetBegin>
            <CharacterOffsetEnd>423</CharacterOffsetEnd>
            <POS>NNP</POS>
          </token>
          <token id="17">
            <word>received</word>
            <lemma>receive</lemma>
            <CharacterOffsetBegin>424</CharacterOffsetBegin>
            <CharacterOffsetEnd>432</CharacterOffsetEnd>
            <POS>VBD</POS>
          </token>
          <token id="18">
            <word>a</word>
            <lemma>a</lemma>
            <CharacterOffsetBegin>433</CharacterOffsetBegin>
            <CharacterOffsetEnd>434</CharacterOffsetEnd>
            <POS>DT</POS>
          </token>
          <token id="19">
            <word>four-month</word>
            <lemma>four-month</lemma>
            <CharacterOffsetBegin>435</CharacterOffsetBegin>
            <CharacterOffsetEnd>445</CharacterOffsetEnd>
            <POS>JJ</POS>
          </token>
          <token id="20">
            <word>ban</word>
            <lemma>ban</lemma>
            <CharacterOffsetBegin>446</CharacterOffsetBegin>
            <CharacterOffsetEnd>449</CharacterOffsetEnd>
            <POS>NN</POS>
          </token>
          <token id="21">
            <word>for</word>
            <lemma>for</lemma>
            <CharacterOffsetBegin>450</CharacterOffsetBegin>
            <CharacterOffsetEnd>453</CharacterOffsetEnd>
            <POS>IN</POS>
          </token>
          <token id="22">
            <word>testing</word>
            <lemma>testing</lemma>
            <CharacterOffsetBegin>454</CharacterOffsetBegin>
            <CharacterOffsetEnd>461</CharacterOffsetEnd>
            <POS>NN</POS>
          </token>
          <token id="23">
            <word>positive</word>
            <lemma>positive</lemma>
            <CharacterOffsetBegin>462</CharacterOffsetBegin>
            <CharacterOffsetEnd>470</CharacterOffsetEnd>
            <POS>JJ</POS>
          </token>
          <token id="24">
            <word>for</word>
            <lemma>for</lemma>
            <CharacterOffsetBegin>471</CharacterOffsetBegin>
            <CharacterOffsetEnd>474</CharacterOffsetEnd>
            <POS>IN</POS>
          </token>
          <token id="25">
            <word>the</word>
            <lemma>the</lemma>
            <CharacterOffsetBegin>475</CharacterOffsetBegin>
            <CharacterOffsetEnd>478</CharacterOffsetEnd>
            <POS>DT</POS>
          </token>
          <token id="26">
            <word>same</word>
            <lemma>same</lemma>
            <CharacterOffsetBegin>479</CharacterOffsetBegin>
            <CharacterOffsetEnd>483</CharacterOffsetEnd>
            <POS>JJ</POS>
          </token>
          <token id="27">
            <word>drug</word>
            <lemma>drug</lemma>
            <CharacterOffsetBegin>484</CharacterOffsetBegin>
            <CharacterOffsetEnd>488</CharacterOffsetEnd>
            <POS>NN</POS>
          </token>
          <token id="28">
            <word>.</word>
            <lemma>.</lemma>
            <CharacterOffsetBegin>488</CharacterOffsetBegin>
            <CharacterOffsetEnd>489</CharacterOffsetEnd>
            <POS>.</POS>
          </token>
        </tokens>
      </sentence>
      <sentence id="4">
        <tokens>
          <token id="1">
            <word>The</word>
            <lemma>the</lemma>
            <CharacterOffsetBegin>490</CharacterOffsetBegin>
            <CharacterOffsetEnd>493</CharacterOffsetEnd>
            <POS>DT</POS>
          </token>
          <token id="2">
            <word>Rugby</word>
            <lemma>Rugby</lemma>
            <CharacterOffsetBegin>494</CharacterOffsetBegin>
            <CharacterOffsetEnd>499</CharacterOffsetEnd>
            <POS>NNP</POS>
          </token>
          <token id="3">
            <word>Football</word>
            <lemma>Football</lemma>
            <CharacterOffsetBegin>500</CharacterOffsetBegin>
            <CharacterOffsetEnd>508</CharacterOffsetEnd>
            <POS>NNP</POS>
          </token>
          <token id="4">
            <word>Union</word>
            <lemma>Union</lemma>
            <CharacterOffsetBegin>509</CharacterOffsetBegin>
            <CharacterOffsetEnd>514</CharacterOffsetEnd>
            <POS>NNP</POS>
          </token>
          <token id="5">
            <word>heard</word>
            <lemma>hear</lemma>
            <CharacterOffsetBegin>515</CharacterOffsetBegin>
            <CharacterOffsetEnd>520</CharacterOffsetEnd>
            <POS>VBD</POS>
          </token>
          <token id="6">
            <word>that</word>
            <lemma>that</lemma>
            <CharacterOffsetBegin>521</CharacterOffsetBegin>
            <CharacterOffsetEnd>525</CharacterOffsetEnd>
            <POS>IN</POS>
          </token>
          <token id="7">
            <word>Steenkamp</word>
            <lemma>Steenkamp</lemma>
            <CharacterOffsetBegin>526</CharacterOffsetBegin>
            <CharacterOffsetEnd>535</CharacterOffsetEnd>
            <POS>NNP</POS>
          </token>
          <token id="8">
            <word>,</word>
            <lemma>,</lemma>
            <CharacterOffsetBegin>535</CharacterOffsetBegin>
            <CharacterOffsetEnd>536</CharacterOffsetEnd>
            <POS>,</POS>
          </token>
          <token id="9">
            <word>a</word>
            <lemma>a</lemma>
            <CharacterOffsetBegin>537</CharacterOffsetBegin>
            <CharacterOffsetEnd>538</CharacterOffsetEnd>
            <POS>DT</POS>
          </token>
          <token id="10">
            <word>double</word>
            <lemma>double</lemma>
            <CharacterOffsetBegin>539</CharacterOffsetBegin>
            <CharacterOffsetEnd>545</CharacterOffsetEnd>
            <POS>JJ</POS>
          </token>
          <token id="11">
            <word>glazing</word>
            <lemma>glazing</lemma>
            <CharacterOffsetBegin>546</CharacterOffsetBegin>
            <CharacterOffsetEnd>553</CharacterOffsetEnd>
            <POS>NN</POS>
          </token>
          <token id="12">
            <word>and</word>
            <lemma>and</lemma>
            <CharacterOffsetBegin>554</CharacterOffsetBegin>
            <CharacterOffsetEnd>557</CharacterOffsetEnd>
            <POS>CC</POS>
          </token>
          <token id="13">
            <word>window</word>
            <lemma>window</lemma>
            <CharacterOffsetBegin>558</CharacterOffsetBegin>
            <CharacterOffsetEnd>564</CharacterOffsetEnd>
            <POS>NN</POS>
          </token>
          <token id="14">
            <word>installation</word>
            <lemma>installation</lemma>
            <CharacterOffsetBegin>565</CharacterOffsetBegin>
            <CharacterOffsetEnd>577</CharacterOffsetEnd>
            <POS>NN</POS>
          </token>
          <token id="15">
            <word>fitter</word>
            <lemma>fitter</lemma>
            <CharacterOffsetBegin>578</CharacterOffsetBegin>
            <CharacterOffsetEnd>584</CharacterOffsetEnd>
            <POS>RBR</POS>
          </token>
          <token id="16">
            <word>,</word>
            <lemma>,</lemma>
            <CharacterOffsetBegin>584</CharacterOffsetBegin>
            <CharacterOffsetEnd>585</CharacterOffsetEnd>
            <POS>,</POS>
          </token>
          <token id="17">
            <word>had</word>
            <lemma>have</lemma>
            <CharacterOffsetBegin>586</CharacterOffsetBegin>
            <CharacterOffsetEnd>589</CharacterOffsetEnd>
            <POS>VBD</POS>
          </token>
          <token id="18">
            <word>started</word>
            <lemma>start</lemma>
            <CharacterOffsetBegin>590</CharacterOffsetBegin>
            <CharacterOffsetEnd>597</CharacterOffsetEnd>
            <POS>VBN</POS>
          </token>
          <token id="19">
            <word>taking</word>
            <lemma>take</lemma>
            <CharacterOffsetBegin>598</CharacterOffsetBegin>
            <CharacterOffsetEnd>604</CharacterOffsetEnd>
            <POS>VBG</POS>
          </token>
          <token id="20">
            <word>the</word>
            <lemma>the</lemma>
            <CharacterOffsetBegin>605</CharacterOffsetBegin>
            <CharacterOffsetEnd>608</CharacterOffsetEnd>
            <POS>DT</POS>
          </token>
          <token id="21">
            <word>drink</word>
            <lemma>drink</lemma>
            <CharacterOffsetBegin>609</CharacterOffsetBegin>
            <CharacterOffsetEnd>614</CharacterOffsetEnd>
            <POS>NN</POS>
          </token>
          <token id="22">
            <word>to</word>
            <lemma>to</lemma>
            <CharacterOffsetBegin>615</CharacterOffsetBegin>
            <CharacterOffsetEnd>617</CharacterOffsetEnd>
            <POS>TO</POS>
          </token>
          <token id="23">
            <word>combat</word>
            <lemma>combat</lemma>
            <CharacterOffsetBegin>618</CharacterOffsetBegin>
            <CharacterOffsetEnd>624</CharacterOffsetEnd>
            <POS>VB</POS>
          </token>
          <token id="24">
            <word>fatigue</word>
            <lemma>fatigue</lemma>
            <CharacterOffsetBegin>625</CharacterOffsetBegin>
            <CharacterOffsetEnd>632</CharacterOffsetEnd>
            <POS>NN</POS>
          </token>
          <token id="25">
            <word>as</word>
            <lemma>as</lemma>
            <CharacterOffsetBegin>633</CharacterOffsetBegin>
            <CharacterOffsetEnd>635</CharacterOffsetEnd>
            <POS>IN</POS>
          </token>
          <token id="26">
            <word>he</word>
            <lemma>he</lemma>
            <CharacterOffsetBegin>636</CharacterOffsetBegin>
            <CharacterOffsetEnd>638</CharacterOffsetEnd>
            <POS>PRP</POS>
          </token>
          <token id="27">
            <word>tried</word>
            <lemma>try</lemma>
            <CharacterOffsetBegin>639</CharacterOffsetBegin>
            <CharacterOffsetEnd>644</CharacterOffsetEnd>
            <POS>VBD</POS>
          </token>
          <token id="28">
            <word>to</word>
            <lemma>to</lemma>
            <CharacterOffsetBegin>645</CharacterOffsetBegin>
            <CharacterOffsetEnd>647</CharacterOffsetEnd>
            <POS>TO</POS>
          </token>
          <token id="29">
            <word>combine</word>
            <lemma>combine</lemma>
            <CharacterOffsetBegin>648</CharacterOffsetBegin>
            <CharacterOffsetEnd>655</CharacterOffsetEnd>
            <POS>VB</POS>
          </token>
          <token id="30">
            <word>a</word>
            <lemma>a</lemma>
            <CharacterOffsetBegin>656</CharacterOffsetBegin>
            <CharacterOffsetEnd>657</CharacterOffsetEnd>
            <POS>DT</POS>
          </token>
          <token id="31">
            <word>full-time</word>
            <lemma>full-time</lemma>
            <CharacterOffsetBegin>658</CharacterOffsetBegin>
            <CharacterOffsetEnd>667</CharacterOffsetEnd>
            <POS>JJ</POS>
          </token>
          <token id="32">
            <word>career</word>
            <lemma>career</lemma>
            <CharacterOffsetBegin>668</CharacterOffsetBegin>
            <CharacterOffsetEnd>674</CharacterOffsetEnd>
            <POS>NN</POS>
          </token>
          <token id="33">
            <word>with</word>
            <lemma>with</lemma>
            <CharacterOffsetBegin>675</CharacterOffsetBegin>
            <CharacterOffsetEnd>679</CharacterOffsetEnd>
            <POS>IN</POS>
          </token>
          <token id="34">
            <word>rugby</word>
            <lemma>rugby</lemma>
            <CharacterOffsetBegin>680</CharacterOffsetBegin>
            <CharacterOffsetEnd>685</CharacterOffsetEnd>
            <POS>JJ</POS>
          </token>
          <token id="35">
            <word>training</word>
            <lemma>training</lemma>
            <CharacterOffsetBegin>686</CharacterOffsetBegin>
            <CharacterOffsetEnd>694</CharacterOffsetEnd>
            <POS>NN</POS>
          </token>
          <token id="36">
            <word>and</word>
            <lemma>and</lemma>
            <CharacterOffsetBegin>695</CharacterOffsetBegin>
            <CharacterOffsetEnd>698</CharacterOffsetEnd>
            <POS>CC</POS>
          </token>
          <token id="37">
            <word>matches</word>
            <lemma>match</lemma>
            <CharacterOffsetBegin>699</CharacterOffsetBegin>
            <CharacterOffsetEnd>706</CharacterOffsetEnd>
            <POS>NNS</POS>
          </token>
          <token id="38">
            <word>.</word>
            <lemma>.</lemma>
            <CharacterOffsetBegin>706</CharacterOffsetBegin>
            <CharacterOffsetEnd>707</CharacterOffsetEnd>
            <POS>.</POS>
          </token>
        </tokens>
      </sentence>
      <sentence id="5">
        <tokens>
          <token id="1">
            <word>He</word>
            <lemma>he</lemma>
            <CharacterOffsetBegin>708</CharacterOffsetBegin>
            <CharacterOffsetEnd>710</CharacterOffsetEnd>
            <POS>PRP</POS>
          </token>
          <token id="2">
            <word>tested</word>
            <lemma>test</lemma>
            <CharacterOffsetBegin>711</CharacterOffsetBegin>
            <CharacterOffsetEnd>717</CharacterOffsetEnd>
            <POS>VBD</POS>
          </token>
          <token id="3">
            <word>positive</word>
            <lemma>positive</lemma>
            <CharacterOffsetBegin>718</CharacterOffsetBegin>
            <CharacterOffsetEnd>726</CharacterOffsetEnd>
            <POS>JJ</POS>
          </token>
          <token id="4">
            <word>on</word>
            <lemma>on</lemma>
            <CharacterOffsetBegin>727</CharacterOffsetBegin>
            <CharacterOffsetEnd>729</CharacterOffsetEnd>
            <POS>IN</POS>
          </token>
          <token id="5">
            <word>Jan</word>
            <lemma>Jan</lemma>
            <CharacterOffsetBegin>730</CharacterOffsetBegin>
            <CharacterOffsetEnd>733</CharacterOffsetEnd>
            <POS>NNP</POS>
          </token>
          <token id="6">
            <word>8</word>
            <lemma>8</lemma>
            <CharacterOffsetBegin>734</CharacterOffsetBegin>
            <CharacterOffsetEnd>735</CharacterOffsetEnd>
            <POS>CD</POS>
          </token>
          <token id="7">
            <word>when</word>
            <lemma>when</lemma>
            <CharacterOffsetBegin>736</CharacterOffsetBegin>
            <CharacterOffsetEnd>740</CharacterOffsetEnd>
            <POS>WRB</POS>
          </token>
          <token id="8">
            <word>Rotherham</word>
            <lemma>Rotherham</lemma>
            <CharacterOffsetBegin>741</CharacterOffsetBegin>
            <CharacterOffsetEnd>750</CharacterOffsetEnd>
            <POS>NNP</POS>
          </token>
          <token id="9">
            <word>played</word>
            <lemma>play</lemma>
            <CharacterOffsetBegin>751</CharacterOffsetBegin>
            <CharacterOffsetEnd>757</CharacterOffsetEnd>
            <POS>VBD</POS>
          </token>
          <token id="10">
            <word>Cornish</word>
            <lemma>Cornish</lemma>
            <CharacterOffsetBegin>758</CharacterOffsetBegin>
            <CharacterOffsetEnd>765</CharacterOffsetEnd>
            <POS>NNP</POS>
          </token>
          <token id="11">
            <word>Pirates</word>
            <lemma>Pirates</lemma>
            <CharacterOffsetBegin>766</CharacterOffsetBegin>
            <CharacterOffsetEnd>773</CharacterOffsetEnd>
            <POS>NNPS</POS>
          </token>
          <token id="12">
            <word>.</word>
            <lemma>.</lemma>
            <CharacterOffsetBegin>773</CharacterOffsetBegin>
            <CharacterOffsetEnd>774</CharacterOffsetEnd>
            <POS>.</POS>
          </token>
        </tokens>
      </sentence>
      <sentence id="6">
        <tokens>
          <token id="1">
            <word>Meanwhile</word>
            <lemma>meanwhile</lemma>
            <CharacterOffsetBegin>775</CharacterOffsetBegin>
            <CharacterOffsetEnd>784</CharacterOffsetEnd>
            <POS>RB</POS>
          </token>
          <token id="2">
            <word>,</word>
            <lemma>,</lemma>
            <CharacterOffsetBegin>784</CharacterOffsetBegin>
            <CharacterOffsetEnd>785</CharacterOffsetEnd>
            <POS>,</POS>
          </token>
          <token id="3">
            <word>in</word>
            <lemma>in</lemma>
            <CharacterOffsetBegin>786</CharacterOffsetBegin>
            <CharacterOffsetEnd>788</CharacterOffsetEnd>
            <POS>IN</POS>
          </token>
          <token id="4">
            <word>the</word>
            <lemma>the</lemma>
            <CharacterOffsetBegin>789</CharacterOffsetBegin>
            <CharacterOffsetEnd>792</CharacterOffsetEnd>
            <POS>DT</POS>
          </token>
          <token id="5">
            <word>Premiership</word>
            <lemma>premiership</lemma>
            <CharacterOffsetBegin>793</CharacterOffsetBegin>
            <CharacterOffsetEnd>804</CharacterOffsetEnd>
            <POS>NN</POS>
          </token>
          <token id="6">
            <word>on</word>
            <lemma>on</lemma>
            <CharacterOffsetBegin>805</CharacterOffsetBegin>
            <CharacterOffsetEnd>807</CharacterOffsetEnd>
            <POS>IN</POS>
          </token>
          <token id="7">
            <word>Saturday</word>
            <lemma>Saturday</lemma>
            <CharacterOffsetBegin>808</CharacterOffsetBegin>
            <CharacterOffsetEnd>816</CharacterOffsetEnd>
            <POS>NNP</POS>
          </token>
          <token id="8">
            <word>,</word>
            <lemma>,</lemma>
            <CharacterOffsetBegin>816</CharacterOffsetBegin>
            <CharacterOffsetEnd>817</CharacterOffsetEnd>
            <POS>,</POS>
          </token>
          <token id="9">
            <word>Northampton</word>
            <lemma>Northampton</lemma>
            <CharacterOffsetBegin>818</CharacterOffsetBegin>
            <CharacterOffsetEnd>829</CharacterOffsetEnd>
            <POS>NNP</POS>
          </token>
          <token id="10">
            <word>coach</word>
            <lemma>coach</lemma>
            <CharacterOffsetBegin>830</CharacterOffsetBegin>
            <CharacterOffsetEnd>835</CharacterOffsetEnd>
            <POS>NN</POS>
          </token>
          <token id="11">
            <word>Jim</word>
            <lemma>Jim</lemma>
            <CharacterOffsetBegin>836</CharacterOffsetBegin>
            <CharacterOffsetEnd>839</CharacterOffsetEnd>
            <POS>NNP</POS>
          </token>
          <token id="12">
            <word>Mallinder</word>
            <lemma>Mallinder</lemma>
            <CharacterOffsetBegin>840</CharacterOffsetBegin>
            <CharacterOffsetEnd>849</CharacterOffsetEnd>
            <POS>NNP</POS>
          </token>
          <token id="13">
            <word>will</word>
            <lemma>will</lemma>
            <CharacterOffsetBegin>850</CharacterOffsetBegin>
            <CharacterOffsetEnd>854</CharacterOffsetEnd>
            <POS>MD</POS>
          </token>
          <token id="14">
            <word>be</word>
            <lemma>be</lemma>
            <CharacterOffsetBegin>855</CharacterOffsetBegin>
            <CharacterOffsetEnd>857</CharacterOffsetEnd>
            <POS>VB</POS>
          </token>
          <token id="15">
            <word>hoping</word>
            <lemma>hope</lemma>
            <CharacterOffsetBegin>858</CharacterOffsetBegin>
            <CharacterOffsetEnd>864</CharacterOffsetEnd>
            <POS>VBG</POS>
          </token>
          <token id="16">
            <word>that</word>
            <lemma>that</lemma>
            <CharacterOffsetBegin>865</CharacterOffsetBegin>
            <CharacterOffsetEnd>869</CharacterOffsetEnd>
            <POS>IN</POS>
          </token>
          <token id="17">
            <word>the</word>
            <lemma>the</lemma>
            <CharacterOffsetBegin>870</CharacterOffsetBegin>
            <CharacterOffsetEnd>873</CharacterOffsetEnd>
            <POS>DT</POS>
          </token>
          <token id="18">
            <word>arrest</word>
            <lemma>arrest</lemma>
            <CharacterOffsetBegin>874</CharacterOffsetBegin>
            <CharacterOffsetEnd>880</CharacterOffsetEnd>
            <POS>NN</POS>
          </token>
          <token id="19">
            <word>of</word>
            <lemma>of</lemma>
            <CharacterOffsetBegin>881</CharacterOffsetBegin>
            <CharacterOffsetEnd>883</CharacterOffsetEnd>
            <POS>IN</POS>
          </token>
          <token id="20">
            <word>Ben</word>
            <lemma>Ben</lemma>
            <CharacterOffsetBegin>884</CharacterOffsetBegin>
            <CharacterOffsetEnd>887</CharacterOffsetEnd>
            <POS>NNP</POS>
          </token>
          <token id="21">
            <word>Foden</word>
            <lemma>Foden</lemma>
            <CharacterOffsetBegin>888</CharacterOffsetBegin>
            <CharacterOffsetEnd>893</CharacterOffsetEnd>
            <POS>NNP</POS>
          </token>
          <token id="22">
            <word>on</word>
            <lemma>on</lemma>
            <CharacterOffsetBegin>894</CharacterOffsetBegin>
            <CharacterOffsetEnd>896</CharacterOffsetEnd>
            <POS>IN</POS>
          </token>
          <token id="23">
            <word>Monday</word>
            <lemma>Monday</lemma>
            <CharacterOffsetBegin>897</CharacterOffsetBegin>
            <CharacterOffsetEnd>903</CharacterOffsetEnd>
            <POS>NNP</POS>
          </token>
          <token id="24">
            <word>for</word>
            <lemma>for</lemma>
            <CharacterOffsetBegin>904</CharacterOffsetBegin>
            <CharacterOffsetEnd>907</CharacterOffsetEnd>
            <POS>IN</POS>
          </token>
          <token id="25">
            <word>alleged</word>
            <lemma>alleged</lemma>
            <CharacterOffsetBegin>908</CharacterOffsetBegin>
            <CharacterOffsetEnd>915</CharacterOffsetEnd>
            <POS>JJ</POS>
          </token>
          <token id="26">
            <word>criminal</word>
            <lemma>criminal</lemma>
            <CharacterOffsetBegin>916</CharacterOffsetBegin>
            <CharacterOffsetEnd>924</CharacterOffsetEnd>
            <POS>JJ</POS>
          </token>
          <token id="27">
            <word>damage</word>
            <lemma>damage</lemma>
            <CharacterOffsetBegin>925</CharacterOffsetBegin>
            <CharacterOffsetEnd>931</CharacterOffsetEnd>
            <POS>NN</POS>
          </token>
          <token id="28">
            <word>--</word>
            <lemma>--</lemma>
            <CharacterOffsetBegin>932</CharacterOffsetBegin>
            <CharacterOffsetEnd>933</CharacterOffsetEnd>
            <POS>:</POS>
          </token>
          <token id="29">
            <word>and</word>
            <lemma>and</lemma>
            <CharacterOffsetBegin>934</CharacterOffsetBegin>
            <CharacterOffsetEnd>937</CharacterOffsetEnd>
            <POS>CC</POS>
          </token>
          <token id="30">
            <word>the</word>
            <lemma>the</lemma>
            <CharacterOffsetBegin>938</CharacterOffsetBegin>
            <CharacterOffsetEnd>941</CharacterOffsetEnd>
            <POS>DT</POS>
          </token>
          <token id="31">
            <word>resultant</word>
            <lemma>resultant</lemma>
            <CharacterOffsetBegin>942</CharacterOffsetBegin>
            <CharacterOffsetEnd>951</CharacterOffsetEnd>
            <POS>JJ</POS>
          </token>
          <token id="32">
            <word>adverse</word>
            <lemma>adverse</lemma>
            <CharacterOffsetBegin>952</CharacterOffsetBegin>
            <CharacterOffsetEnd>959</CharacterOffsetEnd>
            <POS>JJ</POS>
          </token>
          <token id="33">
            <word>publicity</word>
            <lemma>publicity</lemma>
            <CharacterOffsetBegin>960</CharacterOffsetBegin>
            <CharacterOffsetEnd>969</CharacterOffsetEnd>
            <POS>NN</POS>
          </token>
          <token id="34">
            <word>--</word>
            <lemma>--</lemma>
            <CharacterOffsetBegin>970</CharacterOffsetBegin>
            <CharacterOffsetEnd>971</CharacterOffsetEnd>
            <POS>:</POS>
          </token>
          <token id="35">
            <word>will</word>
            <lemma>will</lemma>
            <CharacterOffsetBegin>972</CharacterOffsetBegin>
            <CharacterOffsetEnd>976</CharacterOffsetEnd>
            <POS>MD</POS>
          </token>
          <token id="36">
            <word>not</word>
            <lemma>not</lemma>
            <CharacterOffsetBegin>977</CharacterOffsetBegin>
            <CharacterOffsetEnd>980</CharacterOffsetEnd>
            <POS>RB</POS>
          </token>
          <token id="37">
            <word>slow</word>
            <lemma>slow</lemma>
            <CharacterOffsetBegin>981</CharacterOffsetBegin>
            <CharacterOffsetEnd>985</CharacterOffsetEnd>
            <POS>VB</POS>
          </token>
          <token id="38">
            <word>his</word>
            <lemma>he</lemma>
            <CharacterOffsetBegin>986</CharacterOffsetBegin>
            <CharacterOffsetEnd>989</CharacterOffsetEnd>
            <POS>PRP$</POS>
          </token>
          <token id="39">
            <word>team</word>
            <lemma>team</lemma>
            <CharacterOffsetBegin>990</CharacterOffsetBegin>
            <CharacterOffsetEnd>994</CharacterOffsetEnd>
            <POS>NN</POS>
          </token>
          <token id="40">
            <word>'s</word>
            <lemma>'s</lemma>
            <CharacterOffsetBegin>994</CharacterOffsetBegin>
            <CharacterOffsetEnd>996</CharacterOffsetEnd>
            <POS>POS</POS>
          </token>
          <token id="41">
            <word>momentum</word>
            <lemma>momentum</lemma>
            <CharacterOffsetBegin>997</CharacterOffsetBegin>
            <CharacterOffsetEnd>1005</CharacterOffsetEnd>
            <POS>NN</POS>
          </token>
          <token id="42">
            <word>.</word>
            <lemma>.</lemma>
            <CharacterOffsetBegin>1005</CharacterOffsetBegin>
            <CharacterOffsetEnd>1006</CharacterOffsetEnd>
            <POS>.</POS>
          </token>
        </tokens>
      </sentence>
      <sentence id="7">
        <tokens>
          <token id="1">
            <word>Northampton</word>
            <lemma>Northampton</lemma>
            <CharacterOffsetBegin>1007</CharacterOffsetBegin>
            <CharacterOffsetEnd>1018</CharacterOffsetEnd>
            <POS>NNP</POS>
          </token>
          <token id="2">
            <word>returned</word>
            <lemma>return</lemma>
            <CharacterOffsetBegin>1019</CharacterOffsetBegin>
            <CharacterOffsetEnd>1027</CharacterOffsetEnd>
            <POS>VBD</POS>
          </token>
          <token id="3">
            <word>to</word>
            <lemma>to</lemma>
            <CharacterOffsetBegin>1028</CharacterOffsetBegin>
            <CharacterOffsetEnd>1030</CharacterOffsetEnd>
            <POS>TO</POS>
          </token>
          <token id="4">
            <word>form</word>
            <lemma>form</lemma>
            <CharacterOffsetBegin>1031</CharacterOffsetBegin>
            <CharacterOffsetEnd>1035</CharacterOffsetEnd>
            <POS>VB</POS>
          </token>
          <token id="5">
            <word>with</word>
            <lemma>with</lemma>
            <CharacterOffsetBegin>1036</CharacterOffsetBegin>
            <CharacterOffsetEnd>1040</CharacterOffsetEnd>
            <POS>IN</POS>
          </token>
          <token id="6">
            <word>a</word>
            <lemma>a</lemma>
            <CharacterOffsetBegin>1041</CharacterOffsetBegin>
            <CharacterOffsetEnd>1042</CharacterOffsetEnd>
            <POS>DT</POS>
          </token>
          <token id="7">
            <word>39-3</word>
            <lemma>39-3</lemma>
            <CharacterOffsetBegin>1043</CharacterOffsetBegin>
            <CharacterOffsetEnd>1047</CharacterOffsetEnd>
            <POS>CD</POS>
          </token>
          <token id="8">
            <word>win</word>
            <lemma>win</lemma>
            <CharacterOffsetBegin>1048</CharacterOffsetBegin>
            <CharacterOffsetEnd>1051</CharacterOffsetEnd>
            <POS>VBP</POS>
          </token>
          <token id="9">
            <word>over</word>
            <lemma>over</lemma>
            <CharacterOffsetBegin>1052</CharacterOffsetBegin>
            <CharacterOffsetEnd>1056</CharacterOffsetEnd>
            <POS>IN</POS>
          </token>
          <token id="10">
            <word>Wasps</word>
            <lemma>Wasps</lemma>
            <CharacterOffsetBegin>1057</CharacterOffsetBegin>
            <CharacterOffsetEnd>1062</CharacterOffsetEnd>
            <POS>NNP</POS>
          </token>
          <token id="11">
            <word>last</word>
            <lemma>last</lemma>
            <CharacterOffsetBegin>1063</CharacterOffsetBegin>
            <CharacterOffsetEnd>1067</CharacterOffsetEnd>
            <POS>JJ</POS>
          </token>
          <token id="12">
            <word>week</word>
            <lemma>week</lemma>
            <CharacterOffsetBegin>1068</CharacterOffsetBegin>
            <CharacterOffsetEnd>1072</CharacterOffsetEnd>
            <POS>NN</POS>
          </token>
          <token id="13">
            <word>and</word>
            <lemma>and</lemma>
            <CharacterOffsetBegin>1073</CharacterOffsetBegin>
            <CharacterOffsetEnd>1076</CharacterOffsetEnd>
            <POS>CC</POS>
          </token>
          <token id="14">
            <word>now</word>
            <lemma>now</lemma>
            <CharacterOffsetBegin>1077</CharacterOffsetBegin>
            <CharacterOffsetEnd>1080</CharacterOffsetEnd>
            <POS>RB</POS>
          </token>
          <token id="15">
            <word>face</word>
            <lemma>face</lemma>
            <CharacterOffsetBegin>1081</CharacterOffsetBegin>
            <CharacterOffsetEnd>1085</CharacterOffsetEnd>
            <POS>VBP</POS>
          </token>
          <token id="16">
            <word>Mallinder</word>
            <lemma>Mallinder</lemma>
            <CharacterOffsetBegin>1086</CharacterOffsetBegin>
            <CharacterOffsetEnd>1095</CharacterOffsetEnd>
            <POS>NNP</POS>
          </token>
          <token id="17">
            <word>'s</word>
            <lemma>'s</lemma>
            <CharacterOffsetBegin>1095</CharacterOffsetBegin>
            <CharacterOffsetEnd>1097</CharacterOffsetEnd>
            <POS>POS</POS>
          </token>
          <token id="18">
            <word>old</word>
            <lemma>old</lemma>
            <CharacterOffsetBegin>1098</CharacterOffsetBegin>
            <CharacterOffsetEnd>1101</CharacterOffsetEnd>
            <POS>JJ</POS>
          </token>
          <token id="19">
            <word>Sale</word>
            <lemma>Sale</lemma>
            <CharacterOffsetBegin>1102</CharacterOffsetBegin>
            <CharacterOffsetEnd>1106</CharacterOffsetEnd>
            <POS>NNP</POS>
          </token>
          <token id="20">
            <word>.</word>
            <lemma>.</lemma>
            <CharacterOffsetBegin>1106</CharacterOffsetBegin>
            <CharacterOffsetEnd>1107</CharacterOffsetEnd>
            <POS>.</POS>
          </token>
        </tokens>
      </sentence>
      <sentence id="8">
        <tokens>
          <token id="1">
            <word>``</word>
            <lemma>``</lemma>
            <CharacterOffsetBegin>1108</CharacterOffsetBegin>
            <CharacterOffsetEnd>1109</CharacterOffsetEnd>
            <POS>``</POS>
          </token>
          <token id="2">
            <word>We</word>
            <lemma>we</lemma>
            <CharacterOffsetBegin>1109</CharacterOffsetBegin>
            <CharacterOffsetEnd>1111</CharacterOffsetEnd>
            <POS>PRP</POS>
          </token>
          <token id="3">
            <word>need</word>
            <lemma>need</lemma>
            <CharacterOffsetBegin>1112</CharacterOffsetBegin>
            <CharacterOffsetEnd>1116</CharacterOffsetEnd>
            <POS>VBP</POS>
          </token>
          <token id="4">
            <word>to</word>
            <lemma>to</lemma>
            <CharacterOffsetBegin>1117</CharacterOffsetBegin>
            <CharacterOffsetEnd>1119</CharacterOffsetEnd>
            <POS>TO</POS>
          </token>
          <token id="5">
            <word>make</word>
            <lemma>make</lemma>
            <CharacterOffsetBegin>1120</CharacterOffsetBegin>
            <CharacterOffsetEnd>1124</CharacterOffsetEnd>
            <POS>VB</POS>
          </token>
          <token id="6">
            <word>sure</word>
            <lemma>sure</lemma>
            <CharacterOffsetBegin>1125</CharacterOffsetBegin>
            <CharacterOffsetEnd>1129</CharacterOffsetEnd>
            <POS>JJ</POS>
          </token>
          <token id="7">
            <word>we</word>
            <lemma>we</lemma>
            <CharacterOffsetBegin>1130</CharacterOffsetBegin>
            <CharacterOffsetEnd>1132</CharacterOffsetEnd>
            <POS>PRP</POS>
          </token>
          <token id="8">
            <word>are</word>
            <lemma>be</lemma>
            <CharacterOffsetBegin>1133</CharacterOffsetBegin>
            <CharacterOffsetEnd>1136</CharacterOffsetEnd>
            <POS>VBP</POS>
          </token>
          <token id="9">
            <word>on</word>
            <lemma>on</lemma>
            <CharacterOffsetBegin>1137</CharacterOffsetBegin>
            <CharacterOffsetEnd>1139</CharacterOffsetEnd>
            <POS>IN</POS>
          </token>
          <token id="10">
            <word>our</word>
            <lemma>we</lemma>
            <CharacterOffsetBegin>1140</CharacterOffsetBegin>
            <CharacterOffsetEnd>1143</CharacterOffsetEnd>
            <POS>PRP$</POS>
          </token>
          <token id="11">
            <word>game</word>
            <lemma>game</lemma>
            <CharacterOffsetBegin>1144</CharacterOffsetBegin>
            <CharacterOffsetEnd>1148</CharacterOffsetEnd>
            <POS>NN</POS>
          </token>
          <token id="12">
            <word>,</word>
            <lemma>,</lemma>
            <CharacterOffsetBegin>1148</CharacterOffsetBegin>
            <CharacterOffsetEnd>1149</CharacterOffsetEnd>
            <POS>,</POS>
          </token>
          <token id="13">
            <word>''</word>
            <lemma>''</lemma>
            <CharacterOffsetBegin>1149</CharacterOffsetBegin>
            <CharacterOffsetEnd>1150</CharacterOffsetEnd>
            <POS>''</POS>
          </token>
          <token id="14">
            <word>he</word>
            <lemma>he</lemma>
            <CharacterOffsetBegin>1151</CharacterOffsetBegin>
            <CharacterOffsetEnd>1153</CharacterOffsetEnd>
            <POS>PRP</POS>
          </token>
          <token id="15">
            <word>said</word>
            <lemma>say</lemma>
            <CharacterOffsetBegin>1154</CharacterOffsetBegin>
            <CharacterOffsetEnd>1158</CharacterOffsetEnd>
            <POS>VBD</POS>
          </token>
          <token id="16">
            <word>.</word>
            <lemma>.</lemma>
            <CharacterOffsetBegin>1158</CharacterOffsetBegin>
            <CharacterOffsetEnd>1159</CharacterOffsetEnd>
            <POS>.</POS>
          </token>
        </tokens>
      </sentence>
      <sentence id="9">
        <tokens>
          <token id="1">
            <word>``</word>
            <lemma>``</lemma>
            <CharacterOffsetBegin>1160</CharacterOffsetBegin>
            <CharacterOffsetEnd>1161</CharacterOffsetEnd>
            <POS>``</POS>
          </token>
          <token id="2">
            <word>We</word>
            <lemma>we</lemma>
            <CharacterOffsetBegin>1161</CharacterOffsetBegin>
            <CharacterOffsetEnd>1163</CharacterOffsetEnd>
            <POS>PRP</POS>
          </token>
          <token id="3">
            <word>are</word>
            <lemma>be</lemma>
            <CharacterOffsetBegin>1164</CharacterOffsetBegin>
            <CharacterOffsetEnd>1167</CharacterOffsetEnd>
            <POS>VBP</POS>
          </token>
          <token id="4">
            <word>determined</word>
            <lemma>determine</lemma>
            <CharacterOffsetBegin>1168</CharacterOffsetBegin>
            <CharacterOffsetEnd>1178</CharacterOffsetEnd>
            <POS>VBN</POS>
          </token>
          <token id="5">
            <word>to</word>
            <lemma>to</lemma>
            <CharacterOffsetBegin>1179</CharacterOffsetBegin>
            <CharacterOffsetEnd>1181</CharacterOffsetEnd>
            <POS>TO</POS>
          </token>
          <token id="6">
            <word>finish</word>
            <lemma>finish</lemma>
            <CharacterOffsetBegin>1182</CharacterOffsetBegin>
            <CharacterOffsetEnd>1188</CharacterOffsetEnd>
            <POS>VB</POS>
          </token>
          <token id="7">
            <word>in</word>
            <lemma>in</lemma>
            <CharacterOffsetBegin>1189</CharacterOffsetBegin>
            <CharacterOffsetEnd>1191</CharacterOffsetEnd>
            <POS>IN</POS>
          </token>
          <token id="8">
            <word>the</word>
            <lemma>the</lemma>
            <CharacterOffsetBegin>1192</CharacterOffsetBegin>
            <CharacterOffsetEnd>1195</CharacterOffsetEnd>
            <POS>DT</POS>
          </token>
          <token id="9">
            <word>top</word>
            <lemma>top</lemma>
            <CharacterOffsetBegin>1196</CharacterOffsetBegin>
            <CharacterOffsetEnd>1199</CharacterOffsetEnd>
            <POS>JJ</POS>
          </token>
          <token id="10">
            <word>four</word>
            <lemma>four</lemma>
            <CharacterOffsetBegin>1200</CharacterOffsetBegin>
            <CharacterOffsetEnd>1204</CharacterOffsetEnd>
            <POS>CD</POS>
          </token>
          <token id="11">
            <word>,</word>
            <lemma>,</lemma>
            <CharacterOffsetBegin>1204</CharacterOffsetBegin>
            <CharacterOffsetEnd>1205</CharacterOffsetEnd>
            <POS>,</POS>
          </token>
          <token id="12">
            <word>and</word>
            <lemma>and</lemma>
            <CharacterOffsetBegin>1206</CharacterOffsetBegin>
            <CharacterOffsetEnd>1209</CharacterOffsetEnd>
            <POS>CC</POS>
          </token>
          <token id="13">
            <word>to</word>
            <lemma>to</lemma>
            <CharacterOffsetBegin>1210</CharacterOffsetBegin>
            <CharacterOffsetEnd>1212</CharacterOffsetEnd>
            <POS>TO</POS>
          </token>
          <token id="14">
            <word>do</word>
            <lemma>do</lemma>
            <CharacterOffsetBegin>1213</CharacterOffsetBegin>
            <CharacterOffsetEnd>1215</CharacterOffsetEnd>
            <POS>VB</POS>
          </token>
          <token id="15">
            <word>that</word>
            <lemma>that</lemma>
            <CharacterOffsetBegin>1216</CharacterOffsetBegin>
            <CharacterOffsetEnd>1220</CharacterOffsetEnd>
            <POS>IN</POS>
          </token>
          <token id="16">
            <word>we</word>
            <lemma>we</lemma>
            <CharacterOffsetBegin>1221</CharacterOffsetBegin>
            <CharacterOffsetEnd>1223</CharacterOffsetEnd>
            <POS>PRP</POS>
          </token>
          <token id="17">
            <word>have</word>
            <lemma>have</lemma>
            <CharacterOffsetBegin>1224</CharacterOffsetBegin>
            <CharacterOffsetEnd>1228</CharacterOffsetEnd>
            <POS>VBP</POS>
          </token>
          <token id="18">
            <word>to</word>
            <lemma>to</lemma>
            <CharacterOffsetBegin>1229</CharacterOffsetBegin>
            <CharacterOffsetEnd>1231</CharacterOffsetEnd>
            <POS>TO</POS>
          </token>
          <token id="19">
            <word>make</word>
            <lemma>make</lemma>
            <CharacterOffsetBegin>1232</CharacterOffsetBegin>
            <CharacterOffsetEnd>1236</CharacterOffsetEnd>
            <POS>VB</POS>
          </token>
          <token id="20">
            <word>sure</word>
            <lemma>sure</lemma>
            <CharacterOffsetBegin>1237</CharacterOffsetBegin>
            <CharacterOffsetEnd>1241</CharacterOffsetEnd>
            <POS>JJ</POS>
          </token>
          <token id="21">
            <word>we</word>
            <lemma>we</lemma>
            <CharacterOffsetBegin>1242</CharacterOffsetBegin>
            <CharacterOffsetEnd>1244</CharacterOffsetEnd>
            <POS>PRP</POS>
          </token>
          <token id="22">
            <word>win</word>
            <lemma>win</lemma>
            <CharacterOffsetBegin>1245</CharacterOffsetBegin>
            <CharacterOffsetEnd>1248</CharacterOffsetEnd>
            <POS>VBP</POS>
          </token>
          <token id="23">
            <word>our</word>
            <lemma>we</lemma>
            <CharacterOffsetBegin>1249</CharacterOffsetBegin>
            <CharacterOffsetEnd>1252</CharacterOffsetEnd>
            <POS>PRP$</POS>
          </token>
          <token id="24">
            <word>home</word>
            <lemma>home</lemma>
            <CharacterOffsetBegin>1253</CharacterOffsetBegin>
            <CharacterOffsetEnd>1257</CharacterOffsetEnd>
            <POS>NN</POS>
          </token>
          <token id="25">
            <word>games</word>
            <lemma>game</lemma>
            <CharacterOffsetBegin>1258</CharacterOffsetBegin>
            <CharacterOffsetEnd>1263</CharacterOffsetEnd>
            <POS>NNS</POS>
          </token>
          <token id="26">
            <word>.</word>
            <lemma>.</lemma>
            <CharacterOffsetBegin>1263</CharacterOffsetBegin>
            <CharacterOffsetEnd>1264</CharacterOffsetEnd>
            <POS>.</POS>
          </token>
          <token id="27">
            <word>''</word>
            <lemma>''</lemma>
            <CharacterOffsetBegin>1264</CharacterOffsetBegin>
            <CharacterOffsetEnd>1265</CharacterOffsetEnd>
            <POS>''</POS>
          </token>
        </tokens>
      </sentence>
      <sentence id="10">
        <tokens>
          <token id="1">
            <word>Cardiff</word>
            <lemma>Cardiff</lemma>
            <CharacterOffsetBegin>1266</CharacterOffsetBegin>
            <CharacterOffsetEnd>1273</CharacterOffsetEnd>
            <POS>NNP</POS>
          </token>
          <token id="2">
            <word>Blues</word>
            <lemma>Blues</lemma>
            <CharacterOffsetBegin>1274</CharacterOffsetBegin>
            <CharacterOffsetEnd>1279</CharacterOffsetEnd>
            <POS>NNP</POS>
          </token>
          <token id="3">
            <word>scrum-half</word>
            <lemma>scrum-half</lemma>
            <CharacterOffsetBegin>1280</CharacterOffsetBegin>
            <CharacterOffsetEnd>1290</CharacterOffsetEnd>
            <POS>NN</POS>
          </token>
          <token id="4">
            <word>Richie</word>
            <lemma>Richie</lemma>
            <CharacterOffsetBegin>1291</CharacterOffsetBegin>
            <CharacterOffsetEnd>1297</CharacterOffsetEnd>
            <POS>NNP</POS>
          </token>
          <token id="5">
            <word>Rees</word>
            <lemma>Rees</lemma>
            <CharacterOffsetBegin>1298</CharacterOffsetBegin>
            <CharacterOffsetEnd>1302</CharacterOffsetEnd>
            <POS>NNP</POS>
          </token>
          <token id="6">
            <word>returns</word>
            <lemma>return</lemma>
            <CharacterOffsetBegin>1303</CharacterOffsetBegin>
            <CharacterOffsetEnd>1310</CharacterOffsetEnd>
            <POS>VBZ</POS>
          </token>
          <token id="7">
            <word>to</word>
            <lemma>to</lemma>
            <CharacterOffsetBegin>1311</CharacterOffsetBegin>
            <CharacterOffsetEnd>1313</CharacterOffsetEnd>
            <POS>TO</POS>
          </token>
          <token id="8">
            <word>action</word>
            <lemma>action</lemma>
            <CharacterOffsetBegin>1314</CharacterOffsetBegin>
            <CharacterOffsetEnd>1320</CharacterOffsetEnd>
            <POS>NN</POS>
          </token>
          <token id="9">
            <word>against</word>
            <lemma>against</lemma>
            <CharacterOffsetBegin>1321</CharacterOffsetBegin>
            <CharacterOffsetEnd>1328</CharacterOffsetEnd>
            <POS>IN</POS>
          </token>
          <token id="10">
            <word>the</word>
            <lemma>the</lemma>
            <CharacterOffsetBegin>1329</CharacterOffsetBegin>
            <CharacterOffsetEnd>1332</CharacterOffsetEnd>
            <POS>DT</POS>
          </token>
          <token id="11">
            <word>Ospreys</word>
            <lemma>Ospreys</lemma>
            <CharacterOffsetBegin>1333</CharacterOffsetBegin>
            <CharacterOffsetEnd>1340</CharacterOffsetEnd>
            <POS>NNPS</POS>
          </token>
          <token id="12">
            <word>after</word>
            <lemma>after</lemma>
            <CharacterOffsetBegin>1341</CharacterOffsetBegin>
            <CharacterOffsetEnd>1346</CharacterOffsetEnd>
            <POS>IN</POS>
          </token>
          <token id="13">
            <word>serving</word>
            <lemma>serve</lemma>
            <CharacterOffsetBegin>1347</CharacterOffsetBegin>
            <CharacterOffsetEnd>1354</CharacterOffsetEnd>
            <POS>VBG</POS>
          </token>
          <token id="14">
            <word>a</word>
            <lemma>a</lemma>
            <CharacterOffsetBegin>1355</CharacterOffsetBegin>
            <CharacterOffsetEnd>1356</CharacterOffsetEnd>
            <POS>DT</POS>
          </token>
          <token id="15">
            <word>12-week</word>
            <lemma>12-week</lemma>
            <CharacterOffsetBegin>1357</CharacterOffsetBegin>
            <CharacterOffsetEnd>1364</CharacterOffsetEnd>
            <POS>JJ</POS>
          </token>
          <token id="16">
            <word>ban</word>
            <lemma>ban</lemma>
            <CharacterOffsetBegin>1365</CharacterOffsetBegin>
            <CharacterOffsetEnd>1368</CharacterOffsetEnd>
            <POS>NN</POS>
          </token>
          <token id="17">
            <word>for</word>
            <lemma>for</lemma>
            <CharacterOffsetBegin>1369</CharacterOffsetBegin>
            <CharacterOffsetEnd>1372</CharacterOffsetEnd>
            <POS>IN</POS>
          </token>
          <token id="18">
            <word>making</word>
            <lemma>make</lemma>
            <CharacterOffsetBegin>1373</CharacterOffsetBegin>
            <CharacterOffsetEnd>1379</CharacterOffsetEnd>
            <POS>VBG</POS>
          </token>
          <token id="19">
            <word>inappropriate</word>
            <lemma>inappropriate</lemma>
            <CharacterOffsetBegin>1380</CharacterOffsetBegin>
            <CharacterOffsetEnd>1393</CharacterOffsetEnd>
            <POS>JJ</POS>
          </token>
          <token id="20">
            <word>contact</word>
            <lemma>contact</lemma>
            <CharacterOffsetBegin>1394</CharacterOffsetBegin>
            <CharacterOffsetEnd>1401</CharacterOffsetEnd>
            <POS>NN</POS>
          </token>
          <token id="21">
            <word>with</word>
            <lemma>with</lemma>
            <CharacterOffsetBegin>1402</CharacterOffsetBegin>
            <CharacterOffsetEnd>1406</CharacterOffsetEnd>
            <POS>IN</POS>
          </token>
          <token id="22">
            <word>the</word>
            <lemma>the</lemma>
            <CharacterOffsetBegin>1407</CharacterOffsetBegin>
            <CharacterOffsetEnd>1410</CharacterOffsetEnd>
            <POS>DT</POS>
          </token>
          <token id="23">
            <word>eye</word>
            <lemma>eye</lemma>
            <CharacterOffsetBegin>1411</CharacterOffsetBegin>
            <CharacterOffsetEnd>1414</CharacterOffsetEnd>
            <POS>NN</POS>
          </token>
          <token id="24">
            <word>area</word>
            <lemma>area</lemma>
            <CharacterOffsetBegin>1415</CharacterOffsetBegin>
            <CharacterOffsetEnd>1419</CharacterOffsetEnd>
            <POS>NN</POS>
          </token>
          <token id="25">
            <word>of</word>
            <lemma>of</lemma>
            <CharacterOffsetBegin>1420</CharacterOffsetBegin>
            <CharacterOffsetEnd>1422</CharacterOffsetEnd>
            <POS>IN</POS>
          </token>
          <token id="26">
            <word>Northampton</word>
            <lemma>Northampton</lemma>
            <CharacterOffsetBegin>1423</CharacterOffsetBegin>
            <CharacterOffsetEnd>1434</CharacterOffsetEnd>
            <POS>NNP</POS>
          </token>
          <token id="27">
            <word>hooker</word>
            <lemma>hooker</lemma>
            <CharacterOffsetBegin>1435</CharacterOffsetBegin>
            <CharacterOffsetEnd>1441</CharacterOffsetEnd>
            <POS>NNP</POS>
          </token>
          <token id="28">
            <word>Dylan</word>
            <lemma>Dylan</lemma>
            <CharacterOffsetBegin>1442</CharacterOffsetBegin>
            <CharacterOffsetEnd>1447</CharacterOffsetEnd>
            <POS>NNP</POS>
          </token>
          <token id="29">
            <word>Hartley</word>
            <lemma>Hartley</lemma>
            <CharacterOffsetBegin>1448</CharacterOffsetBegin>
            <CharacterOffsetEnd>1455</CharacterOffsetEnd>
            <POS>NNP</POS>
          </token>
          <token id="30">
            <word>during</word>
            <lemma>during</lemma>
            <CharacterOffsetBegin>1456</CharacterOffsetBegin>
            <CharacterOffsetEnd>1462</CharacterOffsetEnd>
            <POS>IN</POS>
          </token>
          <token id="31">
            <word>a</word>
            <lemma>a</lemma>
            <CharacterOffsetBegin>1463</CharacterOffsetBegin>
            <CharacterOffsetEnd>1464</CharacterOffsetEnd>
            <POS>DT</POS>
          </token>
          <token id="32">
            <word>Heineken</word>
            <lemma>Heineken</lemma>
            <CharacterOffsetBegin>1465</CharacterOffsetBegin>
            <CharacterOffsetEnd>1473</CharacterOffsetEnd>
            <POS>NNP</POS>
          </token>
          <token id="33">
            <word>Cup</word>
            <lemma>Cup</lemma>
            <CharacterOffsetBegin>1474</CharacterOffsetBegin>
            <CharacterOffsetEnd>1477</CharacterOffsetEnd>
            <POS>NNP</POS>
          </token>
          <token id="34">
            <word>tie</word>
            <lemma>tie</lemma>
            <CharacterOffsetBegin>1478</CharacterOffsetBegin>
            <CharacterOffsetEnd>1481</CharacterOffsetEnd>
            <POS>NN</POS>
          </token>
          <token id="35">
            <word>in</word>
            <lemma>in</lemma>
            <CharacterOffsetBegin>1482</CharacterOffsetBegin>
            <CharacterOffsetEnd>1484</CharacterOffsetEnd>
            <POS>IN</POS>
          </token>
          <token id="36">
            <word>December</word>
            <lemma>December</lemma>
            <CharacterOffsetBegin>1485</CharacterOffsetBegin>
            <CharacterOffsetEnd>1493</CharacterOffsetEnd>
            <POS>NNP</POS>
          </token>
          <token id="37">
            <word>.</word>
            <lemma>.</lemma>
            <CharacterOffsetBegin>1493</CharacterOffsetBegin>
            <CharacterOffsetEnd>1494</CharacterOffsetEnd>
            <POS>.</POS>
          </token>
        </tokens>
      </sentence>
    </sentences>
  </document>
</root>
