<?xml version="1.0" encoding="UTF-8"?>
<?xml-stylesheet href="CoreNLP-to-HTML.xsl" type="text/xsl"?>
<root>
  <document>
    <sentences>
      <sentence id="1">
        <tokens>
          <token id="1">
            <word>Coalition</word>
            <lemma>Coalition</lemma>
            <CharacterOffsetBegin>0</CharacterOffsetBegin>
            <CharacterOffsetEnd>9</CharacterOffsetEnd>
            <POS>NNP</POS>
          </token>
          <token id="2">
            <word>hit</word>
            <lemma>hit</lemma>
            <CharacterOffsetBegin>10</CharacterOffsetBegin>
            <CharacterOffsetEnd>13</CharacterOffsetEnd>
            <POS>VBD</POS>
          </token>
          <token id="3">
            <word>areas</word>
            <lemma>area</lemma>
            <CharacterOffsetBegin>14</CharacterOffsetBegin>
            <CharacterOffsetEnd>19</CharacterOffsetEnd>
            <POS>NNS</POS>
          </token>
          <token id="4">
            <word>in</word>
            <lemma>in</lemma>
            <CharacterOffsetBegin>20</CharacterOffsetBegin>
            <CharacterOffsetEnd>22</CharacterOffsetEnd>
            <POS>IN</POS>
          </token>
          <token id="5">
            <word>Khoms</word>
            <lemma>Khoms</lemma>
            <CharacterOffsetBegin>23</CharacterOffsetBegin>
            <CharacterOffsetEnd>28</CharacterOffsetEnd>
            <POS>NNP</POS>
          </token>
          <token id="6">
            <word>,</word>
            <lemma>,</lemma>
            <CharacterOffsetBegin>28</CharacterOffsetBegin>
            <CharacterOffsetEnd>29</CharacterOffsetEnd>
            <POS>,</POS>
          </token>
          <token id="7">
            <word>Arrujban</word>
            <lemma>Arrujban</lemma>
            <CharacterOffsetBegin>30</CharacterOffsetBegin>
            <CharacterOffsetEnd>38</CharacterOffsetEnd>
            <POS>NNP</POS>
          </token>
          <token id="8">
            <word>-</word>
            <lemma>-</lemma>
            <CharacterOffsetBegin>39</CharacterOffsetBegin>
            <CharacterOffsetEnd>40</CharacterOffsetEnd>
            <POS>:</POS>
          </token>
          <token id="9">
            <word>Libyan</word>
            <lemma>libyan</lemma>
            <CharacterOffsetBegin>40</CharacterOffsetBegin>
            <CharacterOffsetEnd>46</CharacterOffsetEnd>
            <POS>JJ</POS>
          </token>
          <token id="10">
            <word>TV</word>
            <lemma>tv</lemma>
            <CharacterOffsetBegin>47</CharacterOffsetBegin>
            <CharacterOffsetEnd>49</CharacterOffsetEnd>
            <POS>NN</POS>
          </token>
        </tokens>
      </sentence>
      <sentence id="2">
        <tokens>
          <token id="1">
            <word>TUNIS</word>
            <lemma>TUNIS</lemma>
            <CharacterOffsetBegin>51</CharacterOffsetBegin>
            <CharacterOffsetEnd>56</CharacterOffsetEnd>
            <POS>NNP</POS>
          </token>
          <token id="2">
            <word>,</word>
            <lemma>,</lemma>
            <CharacterOffsetBegin>56</CharacterOffsetBegin>
            <CharacterOffsetEnd>57</CharacterOffsetEnd>
            <POS>,</POS>
          </token>
          <token id="3">
            <word>April</word>
            <lemma>April</lemma>
            <CharacterOffsetBegin>58</CharacterOffsetBegin>
            <CharacterOffsetEnd>63</CharacterOffsetEnd>
            <POS>NNP</POS>
          </token>
          <token id="4">
            <word>1</word>
            <lemma>1</lemma>
            <CharacterOffsetBegin>64</CharacterOffsetBegin>
            <CharacterOffsetEnd>65</CharacterOffsetEnd>
            <POS>CD</POS>
          </token>
          <token id="5">
            <word>-LRB-</word>
            <lemma>-lrb-</lemma>
            <CharacterOffsetBegin>66</CharacterOffsetBegin>
            <CharacterOffsetEnd>67</CharacterOffsetEnd>
            <POS>-LRB-</POS>
          </token>
          <token id="6">
            <word>Reuters</word>
            <lemma>Reuters</lemma>
            <CharacterOffsetBegin>67</CharacterOffsetBegin>
            <CharacterOffsetEnd>74</CharacterOffsetEnd>
            <POS>NNP</POS>
          </token>
          <token id="7">
            <word>-RRB-</word>
            <lemma>-rrb-</lemma>
            <CharacterOffsetBegin>74</CharacterOffsetBegin>
            <CharacterOffsetEnd>75</CharacterOffsetEnd>
            <POS>-RRB-</POS>
          </token>
          <token id="8">
            <word>-</word>
            <lemma>-</lemma>
            <CharacterOffsetBegin>76</CharacterOffsetBegin>
            <CharacterOffsetEnd>77</CharacterOffsetEnd>
            <POS>:</POS>
          </token>
          <token id="9">
            <word>Western-led</word>
            <lemma>western-led</lemma>
            <CharacterOffsetBegin>78</CharacterOffsetBegin>
            <CharacterOffsetEnd>89</CharacterOffsetEnd>
            <POS>JJ</POS>
          </token>
          <token id="10">
            <word>coalition</word>
            <lemma>coalition</lemma>
            <CharacterOffsetBegin>90</CharacterOffsetBegin>
            <CharacterOffsetEnd>99</CharacterOffsetEnd>
            <POS>NN</POS>
          </token>
          <token id="11">
            <word>forces</word>
            <lemma>force</lemma>
            <CharacterOffsetBegin>100</CharacterOffsetBegin>
            <CharacterOffsetEnd>106</CharacterOffsetEnd>
            <POS>NNS</POS>
          </token>
          <token id="12">
            <word>bombarded</word>
            <lemma>bombard</lemma>
            <CharacterOffsetBegin>107</CharacterOffsetBegin>
            <CharacterOffsetEnd>116</CharacterOffsetEnd>
            <POS>VBD</POS>
          </token>
          <token id="13">
            <word>civilian</word>
            <lemma>civilian</lemma>
            <CharacterOffsetBegin>117</CharacterOffsetBegin>
            <CharacterOffsetEnd>125</CharacterOffsetEnd>
            <POS>JJ</POS>
          </token>
          <token id="14">
            <word>and</word>
            <lemma>and</lemma>
            <CharacterOffsetBegin>126</CharacterOffsetBegin>
            <CharacterOffsetEnd>129</CharacterOffsetEnd>
            <POS>CC</POS>
          </token>
          <token id="15">
            <word>military</word>
            <lemma>military</lemma>
            <CharacterOffsetBegin>130</CharacterOffsetBegin>
            <CharacterOffsetEnd>138</CharacterOffsetEnd>
            <POS>JJ</POS>
          </token>
          <token id="16">
            <word>areas</word>
            <lemma>area</lemma>
            <CharacterOffsetBegin>139</CharacterOffsetBegin>
            <CharacterOffsetEnd>144</CharacterOffsetEnd>
            <POS>NNS</POS>
          </token>
          <token id="17">
            <word>in</word>
            <lemma>in</lemma>
            <CharacterOffsetBegin>145</CharacterOffsetBegin>
            <CharacterOffsetEnd>147</CharacterOffsetEnd>
            <POS>IN</POS>
          </token>
          <token id="18">
            <word>the</word>
            <lemma>the</lemma>
            <CharacterOffsetBegin>148</CharacterOffsetBegin>
            <CharacterOffsetEnd>151</CharacterOffsetEnd>
            <POS>DT</POS>
          </token>
          <token id="19">
            <word>towns</word>
            <lemma>town</lemma>
            <CharacterOffsetBegin>152</CharacterOffsetBegin>
            <CharacterOffsetEnd>157</CharacterOffsetEnd>
            <POS>NNS</POS>
          </token>
          <token id="20">
            <word>of</word>
            <lemma>of</lemma>
            <CharacterOffsetBegin>158</CharacterOffsetBegin>
            <CharacterOffsetEnd>160</CharacterOffsetEnd>
            <POS>IN</POS>
          </token>
          <token id="21">
            <word>Khoms</word>
            <lemma>khom</lemma>
            <CharacterOffsetBegin>161</CharacterOffsetBegin>
            <CharacterOffsetEnd>166</CharacterOffsetEnd>
            <POS>NNS</POS>
          </token>
          <token id="22">
            <word>and</word>
            <lemma>and</lemma>
            <CharacterOffsetBegin>167</CharacterOffsetBegin>
            <CharacterOffsetEnd>170</CharacterOffsetEnd>
            <POS>CC</POS>
          </token>
          <token id="23">
            <word>Arrujban</word>
            <lemma>arrujban</lemma>
            <CharacterOffsetBegin>171</CharacterOffsetBegin>
            <CharacterOffsetEnd>179</CharacterOffsetEnd>
            <POS>NN</POS>
          </token>
          <token id="24">
            <word>on</word>
            <lemma>on</lemma>
            <CharacterOffsetBegin>180</CharacterOffsetBegin>
            <CharacterOffsetEnd>182</CharacterOffsetEnd>
            <POS>IN</POS>
          </token>
          <token id="25">
            <word>Friday</word>
            <lemma>Friday</lemma>
            <CharacterOffsetBegin>183</CharacterOffsetBegin>
            <CharacterOffsetEnd>189</CharacterOffsetEnd>
            <POS>NNP</POS>
          </token>
          <token id="26">
            <word>,</word>
            <lemma>,</lemma>
            <CharacterOffsetBegin>189</CharacterOffsetBegin>
            <CharacterOffsetEnd>190</CharacterOffsetEnd>
            <POS>,</POS>
          </token>
          <token id="27">
            <word>Libyan</word>
            <lemma>libyan</lemma>
            <CharacterOffsetBegin>191</CharacterOffsetBegin>
            <CharacterOffsetEnd>197</CharacterOffsetEnd>
            <POS>JJ</POS>
          </token>
          <token id="28">
            <word>television</word>
            <lemma>television</lemma>
            <CharacterOffsetBegin>198</CharacterOffsetBegin>
            <CharacterOffsetEnd>208</CharacterOffsetEnd>
            <POS>NN</POS>
          </token>
          <token id="29">
            <word>said</word>
            <lemma>say</lemma>
            <CharacterOffsetBegin>209</CharacterOffsetBegin>
            <CharacterOffsetEnd>213</CharacterOffsetEnd>
            <POS>VBD</POS>
          </token>
          <token id="30">
            <word>,</word>
            <lemma>,</lemma>
            <CharacterOffsetBegin>213</CharacterOffsetBegin>
            <CharacterOffsetEnd>214</CharacterOffsetEnd>
            <POS>,</POS>
          </token>
          <token id="31">
            <word>quoting</word>
            <lemma>quote</lemma>
            <CharacterOffsetBegin>215</CharacterOffsetBegin>
            <CharacterOffsetEnd>222</CharacterOffsetEnd>
            <POS>VBG</POS>
          </token>
          <token id="32">
            <word>a</word>
            <lemma>a</lemma>
            <CharacterOffsetBegin>223</CharacterOffsetBegin>
            <CharacterOffsetEnd>224</CharacterOffsetEnd>
            <POS>DT</POS>
          </token>
          <token id="33">
            <word>military</word>
            <lemma>military</lemma>
            <CharacterOffsetBegin>225</CharacterOffsetBegin>
            <CharacterOffsetEnd>233</CharacterOffsetEnd>
            <POS>JJ</POS>
          </token>
          <token id="34">
            <word>official</word>
            <lemma>official</lemma>
            <CharacterOffsetBegin>234</CharacterOffsetBegin>
            <CharacterOffsetEnd>242</CharacterOffsetEnd>
            <POS>NN</POS>
          </token>
          <token id="35">
            <word>.</word>
            <lemma>.</lemma>
            <CharacterOffsetBegin>242</CharacterOffsetBegin>
            <CharacterOffsetEnd>243</CharacterOffsetEnd>
            <POS>.</POS>
          </token>
          <token id="36">
            <word>''</word>
            <lemma>''</lemma>
            <CharacterOffsetBegin>244</CharacterOffsetBegin>
            <CharacterOffsetEnd>245</CharacterOffsetEnd>
            <POS>''</POS>
          </token>
        </tokens>
      </sentence>
      <sentence id="3">
        <tokens>
          <token id="1">
            <word>``</word>
            <lemma>``</lemma>
            <CharacterOffsetBegin>245</CharacterOffsetBegin>
            <CharacterOffsetEnd>246</CharacterOffsetEnd>
            <POS>``</POS>
          </token>
          <token id="2">
            <word>Civilian</word>
            <lemma>civilian</lemma>
            <CharacterOffsetBegin>246</CharacterOffsetBegin>
            <CharacterOffsetEnd>254</CharacterOffsetEnd>
            <POS>JJ</POS>
          </token>
          <token id="3">
            <word>and</word>
            <lemma>and</lemma>
            <CharacterOffsetBegin>255</CharacterOffsetBegin>
            <CharacterOffsetEnd>258</CharacterOffsetEnd>
            <POS>CC</POS>
          </token>
          <token id="4">
            <word>military</word>
            <lemma>military</lemma>
            <CharacterOffsetBegin>259</CharacterOffsetBegin>
            <CharacterOffsetEnd>267</CharacterOffsetEnd>
            <POS>JJ</POS>
          </token>
          <token id="5">
            <word>locations</word>
            <lemma>location</lemma>
            <CharacterOffsetBegin>268</CharacterOffsetBegin>
            <CharacterOffsetEnd>277</CharacterOffsetEnd>
            <POS>NNS</POS>
          </token>
          <token id="6">
            <word>in</word>
            <lemma>in</lemma>
            <CharacterOffsetBegin>278</CharacterOffsetBegin>
            <CharacterOffsetEnd>280</CharacterOffsetEnd>
            <POS>IN</POS>
          </token>
          <token id="7">
            <word>Khoms</word>
            <lemma>Khoms</lemma>
            <CharacterOffsetBegin>281</CharacterOffsetBegin>
            <CharacterOffsetEnd>286</CharacterOffsetEnd>
            <POS>NNP</POS>
          </token>
          <token id="8">
            <word>and</word>
            <lemma>and</lemma>
            <CharacterOffsetBegin>287</CharacterOffsetBegin>
            <CharacterOffsetEnd>290</CharacterOffsetEnd>
            <POS>CC</POS>
          </token>
          <token id="9">
            <word>Arrujban</word>
            <lemma>Arrujban</lemma>
            <CharacterOffsetBegin>291</CharacterOffsetBegin>
            <CharacterOffsetEnd>299</CharacterOffsetEnd>
            <POS>NNP</POS>
          </token>
          <token id="10">
            <word>were</word>
            <lemma>be</lemma>
            <CharacterOffsetBegin>300</CharacterOffsetBegin>
            <CharacterOffsetEnd>304</CharacterOffsetEnd>
            <POS>VBD</POS>
          </token>
          <token id="11">
            <word>hit</word>
            <lemma>hit</lemma>
            <CharacterOffsetBegin>305</CharacterOffsetBegin>
            <CharacterOffsetEnd>308</CharacterOffsetEnd>
            <POS>VBN</POS>
          </token>
          <token id="12">
            <word>this</word>
            <lemma>this</lemma>
            <CharacterOffsetBegin>309</CharacterOffsetBegin>
            <CharacterOffsetEnd>313</CharacterOffsetEnd>
            <POS>DT</POS>
          </token>
          <token id="13">
            <word>evening</word>
            <lemma>evening</lemma>
            <CharacterOffsetBegin>314</CharacterOffsetBegin>
            <CharacterOffsetEnd>321</CharacterOffsetEnd>
            <POS>NN</POS>
          </token>
          <token id="14">
            <word>by</word>
            <lemma>by</lemma>
            <CharacterOffsetBegin>322</CharacterOffsetBegin>
            <CharacterOffsetEnd>324</CharacterOffsetEnd>
            <POS>IN</POS>
          </token>
          <token id="15">
            <word>the</word>
            <lemma>the</lemma>
            <CharacterOffsetBegin>325</CharacterOffsetBegin>
            <CharacterOffsetEnd>328</CharacterOffsetEnd>
            <POS>DT</POS>
          </token>
          <token id="16">
            <word>bombardment</word>
            <lemma>bombardment</lemma>
            <CharacterOffsetBegin>329</CharacterOffsetBegin>
            <CharacterOffsetEnd>340</CharacterOffsetEnd>
            <POS>NN</POS>
          </token>
          <token id="17">
            <word>of</word>
            <lemma>of</lemma>
            <CharacterOffsetBegin>341</CharacterOffsetBegin>
            <CharacterOffsetEnd>343</CharacterOffsetEnd>
            <POS>IN</POS>
          </token>
          <token id="18">
            <word>the</word>
            <lemma>the</lemma>
            <CharacterOffsetBegin>344</CharacterOffsetBegin>
            <CharacterOffsetEnd>347</CharacterOffsetEnd>
            <POS>DT</POS>
          </token>
          <token id="19">
            <word>colonial</word>
            <lemma>colonial</lemma>
            <CharacterOffsetBegin>348</CharacterOffsetBegin>
            <CharacterOffsetEnd>356</CharacterOffsetEnd>
            <POS>NN</POS>
          </token>
          <token id="20">
            <word>and</word>
            <lemma>and</lemma>
            <CharacterOffsetBegin>357</CharacterOffsetBegin>
            <CharacterOffsetEnd>360</CharacterOffsetEnd>
            <POS>CC</POS>
          </token>
          <token id="21">
            <word>crusader</word>
            <lemma>crusader</lemma>
            <CharacterOffsetBegin>361</CharacterOffsetBegin>
            <CharacterOffsetEnd>369</CharacterOffsetEnd>
            <POS>NN</POS>
          </token>
          <token id="22">
            <word>aggressors</word>
            <lemma>aggressor</lemma>
            <CharacterOffsetBegin>370</CharacterOffsetBegin>
            <CharacterOffsetEnd>380</CharacterOffsetEnd>
            <POS>NNS</POS>
          </token>
          <token id="23">
            <word>,</word>
            <lemma>,</lemma>
            <CharacterOffsetBegin>380</CharacterOffsetBegin>
            <CharacterOffsetEnd>381</CharacterOffsetEnd>
            <POS>,</POS>
          </token>
          <token id="24">
            <word>''</word>
            <lemma>''</lemma>
            <CharacterOffsetBegin>381</CharacterOffsetBegin>
            <CharacterOffsetEnd>382</CharacterOffsetEnd>
            <POS>''</POS>
          </token>
          <token id="25">
            <word>''</word>
            <lemma>''</lemma>
            <CharacterOffsetBegin>382</CharacterOffsetBegin>
            <CharacterOffsetEnd>383</CharacterOffsetEnd>
            <POS>''</POS>
          </token>
          <token id="26">
            <word>it</word>
            <lemma>it</lemma>
            <CharacterOffsetBegin>384</CharacterOffsetBegin>
            <CharacterOffsetEnd>386</CharacterOffsetEnd>
            <POS>PRP</POS>
          </token>
          <token id="27">
            <word>said</word>
            <lemma>say</lemma>
            <CharacterOffsetBegin>387</CharacterOffsetBegin>
            <CharacterOffsetEnd>391</CharacterOffsetEnd>
            <POS>VBD</POS>
          </token>
          <token id="28">
            <word>in</word>
            <lemma>in</lemma>
            <CharacterOffsetBegin>392</CharacterOffsetBegin>
            <CharacterOffsetEnd>394</CharacterOffsetEnd>
            <POS>IN</POS>
          </token>
          <token id="29">
            <word>a</word>
            <lemma>a</lemma>
            <CharacterOffsetBegin>395</CharacterOffsetBegin>
            <CharacterOffsetEnd>396</CharacterOffsetEnd>
            <POS>DT</POS>
          </token>
          <token id="30">
            <word>written</word>
            <lemma>write</lemma>
            <CharacterOffsetBegin>397</CharacterOffsetBegin>
            <CharacterOffsetEnd>404</CharacterOffsetEnd>
            <POS>VBN</POS>
          </token>
          <token id="31">
            <word>news</word>
            <lemma>news</lemma>
            <CharacterOffsetBegin>405</CharacterOffsetBegin>
            <CharacterOffsetEnd>409</CharacterOffsetEnd>
            <POS>NN</POS>
          </token>
          <token id="32">
            <word>flash</word>
            <lemma>flash</lemma>
            <CharacterOffsetBegin>410</CharacterOffsetBegin>
            <CharacterOffsetEnd>415</CharacterOffsetEnd>
            <POS>NN</POS>
          </token>
          <token id="33">
            <word>.</word>
            <lemma>.</lemma>
            <CharacterOffsetBegin>415</CharacterOffsetBegin>
            <CharacterOffsetEnd>416</CharacterOffsetEnd>
            <POS>.</POS>
          </token>
        </tokens>
      </sentence>
      <sentence id="4">
        <tokens>
          <token id="1">
            <word>Khoms</word>
            <lemma>Khoms</lemma>
            <CharacterOffsetBegin>417</CharacterOffsetBegin>
            <CharacterOffsetEnd>422</CharacterOffsetEnd>
            <POS>NNP</POS>
          </token>
          <token id="2">
            <word>is</word>
            <lemma>be</lemma>
            <CharacterOffsetBegin>423</CharacterOffsetBegin>
            <CharacterOffsetEnd>425</CharacterOffsetEnd>
            <POS>VBZ</POS>
          </token>
          <token id="3">
            <word>about</word>
            <lemma>about</lemma>
            <CharacterOffsetBegin>426</CharacterOffsetBegin>
            <CharacterOffsetEnd>431</CharacterOffsetEnd>
            <POS>IN</POS>
          </token>
          <token id="4">
            <word>about</word>
            <lemma>about</lemma>
            <CharacterOffsetBegin>432</CharacterOffsetBegin>
            <CharacterOffsetEnd>437</CharacterOffsetEnd>
            <POS>RB</POS>
          </token>
          <token id="5">
            <word>100</word>
            <lemma>100</lemma>
            <CharacterOffsetBegin>438</CharacterOffsetBegin>
            <CharacterOffsetEnd>441</CharacterOffsetEnd>
            <POS>CD</POS>
          </token>
          <token id="6">
            <word>km</word>
            <lemma>km</lemma>
            <CharacterOffsetBegin>442</CharacterOffsetBegin>
            <CharacterOffsetEnd>444</CharacterOffsetEnd>
            <POS>NN</POS>
          </token>
          <token id="7">
            <word>-LRB-</word>
            <lemma>-lrb-</lemma>
            <CharacterOffsetBegin>445</CharacterOffsetBegin>
            <CharacterOffsetEnd>446</CharacterOffsetEnd>
            <POS>-LRB-</POS>
          </token>
          <token id="8">
            <word>60</word>
            <lemma>60</lemma>
            <CharacterOffsetBegin>446</CharacterOffsetBegin>
            <CharacterOffsetEnd>448</CharacterOffsetEnd>
            <POS>CD</POS>
          </token>
          <token id="9">
            <word>miles</word>
            <lemma>mile</lemma>
            <CharacterOffsetBegin>449</CharacterOffsetBegin>
            <CharacterOffsetEnd>454</CharacterOffsetEnd>
            <POS>NNS</POS>
          </token>
          <token id="10">
            <word>-RRB-</word>
            <lemma>-rrb-</lemma>
            <CharacterOffsetBegin>454</CharacterOffsetBegin>
            <CharacterOffsetEnd>455</CharacterOffsetEnd>
            <POS>-RRB-</POS>
          </token>
          <token id="11">
            <word>east</word>
            <lemma>east</lemma>
            <CharacterOffsetBegin>456</CharacterOffsetBegin>
            <CharacterOffsetEnd>460</CharacterOffsetEnd>
            <POS>JJ</POS>
          </token>
          <token id="12">
            <word>of</word>
            <lemma>of</lemma>
            <CharacterOffsetBegin>461</CharacterOffsetBegin>
            <CharacterOffsetEnd>463</CharacterOffsetEnd>
            <POS>IN</POS>
          </token>
          <token id="13">
            <word>Tripoli</word>
            <lemma>Tripoli</lemma>
            <CharacterOffsetBegin>464</CharacterOffsetBegin>
            <CharacterOffsetEnd>471</CharacterOffsetEnd>
            <POS>NNP</POS>
          </token>
          <token id="14">
            <word>while</word>
            <lemma>while</lemma>
            <CharacterOffsetBegin>472</CharacterOffsetBegin>
            <CharacterOffsetEnd>477</CharacterOffsetEnd>
            <POS>IN</POS>
          </token>
          <token id="15">
            <word>Arrujban</word>
            <lemma>Arrujban</lemma>
            <CharacterOffsetBegin>478</CharacterOffsetBegin>
            <CharacterOffsetEnd>486</CharacterOffsetEnd>
            <POS>NNP</POS>
          </token>
          <token id="16">
            <word>lies</word>
            <lemma>lie</lemma>
            <CharacterOffsetBegin>487</CharacterOffsetBegin>
            <CharacterOffsetEnd>491</CharacterOffsetEnd>
            <POS>VBZ</POS>
          </token>
          <token id="17">
            <word>is</word>
            <lemma>be</lemma>
            <CharacterOffsetBegin>492</CharacterOffsetBegin>
            <CharacterOffsetEnd>494</CharacterOffsetEnd>
            <POS>VBZ</POS>
          </token>
          <token id="18">
            <word>about</word>
            <lemma>about</lemma>
            <CharacterOffsetBegin>495</CharacterOffsetBegin>
            <CharacterOffsetEnd>500</CharacterOffsetEnd>
            <POS>IN</POS>
          </token>
          <token id="19">
            <word>190</word>
            <lemma>190</lemma>
            <CharacterOffsetBegin>501</CharacterOffsetBegin>
            <CharacterOffsetEnd>504</CharacterOffsetEnd>
            <POS>CD</POS>
          </token>
          <token id="20">
            <word>km</word>
            <lemma>km</lemma>
            <CharacterOffsetBegin>505</CharacterOffsetBegin>
            <CharacterOffsetEnd>507</CharacterOffsetEnd>
            <POS>NN</POS>
          </token>
          <token id="21">
            <word>southwest</word>
            <lemma>southwest</lemma>
            <CharacterOffsetBegin>508</CharacterOffsetBegin>
            <CharacterOffsetEnd>517</CharacterOffsetEnd>
            <POS>NN</POS>
          </token>
          <token id="22">
            <word>of</word>
            <lemma>of</lemma>
            <CharacterOffsetBegin>518</CharacterOffsetBegin>
            <CharacterOffsetEnd>520</CharacterOffsetEnd>
            <POS>IN</POS>
          </token>
          <token id="23">
            <word>the</word>
            <lemma>the</lemma>
            <CharacterOffsetBegin>521</CharacterOffsetBegin>
            <CharacterOffsetEnd>524</CharacterOffsetEnd>
            <POS>DT</POS>
          </token>
          <token id="24">
            <word>capital</word>
            <lemma>capital</lemma>
            <CharacterOffsetBegin>525</CharacterOffsetBegin>
            <CharacterOffsetEnd>532</CharacterOffsetEnd>
            <POS>NN</POS>
          </token>
          <token id="25">
            <word>.</word>
            <lemma>.</lemma>
            <CharacterOffsetBegin>532</CharacterOffsetBegin>
            <CharacterOffsetEnd>533</CharacterOffsetEnd>
            <POS>.</POS>
          </token>
        </tokens>
      </sentence>
      <sentence id="5">
        <tokens>
          <token id="1">
            <word>-LRB-</word>
            <lemma>-lrb-</lemma>
            <CharacterOffsetBegin>534</CharacterOffsetBegin>
            <CharacterOffsetEnd>535</CharacterOffsetEnd>
            <POS>-LRB-</POS>
          </token>
          <token id="2">
            <word>Reporting</word>
            <lemma>Reporting</lemma>
            <CharacterOffsetBegin>535</CharacterOffsetBegin>
            <CharacterOffsetEnd>544</CharacterOffsetEnd>
            <POS>NNP</POS>
          </token>
          <token id="3">
            <word>by</word>
            <lemma>by</lemma>
            <CharacterOffsetBegin>545</CharacterOffsetBegin>
            <CharacterOffsetEnd>547</CharacterOffsetEnd>
            <POS>IN</POS>
          </token>
          <token id="4">
            <word>Joseph</word>
            <lemma>Joseph</lemma>
            <CharacterOffsetBegin>548</CharacterOffsetBegin>
            <CharacterOffsetEnd>554</CharacterOffsetEnd>
            <POS>NNP</POS>
          </token>
          <token id="5">
            <word>Nasr</word>
            <lemma>Nasr</lemma>
            <CharacterOffsetBegin>555</CharacterOffsetBegin>
            <CharacterOffsetEnd>559</CharacterOffsetEnd>
            <POS>NNP</POS>
          </token>
          <token id="6">
            <word>;</word>
            <lemma>;</lemma>
            <CharacterOffsetBegin>559</CharacterOffsetBegin>
            <CharacterOffsetEnd>560</CharacterOffsetEnd>
            <POS>:</POS>
          </token>
          <token id="7">
            <word>Writing</word>
            <lemma>write</lemma>
            <CharacterOffsetBegin>561</CharacterOffsetBegin>
            <CharacterOffsetEnd>568</CharacterOffsetEnd>
            <POS>VBG</POS>
          </token>
          <token id="8">
            <word>by</word>
            <lemma>by</lemma>
            <CharacterOffsetBegin>569</CharacterOffsetBegin>
            <CharacterOffsetEnd>571</CharacterOffsetEnd>
            <POS>IN</POS>
          </token>
          <token id="9">
            <word>Marie-Louise</word>
            <lemma>Marie-Louise</lemma>
            <CharacterOffsetBegin>572</CharacterOffsetBegin>
            <CharacterOffsetEnd>584</CharacterOffsetEnd>
            <POS>NNP</POS>
          </token>
          <token id="10">
            <word>Gumuchian</word>
            <lemma>Gumuchian</lemma>
            <CharacterOffsetBegin>585</CharacterOffsetBegin>
            <CharacterOffsetEnd>594</CharacterOffsetEnd>
            <POS>NNP</POS>
          </token>
          <token id="11">
            <word>;</word>
            <lemma>;</lemma>
            <CharacterOffsetBegin>594</CharacterOffsetBegin>
            <CharacterOffsetEnd>595</CharacterOffsetEnd>
            <POS>:</POS>
          </token>
          <token id="12">
            <word>Editing</word>
            <lemma>editing</lemma>
            <CharacterOffsetBegin>596</CharacterOffsetBegin>
            <CharacterOffsetEnd>603</CharacterOffsetEnd>
            <POS>NN</POS>
          </token>
          <token id="13">
            <word>by</word>
            <lemma>by</lemma>
            <CharacterOffsetBegin>604</CharacterOffsetBegin>
            <CharacterOffsetEnd>606</CharacterOffsetEnd>
            <POS>IN</POS>
          </token>
          <token id="14">
            <word>Andrew</word>
            <lemma>Andrew</lemma>
            <CharacterOffsetBegin>607</CharacterOffsetBegin>
            <CharacterOffsetEnd>613</CharacterOffsetEnd>
            <POS>NNP</POS>
          </token>
          <token id="15">
            <word>Dobbie</word>
            <lemma>Dobbie</lemma>
            <CharacterOffsetBegin>614</CharacterOffsetBegin>
            <CharacterOffsetEnd>620</CharacterOffsetEnd>
            <POS>NNP</POS>
          </token>
          <token id="16">
            <word>-RRB-</word>
            <lemma>-rrb-</lemma>
            <CharacterOffsetBegin>620</CharacterOffsetBegin>
            <CharacterOffsetEnd>621</CharacterOffsetEnd>
            <POS>-RRB-</POS>
          </token>
        </tokens>
      </sentence>
    </sentences>
  </document>
</root>
