<?xml version="1.0" encoding="UTF-8"?>
<?xml-stylesheet href="CoreNLP-to-HTML.xsl" type="text/xsl"?>
<root>
  <document>
    <sentences>
      <sentence id="1">
        <tokens>
          <token id="1">
            <word>Tea</word>
            <lemma>Tea</lemma>
            <CharacterOffsetBegin>0</CharacterOffsetBegin>
            <CharacterOffsetEnd>3</CharacterOffsetEnd>
            <POS>NNP</POS>
          </token>
          <token id="2">
            <word>Party</word>
            <lemma>Party</lemma>
            <CharacterOffsetBegin>4</CharacterOffsetBegin>
            <CharacterOffsetEnd>9</CharacterOffsetEnd>
            <POS>NNP</POS>
          </token>
          <token id="3">
            <word>Blocks</word>
            <lemma>Blocks</lemma>
            <CharacterOffsetBegin>10</CharacterOffsetBegin>
            <CharacterOffsetEnd>16</CharacterOffsetEnd>
            <POS>NNP</POS>
          </token>
          <token id="4">
            <word>Health-Care</word>
            <lemma>Health-Care</lemma>
            <CharacterOffsetBegin>17</CharacterOffsetBegin>
            <CharacterOffsetEnd>28</CharacterOffsetEnd>
            <POS>NNP</POS>
          </token>
          <token id="5">
            <word>Implementation</word>
            <lemma>Implementation</lemma>
            <CharacterOffsetBegin>29</CharacterOffsetBegin>
            <CharacterOffsetEnd>43</CharacterOffsetEnd>
            <POS>NNP</POS>
          </token>
        </tokens>
      </sentence>
      <sentence id="2">
        <tokens>
          <token id="1">
            <word>Ron</word>
            <lemma>Ron</lemma>
            <CharacterOffsetBegin>45</CharacterOffsetBegin>
            <CharacterOffsetEnd>48</CharacterOffsetEnd>
            <POS>NNP</POS>
          </token>
          <token id="2">
            <word>Lamkey</word>
            <lemma>Lamkey</lemma>
            <CharacterOffsetBegin>49</CharacterOffsetBegin>
            <CharacterOffsetEnd>55</CharacterOffsetEnd>
            <POS>NNP</POS>
          </token>
          <token id="3">
            <word>/</word>
            <lemma>/</lemma>
            <CharacterOffsetBegin>56</CharacterOffsetBegin>
            <CharacterOffsetEnd>57</CharacterOffsetEnd>
            <POS>:</POS>
          </token>
          <token id="4">
            <word>Getty</word>
            <lemma>Getty</lemma>
            <CharacterOffsetBegin>58</CharacterOffsetBegin>
            <CharacterOffsetEnd>63</CharacterOffsetEnd>
            <POS>NNP</POS>
          </token>
          <token id="5">
            <word>Images</word>
            <lemma>Images</lemma>
            <CharacterOffsetBegin>64</CharacterOffsetBegin>
            <CharacterOffsetEnd>70</CharacterOffsetEnd>
            <POS>NNPS</POS>
          </token>
          <token id="6">
            <word>Hate</word>
            <lemma>hate</lemma>
            <CharacterOffsetBegin>71</CharacterOffsetBegin>
            <CharacterOffsetEnd>75</CharacterOffsetEnd>
            <POS>VBP</POS>
          </token>
          <token id="7">
            <word>the</word>
            <lemma>the</lemma>
            <CharacterOffsetBegin>76</CharacterOffsetBegin>
            <CharacterOffsetEnd>79</CharacterOffsetEnd>
            <POS>DT</POS>
          </token>
          <token id="8">
            <word>health-care</word>
            <lemma>health-care</lemma>
            <CharacterOffsetBegin>80</CharacterOffsetBegin>
            <CharacterOffsetEnd>91</CharacterOffsetEnd>
            <POS>NN</POS>
          </token>
          <token id="9">
            <word>law</word>
            <lemma>law</lemma>
            <CharacterOffsetBegin>92</CharacterOffsetBegin>
            <CharacterOffsetEnd>95</CharacterOffsetEnd>
            <POS>NN</POS>
          </token>
          <token id="10">
            <word>?</word>
            <lemma>?</lemma>
            <CharacterOffsetBegin>95</CharacterOffsetBegin>
            <CharacterOffsetEnd>96</CharacterOffsetEnd>
            <POS>.</POS>
          </token>
        </tokens>
      </sentence>
      <sentence id="3">
        <tokens>
          <token id="1">
            <word>The</word>
            <lemma>the</lemma>
            <CharacterOffsetBegin>97</CharacterOffsetBegin>
            <CharacterOffsetEnd>100</CharacterOffsetEnd>
            <POS>DT</POS>
          </token>
          <token id="2">
            <word>Tea</word>
            <lemma>Tea</lemma>
            <CharacterOffsetBegin>101</CharacterOffsetBegin>
            <CharacterOffsetEnd>104</CharacterOffsetEnd>
            <POS>NNP</POS>
          </token>
          <token id="3">
            <word>Party</word>
            <lemma>Party</lemma>
            <CharacterOffsetBegin>105</CharacterOffsetBegin>
            <CharacterOffsetEnd>110</CharacterOffsetEnd>
            <POS>NNP</POS>
          </token>
          <token id="4">
            <word>has</word>
            <lemma>have</lemma>
            <CharacterOffsetBegin>111</CharacterOffsetBegin>
            <CharacterOffsetEnd>114</CharacterOffsetEnd>
            <POS>VBZ</POS>
          </token>
          <token id="5">
            <word>come</word>
            <lemma>come</lemma>
            <CharacterOffsetBegin>115</CharacterOffsetBegin>
            <CharacterOffsetEnd>119</CharacterOffsetEnd>
            <POS>VBN</POS>
          </token>
          <token id="6">
            <word>up</word>
            <lemma>up</lemma>
            <CharacterOffsetBegin>120</CharacterOffsetBegin>
            <CharacterOffsetEnd>122</CharacterOffsetEnd>
            <POS>RP</POS>
          </token>
          <token id="7">
            <word>with</word>
            <lemma>with</lemma>
            <CharacterOffsetBegin>123</CharacterOffsetBegin>
            <CharacterOffsetEnd>127</CharacterOffsetEnd>
            <POS>IN</POS>
          </token>
          <token id="8">
            <word>a</word>
            <lemma>a</lemma>
            <CharacterOffsetBegin>128</CharacterOffsetBegin>
            <CharacterOffsetEnd>129</CharacterOffsetEnd>
            <POS>DT</POS>
          </token>
          <token id="9">
            <word>solution</word>
            <lemma>solution</lemma>
            <CharacterOffsetBegin>130</CharacterOffsetBegin>
            <CharacterOffsetEnd>138</CharacterOffsetEnd>
            <POS>NN</POS>
          </token>
          <token id="10">
            <word>:</word>
            <lemma>:</lemma>
            <CharacterOffsetBegin>138</CharacterOffsetBegin>
            <CharacterOffsetEnd>139</CharacterOffsetEnd>
            <POS>:</POS>
          </token>
          <token id="11">
            <word>block</word>
            <lemma>block</lemma>
            <CharacterOffsetBegin>140</CharacterOffsetBegin>
            <CharacterOffsetEnd>145</CharacterOffsetEnd>
            <POS>VB</POS>
          </token>
          <token id="12">
            <word>any</word>
            <lemma>any</lemma>
            <CharacterOffsetBegin>146</CharacterOffsetBegin>
            <CharacterOffsetEnd>149</CharacterOffsetEnd>
            <POS>DT</POS>
          </token>
          <token id="13">
            <word>implementation</word>
            <lemma>implementation</lemma>
            <CharacterOffsetBegin>150</CharacterOffsetBegin>
            <CharacterOffsetEnd>164</CharacterOffsetEnd>
            <POS>NN</POS>
          </token>
          <token id="14">
            <word>of</word>
            <lemma>of</lemma>
            <CharacterOffsetBegin>165</CharacterOffsetBegin>
            <CharacterOffsetEnd>167</CharacterOffsetEnd>
            <POS>IN</POS>
          </token>
          <token id="15">
            <word>health-care</word>
            <lemma>health-care</lemma>
            <CharacterOffsetBegin>168</CharacterOffsetBegin>
            <CharacterOffsetEnd>179</CharacterOffsetEnd>
            <POS>NN</POS>
          </token>
          <token id="16">
            <word>reform</word>
            <lemma>reform</lemma>
            <CharacterOffsetBegin>180</CharacterOffsetBegin>
            <CharacterOffsetEnd>186</CharacterOffsetEnd>
            <POS>NN</POS>
          </token>
          <token id="17">
            <word>,</word>
            <lemma>,</lemma>
            <CharacterOffsetBegin>186</CharacterOffsetBegin>
            <CharacterOffsetEnd>187</CharacterOffsetEnd>
            <POS>,</POS>
          </token>
          <token id="18">
            <word>much</word>
            <lemma>much</lemma>
            <CharacterOffsetBegin>188</CharacterOffsetBegin>
            <CharacterOffsetEnd>192</CharacterOffsetEnd>
            <POS>JJ</POS>
          </token>
          <token id="19">
            <word>to</word>
            <lemma>to</lemma>
            <CharacterOffsetBegin>193</CharacterOffsetBegin>
            <CharacterOffsetEnd>195</CharacterOffsetEnd>
            <POS>TO</POS>
          </token>
          <token id="20">
            <word>the</word>
            <lemma>the</lemma>
            <CharacterOffsetBegin>196</CharacterOffsetBegin>
            <CharacterOffsetEnd>199</CharacterOffsetEnd>
            <POS>DT</POS>
          </token>
          <token id="21">
            <word>frustration</word>
            <lemma>frustration</lemma>
            <CharacterOffsetBegin>200</CharacterOffsetBegin>
            <CharacterOffsetEnd>211</CharacterOffsetEnd>
            <POS>NN</POS>
          </token>
          <token id="22">
            <word>of</word>
            <lemma>of</lemma>
            <CharacterOffsetBegin>212</CharacterOffsetBegin>
            <CharacterOffsetEnd>214</CharacterOffsetEnd>
            <POS>IN</POS>
          </token>
          <token id="23">
            <word>state</word>
            <lemma>state</lemma>
            <CharacterOffsetBegin>215</CharacterOffsetBegin>
            <CharacterOffsetEnd>220</CharacterOffsetEnd>
            <POS>NN</POS>
          </token>
          <token id="24">
            <word>lawmakers</word>
            <lemma>lawmaker</lemma>
            <CharacterOffsetBegin>221</CharacterOffsetBegin>
            <CharacterOffsetEnd>230</CharacterOffsetEnd>
            <POS>NNS</POS>
          </token>
          <token id="25">
            <word>from</word>
            <lemma>from</lemma>
            <CharacterOffsetBegin>231</CharacterOffsetBegin>
            <CharacterOffsetEnd>235</CharacterOffsetEnd>
            <POS>IN</POS>
          </token>
          <token id="26">
            <word>both</word>
            <lemma>both</lemma>
            <CharacterOffsetBegin>236</CharacterOffsetBegin>
            <CharacterOffsetEnd>240</CharacterOffsetEnd>
            <POS>DT</POS>
          </token>
          <token id="27">
            <word>parties</word>
            <lemma>party</lemma>
            <CharacterOffsetBegin>241</CharacterOffsetBegin>
            <CharacterOffsetEnd>248</CharacterOffsetEnd>
            <POS>NNS</POS>
          </token>
          <token id="28">
            <word>.</word>
            <lemma>.</lemma>
            <CharacterOffsetBegin>248</CharacterOffsetBegin>
            <CharacterOffsetEnd>249</CharacterOffsetEnd>
            <POS>.</POS>
          </token>
        </tokens>
      </sentence>
      <sentence id="4">
        <tokens>
          <token id="1">
            <word>``</word>
            <lemma>``</lemma>
            <CharacterOffsetBegin>250</CharacterOffsetBegin>
            <CharacterOffsetEnd>251</CharacterOffsetEnd>
            <POS>``</POS>
          </token>
          <token id="2">
            <word>They</word>
            <lemma>they</lemma>
            <CharacterOffsetBegin>251</CharacterOffsetBegin>
            <CharacterOffsetEnd>255</CharacterOffsetEnd>
            <POS>PRP</POS>
          </token>
          <token id="3">
            <word>'ve</word>
            <lemma>have</lemma>
            <CharacterOffsetBegin>255</CharacterOffsetBegin>
            <CharacterOffsetEnd>258</CharacterOffsetEnd>
            <POS>VBP</POS>
          </token>
          <token id="4">
            <word>basically</word>
            <lemma>basically</lemma>
            <CharacterOffsetBegin>259</CharacterOffsetBegin>
            <CharacterOffsetEnd>268</CharacterOffsetEnd>
            <POS>RB</POS>
          </token>
          <token id="5">
            <word>handed</word>
            <lemma>hand</lemma>
            <CharacterOffsetBegin>269</CharacterOffsetBegin>
            <CharacterOffsetEnd>275</CharacterOffsetEnd>
            <POS>VBN</POS>
          </token>
          <token id="6">
            <word>off</word>
            <lemma>off</lemma>
            <CharacterOffsetBegin>276</CharacterOffsetBegin>
            <CharacterOffsetEnd>279</CharacterOffsetEnd>
            <POS>RP</POS>
          </token>
          <token id="7">
            <word>the</word>
            <lemma>the</lemma>
            <CharacterOffsetBegin>280</CharacterOffsetBegin>
            <CharacterOffsetEnd>283</CharacterOffsetEnd>
            <POS>DT</POS>
          </token>
          <token id="8">
            <word>health</word>
            <lemma>health</lemma>
            <CharacterOffsetBegin>284</CharacterOffsetBegin>
            <CharacterOffsetEnd>290</CharacterOffsetEnd>
            <POS>NN</POS>
          </token>
          <token id="9">
            <word>exchange</word>
            <lemma>exchange</lemma>
            <CharacterOffsetBegin>291</CharacterOffsetBegin>
            <CharacterOffsetEnd>299</CharacterOffsetEnd>
            <POS>NN</POS>
          </token>
          <token id="10">
            <word>to</word>
            <lemma>to</lemma>
            <CharacterOffsetBegin>300</CharacterOffsetBegin>
            <CharacterOffsetEnd>302</CharacterOffsetEnd>
            <POS>TO</POS>
          </token>
          <token id="11">
            <word>the</word>
            <lemma>the</lemma>
            <CharacterOffsetBegin>303</CharacterOffsetBegin>
            <CharacterOffsetEnd>306</CharacterOffsetEnd>
            <POS>DT</POS>
          </token>
          <token id="12">
            <word>federal</word>
            <lemma>federal</lemma>
            <CharacterOffsetBegin>307</CharacterOffsetBegin>
            <CharacterOffsetEnd>314</CharacterOffsetEnd>
            <POS>JJ</POS>
          </token>
          <token id="13">
            <word>government</word>
            <lemma>government</lemma>
            <CharacterOffsetBegin>315</CharacterOffsetBegin>
            <CharacterOffsetEnd>325</CharacterOffsetEnd>
            <POS>NN</POS>
          </token>
          <token id="14">
            <word>,</word>
            <lemma>,</lemma>
            <CharacterOffsetBegin>325</CharacterOffsetBegin>
            <CharacterOffsetEnd>326</CharacterOffsetEnd>
            <POS>,</POS>
          </token>
          <token id="15">
            <word>''</word>
            <lemma>''</lemma>
            <CharacterOffsetBegin>326</CharacterOffsetBegin>
            <CharacterOffsetEnd>327</CharacterOffsetEnd>
            <POS>''</POS>
          </token>
          <token id="16">
            <word>said</word>
            <lemma>say</lemma>
            <CharacterOffsetBegin>328</CharacterOffsetBegin>
            <CharacterOffsetEnd>332</CharacterOffsetEnd>
            <POS>VBD</POS>
          </token>
          <token id="17">
            <word>Montana</word>
            <lemma>Montana</lemma>
            <CharacterOffsetBegin>333</CharacterOffsetBegin>
            <CharacterOffsetEnd>340</CharacterOffsetEnd>
            <POS>NNP</POS>
          </token>
          <token id="18">
            <word>Insurance</word>
            <lemma>Insurance</lemma>
            <CharacterOffsetBegin>341</CharacterOffsetBegin>
            <CharacterOffsetEnd>350</CharacterOffsetEnd>
            <POS>NNP</POS>
          </token>
          <token id="19">
            <word>Commissioner</word>
            <lemma>Commissioner</lemma>
            <CharacterOffsetBegin>351</CharacterOffsetBegin>
            <CharacterOffsetEnd>363</CharacterOffsetEnd>
            <POS>NNP</POS>
          </token>
          <token id="20">
            <word>Monica</word>
            <lemma>Monica</lemma>
            <CharacterOffsetBegin>364</CharacterOffsetBegin>
            <CharacterOffsetEnd>370</CharacterOffsetEnd>
            <POS>NNP</POS>
          </token>
          <token id="21">
            <word>Lindeen</word>
            <lemma>Lindeen</lemma>
            <CharacterOffsetBegin>371</CharacterOffsetBegin>
            <CharacterOffsetEnd>378</CharacterOffsetEnd>
            <POS>NNP</POS>
          </token>
          <token id="22">
            <word>,</word>
            <lemma>,</lemma>
            <CharacterOffsetBegin>378</CharacterOffsetBegin>
            <CharacterOffsetEnd>379</CharacterOffsetEnd>
            <POS>,</POS>
          </token>
          <token id="23">
            <word>a</word>
            <lemma>a</lemma>
            <CharacterOffsetBegin>380</CharacterOffsetBegin>
            <CharacterOffsetEnd>381</CharacterOffsetEnd>
            <POS>DT</POS>
          </token>
          <token id="24">
            <word>Democrat</word>
            <lemma>Democrat</lemma>
            <CharacterOffsetBegin>382</CharacterOffsetBegin>
            <CharacterOffsetEnd>390</CharacterOffsetEnd>
            <POS>NNP</POS>
          </token>
          <token id="25">
            <word>,</word>
            <lemma>,</lemma>
            <CharacterOffsetBegin>390</CharacterOffsetBegin>
            <CharacterOffsetEnd>391</CharacterOffsetEnd>
            <POS>,</POS>
          </token>
          <token id="26">
            <word>about</word>
            <lemma>about</lemma>
            <CharacterOffsetBegin>392</CharacterOffsetBegin>
            <CharacterOffsetEnd>397</CharacterOffsetEnd>
            <POS>IN</POS>
          </token>
          <token id="27">
            <word>the</word>
            <lemma>the</lemma>
            <CharacterOffsetBegin>398</CharacterOffsetBegin>
            <CharacterOffsetEnd>401</CharacterOffsetEnd>
            <POS>DT</POS>
          </token>
          <token id="28">
            <word>Tea</word>
            <lemma>Tea</lemma>
            <CharacterOffsetBegin>402</CharacterOffsetBegin>
            <CharacterOffsetEnd>405</CharacterOffsetEnd>
            <POS>NNP</POS>
          </token>
          <token id="29">
            <word>Party</word>
            <lemma>Party</lemma>
            <CharacterOffsetBegin>406</CharacterOffsetBegin>
            <CharacterOffsetEnd>411</CharacterOffsetEnd>
            <POS>NNP</POS>
          </token>
          <token id="30">
            <word>legislators</word>
            <lemma>legislator</lemma>
            <CharacterOffsetBegin>412</CharacterOffsetBegin>
            <CharacterOffsetEnd>423</CharacterOffsetEnd>
            <POS>NNS</POS>
          </token>
          <token id="31">
            <word>who</word>
            <lemma>who</lemma>
            <CharacterOffsetBegin>424</CharacterOffsetBegin>
            <CharacterOffsetEnd>427</CharacterOffsetEnd>
            <POS>WP</POS>
          </token>
          <token id="32">
            <word>have</word>
            <lemma>have</lemma>
            <CharacterOffsetBegin>428</CharacterOffsetBegin>
            <CharacterOffsetEnd>432</CharacterOffsetEnd>
            <POS>VBP</POS>
          </token>
          <token id="33">
            <word>managed</word>
            <lemma>manage</lemma>
            <CharacterOffsetBegin>433</CharacterOffsetBegin>
            <CharacterOffsetEnd>440</CharacterOffsetEnd>
            <POS>VBN</POS>
          </token>
          <token id="34">
            <word>to</word>
            <lemma>to</lemma>
            <CharacterOffsetBegin>441</CharacterOffsetBegin>
            <CharacterOffsetEnd>443</CharacterOffsetEnd>
            <POS>TO</POS>
          </token>
          <token id="35">
            <word>hamper</word>
            <lemma>hamper</lemma>
            <CharacterOffsetBegin>444</CharacterOffsetBegin>
            <CharacterOffsetEnd>450</CharacterOffsetEnd>
            <POS>VB</POS>
          </token>
          <token id="36">
            <word>the</word>
            <lemma>the</lemma>
            <CharacterOffsetBegin>451</CharacterOffsetBegin>
            <CharacterOffsetEnd>454</CharacterOffsetEnd>
            <POS>DT</POS>
          </token>
          <token id="37">
            <word>reforms</word>
            <lemma>reform</lemma>
            <CharacterOffsetBegin>455</CharacterOffsetBegin>
            <CharacterOffsetEnd>462</CharacterOffsetEnd>
            <POS>NNS</POS>
          </token>
          <token id="38">
            <word>.</word>
            <lemma>.</lemma>
            <CharacterOffsetBegin>462</CharacterOffsetBegin>
            <CharacterOffsetEnd>463</CharacterOffsetEnd>
            <POS>.</POS>
          </token>
        </tokens>
      </sentence>
      <sentence id="5">
        <tokens>
          <token id="1">
            <word>In</word>
            <lemma>in</lemma>
            <CharacterOffsetBegin>464</CharacterOffsetBegin>
            <CharacterOffsetEnd>466</CharacterOffsetEnd>
            <POS>IN</POS>
          </token>
          <token id="2">
            <word>Lindeen</word>
            <lemma>Lindeen</lemma>
            <CharacterOffsetBegin>467</CharacterOffsetBegin>
            <CharacterOffsetEnd>474</CharacterOffsetEnd>
            <POS>NNP</POS>
          </token>
          <token id="3">
            <word>'s</word>
            <lemma>'s</lemma>
            <CharacterOffsetBegin>474</CharacterOffsetBegin>
            <CharacterOffsetEnd>476</CharacterOffsetEnd>
            <POS>POS</POS>
          </token>
          <token id="4">
            <word>own</word>
            <lemma>own</lemma>
            <CharacterOffsetBegin>477</CharacterOffsetBegin>
            <CharacterOffsetEnd>480</CharacterOffsetEnd>
            <POS>JJ</POS>
          </token>
          <token id="5">
            <word>state</word>
            <lemma>state</lemma>
            <CharacterOffsetBegin>481</CharacterOffsetBegin>
            <CharacterOffsetEnd>486</CharacterOffsetEnd>
            <POS>NN</POS>
          </token>
          <token id="6">
            <word>,</word>
            <lemma>,</lemma>
            <CharacterOffsetBegin>486</CharacterOffsetBegin>
            <CharacterOffsetEnd>487</CharacterOffsetEnd>
            <POS>,</POS>
          </token>
          <token id="7">
            <word>for</word>
            <lemma>for</lemma>
            <CharacterOffsetBegin>488</CharacterOffsetBegin>
            <CharacterOffsetEnd>491</CharacterOffsetEnd>
            <POS>IN</POS>
          </token>
          <token id="8">
            <word>example</word>
            <lemma>example</lemma>
            <CharacterOffsetBegin>492</CharacterOffsetBegin>
            <CharacterOffsetEnd>499</CharacterOffsetEnd>
            <POS>NN</POS>
          </token>
          <token id="9">
            <word>,</word>
            <lemma>,</lemma>
            <CharacterOffsetBegin>499</CharacterOffsetBegin>
            <CharacterOffsetEnd>500</CharacterOffsetEnd>
            <POS>,</POS>
          </token>
          <token id="10">
            <word>a</word>
            <lemma>a</lemma>
            <CharacterOffsetBegin>501</CharacterOffsetBegin>
            <CharacterOffsetEnd>502</CharacterOffsetEnd>
            <POS>DT</POS>
          </token>
          <token id="11">
            <word>Republican</word>
            <lemma>Republican</lemma>
            <CharacterOffsetBegin>503</CharacterOffsetBegin>
            <CharacterOffsetEnd>513</CharacterOffsetEnd>
            <POS>NNP</POS>
          </token>
          <token id="12">
            <word>who</word>
            <lemma>who</lemma>
            <CharacterOffsetBegin>514</CharacterOffsetBegin>
            <CharacterOffsetEnd>517</CharacterOffsetEnd>
            <POS>WP</POS>
          </token>
          <token id="13">
            <word>ran</word>
            <lemma>run</lemma>
            <CharacterOffsetBegin>518</CharacterOffsetBegin>
            <CharacterOffsetEnd>521</CharacterOffsetEnd>
            <POS>VBD</POS>
          </token>
          <token id="14">
            <word>on</word>
            <lemma>on</lemma>
            <CharacterOffsetBegin>522</CharacterOffsetBegin>
            <CharacterOffsetEnd>524</CharacterOffsetEnd>
            <POS>IN</POS>
          </token>
          <token id="15">
            <word>a</word>
            <lemma>a</lemma>
            <CharacterOffsetBegin>525</CharacterOffsetBegin>
            <CharacterOffsetEnd>526</CharacterOffsetEnd>
            <POS>DT</POS>
          </token>
          <token id="16">
            <word>Tea</word>
            <lemma>Tea</lemma>
            <CharacterOffsetBegin>527</CharacterOffsetBegin>
            <CharacterOffsetEnd>530</CharacterOffsetEnd>
            <POS>NNP</POS>
          </token>
          <token id="17">
            <word>Party</word>
            <lemma>Party</lemma>
            <CharacterOffsetBegin>531</CharacterOffsetBegin>
            <CharacterOffsetEnd>536</CharacterOffsetEnd>
            <POS>NNP</POS>
          </token>
          <token id="18">
            <word>platform</word>
            <lemma>platform</lemma>
            <CharacterOffsetBegin>537</CharacterOffsetBegin>
            <CharacterOffsetEnd>545</CharacterOffsetEnd>
            <POS>NN</POS>
          </token>
          <token id="19">
            <word>has</word>
            <lemma>have</lemma>
            <CharacterOffsetBegin>546</CharacterOffsetBegin>
            <CharacterOffsetEnd>549</CharacterOffsetEnd>
            <POS>VBZ</POS>
          </token>
          <token id="20">
            <word>blocked</word>
            <lemma>block</lemma>
            <CharacterOffsetBegin>550</CharacterOffsetBegin>
            <CharacterOffsetEnd>557</CharacterOffsetEnd>
            <POS>VBN</POS>
          </token>
          <token id="21">
            <word>multiple</word>
            <lemma>multiple</lemma>
            <CharacterOffsetBegin>558</CharacterOffsetBegin>
            <CharacterOffsetEnd>566</CharacterOffsetEnd>
            <POS>JJ</POS>
          </token>
          <token id="22">
            <word>health-exchange</word>
            <lemma>health-exchange</lemma>
            <CharacterOffsetBegin>567</CharacterOffsetBegin>
            <CharacterOffsetEnd>582</CharacterOffsetEnd>
            <POS>NN</POS>
          </token>
          <token id="23">
            <word>bills</word>
            <lemma>bill</lemma>
            <CharacterOffsetBegin>583</CharacterOffsetBegin>
            <CharacterOffsetEnd>588</CharacterOffsetEnd>
            <POS>NNS</POS>
          </token>
          <token id="24">
            <word>and</word>
            <lemma>and</lemma>
            <CharacterOffsetBegin>589</CharacterOffsetBegin>
            <CharacterOffsetEnd>592</CharacterOffsetEnd>
            <POS>CC</POS>
          </token>
          <token id="25">
            <word>has</word>
            <lemma>have</lemma>
            <CharacterOffsetBegin>593</CharacterOffsetBegin>
            <CharacterOffsetEnd>596</CharacterOffsetEnd>
            <POS>VBZ</POS>
          </token>
          <token id="26">
            <word>worked</word>
            <lemma>work</lemma>
            <CharacterOffsetBegin>597</CharacterOffsetBegin>
            <CharacterOffsetEnd>603</CharacterOffsetEnd>
            <POS>VBN</POS>
          </token>
          <token id="27">
            <word>to</word>
            <lemma>to</lemma>
            <CharacterOffsetBegin>604</CharacterOffsetBegin>
            <CharacterOffsetEnd>606</CharacterOffsetEnd>
            <POS>TO</POS>
          </token>
          <token id="28">
            <word>create</word>
            <lemma>create</lemma>
            <CharacterOffsetBegin>607</CharacterOffsetBegin>
            <CharacterOffsetEnd>613</CharacterOffsetEnd>
            <POS>VB</POS>
          </token>
          <token id="29">
            <word>legislation</word>
            <lemma>legislation</lemma>
            <CharacterOffsetBegin>614</CharacterOffsetBegin>
            <CharacterOffsetEnd>625</CharacterOffsetEnd>
            <POS>NN</POS>
          </token>
          <token id="30">
            <word>that</word>
            <lemma>that</lemma>
            <CharacterOffsetBegin>626</CharacterOffsetBegin>
            <CharacterOffsetEnd>630</CharacterOffsetEnd>
            <POS>WDT</POS>
          </token>
          <token id="31">
            <word>would</word>
            <lemma>would</lemma>
            <CharacterOffsetBegin>631</CharacterOffsetBegin>
            <CharacterOffsetEnd>636</CharacterOffsetEnd>
            <POS>MD</POS>
          </token>
          <token id="32">
            <word>specifically</word>
            <lemma>specifically</lemma>
            <CharacterOffsetBegin>637</CharacterOffsetBegin>
            <CharacterOffsetEnd>649</CharacterOffsetEnd>
            <POS>RB</POS>
          </token>
          <token id="33">
            <word>bar</word>
            <lemma>bar</lemma>
            <CharacterOffsetBegin>650</CharacterOffsetBegin>
            <CharacterOffsetEnd>653</CharacterOffsetEnd>
            <POS>VB</POS>
          </token>
          <token id="34">
            <word>the</word>
            <lemma>the</lemma>
            <CharacterOffsetBegin>654</CharacterOffsetBegin>
            <CharacterOffsetEnd>657</CharacterOffsetEnd>
            <POS>DT</POS>
          </token>
          <token id="35">
            <word>state</word>
            <lemma>state</lemma>
            <CharacterOffsetBegin>658</CharacterOffsetBegin>
            <CharacterOffsetEnd>663</CharacterOffsetEnd>
            <POS>NN</POS>
          </token>
          <token id="36">
            <word>from</word>
            <lemma>from</lemma>
            <CharacterOffsetBegin>664</CharacterOffsetBegin>
            <CharacterOffsetEnd>668</CharacterOffsetEnd>
            <POS>IN</POS>
          </token>
          <token id="37">
            <word>setting</word>
            <lemma>set</lemma>
            <CharacterOffsetBegin>669</CharacterOffsetBegin>
            <CharacterOffsetEnd>676</CharacterOffsetEnd>
            <POS>VBG</POS>
          </token>
          <token id="38">
            <word>up</word>
            <lemma>up</lemma>
            <CharacterOffsetBegin>677</CharacterOffsetBegin>
            <CharacterOffsetEnd>679</CharacterOffsetEnd>
            <POS>RP</POS>
          </token>
          <token id="39">
            <word>the</word>
            <lemma>the</lemma>
            <CharacterOffsetBegin>680</CharacterOffsetBegin>
            <CharacterOffsetEnd>683</CharacterOffsetEnd>
            <POS>DT</POS>
          </token>
          <token id="40">
            <word>health-care</word>
            <lemma>health-care</lemma>
            <CharacterOffsetBegin>684</CharacterOffsetBegin>
            <CharacterOffsetEnd>695</CharacterOffsetEnd>
            <POS>NN</POS>
          </token>
          <token id="41">
            <word>marketplace</word>
            <lemma>marketplace</lemma>
            <CharacterOffsetBegin>696</CharacterOffsetBegin>
            <CharacterOffsetEnd>707</CharacterOffsetEnd>
            <POS>NN</POS>
          </token>
          <token id="42">
            <word>.</word>
            <lemma>.</lemma>
            <CharacterOffsetBegin>707</CharacterOffsetBegin>
            <CharacterOffsetEnd>708</CharacterOffsetEnd>
            <POS>.</POS>
          </token>
        </tokens>
      </sentence>
      <sentence id="6">
        <tokens>
          <token id="1">
            <word>According</word>
            <lemma>accord</lemma>
            <CharacterOffsetBegin>709</CharacterOffsetBegin>
            <CharacterOffsetEnd>718</CharacterOffsetEnd>
            <POS>VBG</POS>
          </token>
          <token id="2">
            <word>to</word>
            <lemma>to</lemma>
            <CharacterOffsetBegin>719</CharacterOffsetBegin>
            <CharacterOffsetEnd>721</CharacterOffsetEnd>
            <POS>TO</POS>
          </token>
          <token id="3">
            <word>the</word>
            <lemma>the</lemma>
            <CharacterOffsetBegin>722</CharacterOffsetBegin>
            <CharacterOffsetEnd>725</CharacterOffsetEnd>
            <POS>DT</POS>
          </token>
          <token id="4">
            <word>health-care</word>
            <lemma>health-care</lemma>
            <CharacterOffsetBegin>726</CharacterOffsetBegin>
            <CharacterOffsetEnd>737</CharacterOffsetEnd>
            <POS>NN</POS>
          </token>
          <token id="5">
            <word>bill</word>
            <lemma>bill</lemma>
            <CharacterOffsetBegin>738</CharacterOffsetBegin>
            <CharacterOffsetEnd>742</CharacterOffsetEnd>
            <POS>NN</POS>
          </token>
          <token id="6">
            <word>,</word>
            <lemma>,</lemma>
            <CharacterOffsetBegin>742</CharacterOffsetBegin>
            <CharacterOffsetEnd>743</CharacterOffsetEnd>
            <POS>,</POS>
          </token>
          <token id="7">
            <word>states</word>
            <lemma>state</lemma>
            <CharacterOffsetBegin>744</CharacterOffsetBegin>
            <CharacterOffsetEnd>750</CharacterOffsetEnd>
            <POS>NNS</POS>
          </token>
          <token id="8">
            <word>must</word>
            <lemma>must</lemma>
            <CharacterOffsetBegin>751</CharacterOffsetBegin>
            <CharacterOffsetEnd>755</CharacterOffsetEnd>
            <POS>MD</POS>
          </token>
          <token id="9">
            <word>implement</word>
            <lemma>implement</lemma>
            <CharacterOffsetBegin>756</CharacterOffsetBegin>
            <CharacterOffsetEnd>765</CharacterOffsetEnd>
            <POS>VB</POS>
          </token>
          <token id="10">
            <word>health-care</word>
            <lemma>health-care</lemma>
            <CharacterOffsetBegin>766</CharacterOffsetBegin>
            <CharacterOffsetEnd>777</CharacterOffsetEnd>
            <POS>NN</POS>
          </token>
          <token id="11">
            <word>reform</word>
            <lemma>reform</lemma>
            <CharacterOffsetBegin>778</CharacterOffsetBegin>
            <CharacterOffsetEnd>784</CharacterOffsetEnd>
            <POS>NN</POS>
          </token>
          <token id="12">
            <word>by</word>
            <lemma>by</lemma>
            <CharacterOffsetBegin>785</CharacterOffsetBegin>
            <CharacterOffsetEnd>787</CharacterOffsetEnd>
            <POS>IN</POS>
          </token>
          <token id="13">
            <word>2014</word>
            <lemma>2014</lemma>
            <CharacterOffsetBegin>788</CharacterOffsetBegin>
            <CharacterOffsetEnd>792</CharacterOffsetEnd>
            <POS>CD</POS>
          </token>
          <token id="14">
            <word>,</word>
            <lemma>,</lemma>
            <CharacterOffsetBegin>792</CharacterOffsetBegin>
            <CharacterOffsetEnd>793</CharacterOffsetEnd>
            <POS>,</POS>
          </token>
          <token id="15">
            <word>and</word>
            <lemma>and</lemma>
            <CharacterOffsetBegin>794</CharacterOffsetBegin>
            <CharacterOffsetEnd>797</CharacterOffsetEnd>
            <POS>CC</POS>
          </token>
          <token id="16">
            <word>if</word>
            <lemma>if</lemma>
            <CharacterOffsetBegin>798</CharacterOffsetBegin>
            <CharacterOffsetEnd>800</CharacterOffsetEnd>
            <POS>IN</POS>
          </token>
          <token id="17">
            <word>they</word>
            <lemma>they</lemma>
            <CharacterOffsetBegin>801</CharacterOffsetBegin>
            <CharacterOffsetEnd>805</CharacterOffsetEnd>
            <POS>PRP</POS>
          </token>
          <token id="18">
            <word>do</word>
            <lemma>do</lemma>
            <CharacterOffsetBegin>806</CharacterOffsetBegin>
            <CharacterOffsetEnd>808</CharacterOffsetEnd>
            <POS>VBP</POS>
          </token>
          <token id="19">
            <word>not</word>
            <lemma>not</lemma>
            <CharacterOffsetBegin>809</CharacterOffsetBegin>
            <CharacterOffsetEnd>812</CharacterOffsetEnd>
            <POS>RB</POS>
          </token>
          <token id="20">
            <word>have</word>
            <lemma>have</lemma>
            <CharacterOffsetBegin>813</CharacterOffsetBegin>
            <CharacterOffsetEnd>817</CharacterOffsetEnd>
            <POS>VB</POS>
          </token>
          <token id="21">
            <word>a</word>
            <lemma>a</lemma>
            <CharacterOffsetBegin>818</CharacterOffsetBegin>
            <CharacterOffsetEnd>819</CharacterOffsetEnd>
            <POS>DT</POS>
          </token>
          <token id="22">
            <word>system</word>
            <lemma>system</lemma>
            <CharacterOffsetBegin>820</CharacterOffsetBegin>
            <CharacterOffsetEnd>826</CharacterOffsetEnd>
            <POS>NN</POS>
          </token>
          <token id="23">
            <word>in</word>
            <lemma>in</lemma>
            <CharacterOffsetBegin>827</CharacterOffsetBegin>
            <CharacterOffsetEnd>829</CharacterOffsetEnd>
            <POS>IN</POS>
          </token>
          <token id="24">
            <word>place</word>
            <lemma>place</lemma>
            <CharacterOffsetBegin>830</CharacterOffsetBegin>
            <CharacterOffsetEnd>835</CharacterOffsetEnd>
            <POS>NN</POS>
          </token>
          <token id="25">
            <word>by</word>
            <lemma>by</lemma>
            <CharacterOffsetBegin>836</CharacterOffsetBegin>
            <CharacterOffsetEnd>838</CharacterOffsetEnd>
            <POS>IN</POS>
          </token>
          <token id="26">
            <word>2013</word>
            <lemma>2013</lemma>
            <CharacterOffsetBegin>839</CharacterOffsetBegin>
            <CharacterOffsetEnd>843</CharacterOffsetEnd>
            <POS>CD</POS>
          </token>
          <token id="27">
            <word>,</word>
            <lemma>,</lemma>
            <CharacterOffsetBegin>843</CharacterOffsetBegin>
            <CharacterOffsetEnd>844</CharacterOffsetEnd>
            <POS>,</POS>
          </token>
          <token id="28">
            <word>the</word>
            <lemma>the</lemma>
            <CharacterOffsetBegin>845</CharacterOffsetBegin>
            <CharacterOffsetEnd>848</CharacterOffsetEnd>
            <POS>DT</POS>
          </token>
          <token id="29">
            <word>federal</word>
            <lemma>federal</lemma>
            <CharacterOffsetBegin>849</CharacterOffsetBegin>
            <CharacterOffsetEnd>856</CharacterOffsetEnd>
            <POS>JJ</POS>
          </token>
          <token id="30">
            <word>government</word>
            <lemma>government</lemma>
            <CharacterOffsetBegin>857</CharacterOffsetBegin>
            <CharacterOffsetEnd>867</CharacterOffsetEnd>
            <POS>NN</POS>
          </token>
          <token id="31">
            <word>will</word>
            <lemma>will</lemma>
            <CharacterOffsetBegin>868</CharacterOffsetBegin>
            <CharacterOffsetEnd>872</CharacterOffsetEnd>
            <POS>MD</POS>
          </token>
          <token id="32">
            <word>come</word>
            <lemma>come</lemma>
            <CharacterOffsetBegin>873</CharacterOffsetBegin>
            <CharacterOffsetEnd>877</CharacterOffsetEnd>
            <POS>VB</POS>
          </token>
          <token id="33">
            <word>in</word>
            <lemma>in</lemma>
            <CharacterOffsetBegin>878</CharacterOffsetBegin>
            <CharacterOffsetEnd>880</CharacterOffsetEnd>
            <POS>IN</POS>
          </token>
          <token id="34">
            <word>and</word>
            <lemma>and</lemma>
            <CharacterOffsetBegin>881</CharacterOffsetBegin>
            <CharacterOffsetEnd>884</CharacterOffsetEnd>
            <POS>CC</POS>
          </token>
          <token id="35">
            <word>put</word>
            <lemma>put</lemma>
            <CharacterOffsetBegin>885</CharacterOffsetBegin>
            <CharacterOffsetEnd>888</CharacterOffsetEnd>
            <POS>VB</POS>
          </token>
          <token id="36">
            <word>it</word>
            <lemma>it</lemma>
            <CharacterOffsetBegin>889</CharacterOffsetBegin>
            <CharacterOffsetEnd>891</CharacterOffsetEnd>
            <POS>PRP</POS>
          </token>
          <token id="37">
            <word>in</word>
            <lemma>in</lemma>
            <CharacterOffsetBegin>892</CharacterOffsetBegin>
            <CharacterOffsetEnd>894</CharacterOffsetEnd>
            <POS>IN</POS>
          </token>
          <token id="38">
            <word>place</word>
            <lemma>place</lemma>
            <CharacterOffsetBegin>895</CharacterOffsetBegin>
            <CharacterOffsetEnd>900</CharacterOffsetEnd>
            <POS>NN</POS>
          </token>
          <token id="39">
            <word>themselves</word>
            <lemma>themselves</lemma>
            <CharacterOffsetBegin>901</CharacterOffsetBegin>
            <CharacterOffsetEnd>911</CharacterOffsetEnd>
            <POS>PRP</POS>
          </token>
          <token id="40">
            <word>.</word>
            <lemma>.</lemma>
            <CharacterOffsetBegin>911</CharacterOffsetBegin>
            <CharacterOffsetEnd>912</CharacterOffsetEnd>
            <POS>.</POS>
          </token>
        </tokens>
      </sentence>
    </sentences>
  </document>
</root>
