<?xml version="1.0" encoding="UTF-8"?>
<?xml-stylesheet href="CoreNLP-to-HTML.xsl" type="text/xsl"?>
<root>
  <document>
    <sentences>
      <sentence id="1">
        <tokens>
          <token id="1">
            <word>Gillard</word>
            <lemma>Gillard</lemma>
            <CharacterOffsetBegin>0</CharacterOffsetBegin>
            <CharacterOffsetEnd>7</CharacterOffsetEnd>
            <POS>NNP</POS>
          </token>
          <token id="2">
            <word>wakes</word>
            <lemma>wake</lemma>
            <CharacterOffsetBegin>8</CharacterOffsetBegin>
            <CharacterOffsetEnd>13</CharacterOffsetEnd>
            <POS>VBZ</POS>
          </token>
          <token id="3">
            <word>up</word>
            <lemma>up</lemma>
            <CharacterOffsetBegin>14</CharacterOffsetBegin>
            <CharacterOffsetEnd>16</CharacterOffsetEnd>
            <POS>RP</POS>
          </token>
          <token id="4">
            <word>to</word>
            <lemma>to</lemma>
            <CharacterOffsetBegin>17</CharacterOffsetBegin>
            <CharacterOffsetEnd>19</CharacterOffsetEnd>
            <POS>TO</POS>
          </token>
          <token id="5">
            <word>long-term</word>
            <lemma>long-term</lemma>
            <CharacterOffsetBegin>20</CharacterOffsetBegin>
            <CharacterOffsetEnd>29</CharacterOffsetEnd>
            <POS>JJ</POS>
          </token>
          <token id="6">
            <word>threat</word>
            <lemma>threat</lemma>
            <CharacterOffsetBegin>30</CharacterOffsetBegin>
            <CharacterOffsetEnd>36</CharacterOffsetEnd>
            <POS>NN</POS>
          </token>
        </tokens>
      </sentence>
      <sentence id="2">
        <tokens>
          <token id="1">
            <word>BOB</word>
            <lemma>BOB</lemma>
            <CharacterOffsetBegin>38</CharacterOffsetBegin>
            <CharacterOffsetEnd>41</CharacterOffsetEnd>
            <POS>NNP</POS>
          </token>
          <token id="2">
            <word>Brown</word>
            <lemma>Brown</lemma>
            <CharacterOffsetBegin>42</CharacterOffsetBegin>
            <CharacterOffsetEnd>47</CharacterOffsetEnd>
            <POS>NNP</POS>
          </token>
          <token id="3">
            <word>wants</word>
            <lemma>want</lemma>
            <CharacterOffsetBegin>48</CharacterOffsetBegin>
            <CharacterOffsetEnd>53</CharacterOffsetEnd>
            <POS>VBZ</POS>
          </token>
          <token id="4">
            <word>the</word>
            <lemma>the</lemma>
            <CharacterOffsetBegin>54</CharacterOffsetBegin>
            <CharacterOffsetEnd>57</CharacterOffsetEnd>
            <POS>DT</POS>
          </token>
          <token id="5">
            <word>Australian</word>
            <lemma>australian</lemma>
            <CharacterOffsetBegin>58</CharacterOffsetBegin>
            <CharacterOffsetEnd>68</CharacterOffsetEnd>
            <POS>JJ</POS>
          </token>
          <token id="6">
            <word>Greens</word>
            <lemma>green</lemma>
            <CharacterOffsetBegin>69</CharacterOffsetBegin>
            <CharacterOffsetEnd>75</CharacterOffsetEnd>
            <POS>NNS</POS>
          </token>
          <token id="7">
            <word>to</word>
            <lemma>to</lemma>
            <CharacterOffsetBegin>76</CharacterOffsetBegin>
            <CharacterOffsetEnd>78</CharacterOffsetEnd>
            <POS>TO</POS>
          </token>
          <token id="8">
            <word>be</word>
            <lemma>be</lemma>
            <CharacterOffsetBegin>79</CharacterOffsetBegin>
            <CharacterOffsetEnd>81</CharacterOffsetEnd>
            <POS>VB</POS>
          </token>
          <token id="9">
            <word>a</word>
            <lemma>a</lemma>
            <CharacterOffsetBegin>82</CharacterOffsetBegin>
            <CharacterOffsetEnd>83</CharacterOffsetEnd>
            <POS>DT</POS>
          </token>
          <token id="10">
            <word>mainstream</word>
            <lemma>mainstream</lemma>
            <CharacterOffsetBegin>84</CharacterOffsetBegin>
            <CharacterOffsetEnd>94</CharacterOffsetEnd>
            <POS>JJ</POS>
          </token>
          <token id="11">
            <word>political</word>
            <lemma>political</lemma>
            <CharacterOffsetBegin>95</CharacterOffsetBegin>
            <CharacterOffsetEnd>104</CharacterOffsetEnd>
            <POS>JJ</POS>
          </token>
          <token id="12">
            <word>party</word>
            <lemma>party</lemma>
            <CharacterOffsetBegin>105</CharacterOffsetBegin>
            <CharacterOffsetEnd>110</CharacterOffsetEnd>
            <POS>NN</POS>
          </token>
          <token id="13">
            <word>.</word>
            <lemma>.</lemma>
            <CharacterOffsetBegin>110</CharacterOffsetBegin>
            <CharacterOffsetEnd>111</CharacterOffsetEnd>
            <POS>.</POS>
          </token>
        </tokens>
      </sentence>
      <sentence id="3">
        <tokens>
          <token id="1">
            <word>The</word>
            <lemma>the</lemma>
            <CharacterOffsetBegin>112</CharacterOffsetBegin>
            <CharacterOffsetEnd>115</CharacterOffsetEnd>
            <POS>DT</POS>
          </token>
          <token id="2">
            <word>long-term</word>
            <lemma>long-term</lemma>
            <CharacterOffsetBegin>116</CharacterOffsetBegin>
            <CharacterOffsetEnd>125</CharacterOffsetEnd>
            <POS>JJ</POS>
          </token>
          <token id="3">
            <word>Green</word>
            <lemma>green</lemma>
            <CharacterOffsetBegin>126</CharacterOffsetBegin>
            <CharacterOffsetEnd>131</CharacterOffsetEnd>
            <POS>NN</POS>
          </token>
          <token id="4">
            <word>dream</word>
            <lemma>dream</lemma>
            <CharacterOffsetBegin>132</CharacterOffsetBegin>
            <CharacterOffsetEnd>137</CharacterOffsetEnd>
            <POS>NN</POS>
          </token>
          <token id="5">
            <word>is</word>
            <lemma>be</lemma>
            <CharacterOffsetBegin>138</CharacterOffsetBegin>
            <CharacterOffsetEnd>140</CharacterOffsetEnd>
            <POS>VBZ</POS>
          </token>
          <token id="6">
            <word>to</word>
            <lemma>to</lemma>
            <CharacterOffsetBegin>141</CharacterOffsetBegin>
            <CharacterOffsetEnd>143</CharacterOffsetEnd>
            <POS>TO</POS>
          </token>
          <token id="7">
            <word>shift</word>
            <lemma>shift</lemma>
            <CharacterOffsetBegin>144</CharacterOffsetBegin>
            <CharacterOffsetEnd>149</CharacterOffsetEnd>
            <POS>VB</POS>
          </token>
          <token id="8">
            <word>from</word>
            <lemma>from</lemma>
            <CharacterOffsetBegin>150</CharacterOffsetBegin>
            <CharacterOffsetEnd>154</CharacterOffsetEnd>
            <POS>IN</POS>
          </token>
          <token id="9">
            <word>power-sharing</word>
            <lemma>power-sharing</lemma>
            <CharacterOffsetBegin>155</CharacterOffsetBegin>
            <CharacterOffsetEnd>168</CharacterOffsetEnd>
            <POS>JJ</POS>
          </token>
          <token id="10">
            <word>with</word>
            <lemma>with</lemma>
            <CharacterOffsetBegin>169</CharacterOffsetBegin>
            <CharacterOffsetEnd>173</CharacterOffsetEnd>
            <POS>IN</POS>
          </token>
          <token id="11">
            <word>Labor</word>
            <lemma>labor</lemma>
            <CharacterOffsetBegin>174</CharacterOffsetBegin>
            <CharacterOffsetEnd>179</CharacterOffsetEnd>
            <POS>NN</POS>
          </token>
          <token id="12">
            <word>in</word>
            <lemma>in</lemma>
            <CharacterOffsetBegin>180</CharacterOffsetBegin>
            <CharacterOffsetEnd>182</CharacterOffsetEnd>
            <POS>IN</POS>
          </token>
          <token id="13">
            <word>government</word>
            <lemma>government</lemma>
            <CharacterOffsetBegin>183</CharacterOffsetBegin>
            <CharacterOffsetEnd>193</CharacterOffsetEnd>
            <POS>NN</POS>
          </token>
          <token id="14">
            <word>to</word>
            <lemma>to</lemma>
            <CharacterOffsetBegin>194</CharacterOffsetBegin>
            <CharacterOffsetEnd>196</CharacterOffsetEnd>
            <POS>TO</POS>
          </token>
          <token id="15">
            <word>supplanting</word>
            <lemma>supplant</lemma>
            <CharacterOffsetBegin>197</CharacterOffsetBegin>
            <CharacterOffsetEnd>208</CharacterOffsetEnd>
            <POS>VBG</POS>
          </token>
          <token id="16">
            <word>the</word>
            <lemma>the</lemma>
            <CharacterOffsetBegin>209</CharacterOffsetBegin>
            <CharacterOffsetEnd>212</CharacterOffsetEnd>
            <POS>DT</POS>
          </token>
          <token id="17">
            <word>ALP</word>
            <lemma>alp</lemma>
            <CharacterOffsetBegin>213</CharacterOffsetBegin>
            <CharacterOffsetEnd>216</CharacterOffsetEnd>
            <POS>NN</POS>
          </token>
          <token id="18">
            <word>.</word>
            <lemma>.</lemma>
            <CharacterOffsetBegin>216</CharacterOffsetBegin>
            <CharacterOffsetEnd>217</CharacterOffsetEnd>
            <POS>.</POS>
          </token>
        </tokens>
      </sentence>
      <sentence id="4">
        <tokens>
          <token id="1">
            <word>Julia</word>
            <lemma>Julia</lemma>
            <CharacterOffsetBegin>218</CharacterOffsetBegin>
            <CharacterOffsetEnd>223</CharacterOffsetEnd>
            <POS>NNP</POS>
          </token>
          <token id="2">
            <word>Gillard</word>
            <lemma>Gillard</lemma>
            <CharacterOffsetBegin>224</CharacterOffsetBegin>
            <CharacterOffsetEnd>231</CharacterOffsetEnd>
            <POS>NNP</POS>
          </token>
          <token id="3">
            <word>,</word>
            <lemma>,</lemma>
            <CharacterOffsetBegin>231</CharacterOffsetBegin>
            <CharacterOffsetEnd>232</CharacterOffsetEnd>
            <POS>,</POS>
          </token>
          <token id="4">
            <word>after</word>
            <lemma>after</lemma>
            <CharacterOffsetBegin>233</CharacterOffsetBegin>
            <CharacterOffsetEnd>238</CharacterOffsetEnd>
            <POS>IN</POS>
          </token>
          <token id="5">
            <word>entering</word>
            <lemma>enter</lemma>
            <CharacterOffsetBegin>239</CharacterOffsetBegin>
            <CharacterOffsetEnd>247</CharacterOffsetEnd>
            <POS>VBG</POS>
          </token>
          <token id="6">
            <word>a</word>
            <lemma>a</lemma>
            <CharacterOffsetBegin>248</CharacterOffsetBegin>
            <CharacterOffsetEnd>249</CharacterOffsetEnd>
            <POS>DT</POS>
          </token>
          <token id="7">
            <word>formal</word>
            <lemma>formal</lemma>
            <CharacterOffsetBegin>250</CharacterOffsetBegin>
            <CharacterOffsetEnd>256</CharacterOffsetEnd>
            <POS>JJ</POS>
          </token>
          <token id="8">
            <word>alliance</word>
            <lemma>alliance</lemma>
            <CharacterOffsetBegin>257</CharacterOffsetBegin>
            <CharacterOffsetEnd>265</CharacterOffsetEnd>
            <POS>NN</POS>
          </token>
          <token id="9">
            <word>with</word>
            <lemma>with</lemma>
            <CharacterOffsetBegin>266</CharacterOffsetBegin>
            <CharacterOffsetEnd>270</CharacterOffsetEnd>
            <POS>IN</POS>
          </token>
          <token id="10">
            <word>the</word>
            <lemma>the</lemma>
            <CharacterOffsetBegin>271</CharacterOffsetBegin>
            <CharacterOffsetEnd>274</CharacterOffsetEnd>
            <POS>DT</POS>
          </token>
          <token id="11">
            <word>Greens</word>
            <lemma>green</lemma>
            <CharacterOffsetBegin>275</CharacterOffsetBegin>
            <CharacterOffsetEnd>281</CharacterOffsetEnd>
            <POS>NNS</POS>
          </token>
          <token id="12">
            <word>to</word>
            <lemma>to</lemma>
            <CharacterOffsetBegin>282</CharacterOffsetBegin>
            <CharacterOffsetEnd>284</CharacterOffsetEnd>
            <POS>TO</POS>
          </token>
          <token id="13">
            <word>form</word>
            <lemma>form</lemma>
            <CharacterOffsetBegin>285</CharacterOffsetBegin>
            <CharacterOffsetEnd>289</CharacterOffsetEnd>
            <POS>VB</POS>
          </token>
          <token id="14">
            <word>a</word>
            <lemma>a</lemma>
            <CharacterOffsetBegin>290</CharacterOffsetBegin>
            <CharacterOffsetEnd>291</CharacterOffsetEnd>
            <POS>DT</POS>
          </token>
          <token id="15">
            <word>minority</word>
            <lemma>minority</lemma>
            <CharacterOffsetBegin>292</CharacterOffsetBegin>
            <CharacterOffsetEnd>300</CharacterOffsetEnd>
            <POS>NN</POS>
          </token>
          <token id="16">
            <word>government</word>
            <lemma>government</lemma>
            <CharacterOffsetBegin>301</CharacterOffsetBegin>
            <CharacterOffsetEnd>311</CharacterOffsetEnd>
            <POS>NN</POS>
          </token>
          <token id="17">
            <word>,</word>
            <lemma>,</lemma>
            <CharacterOffsetBegin>311</CharacterOffsetBegin>
            <CharacterOffsetEnd>312</CharacterOffsetEnd>
            <POS>,</POS>
          </token>
          <token id="18">
            <word>has</word>
            <lemma>have</lemma>
            <CharacterOffsetBegin>313</CharacterOffsetBegin>
            <CharacterOffsetEnd>316</CharacterOffsetEnd>
            <POS>VBZ</POS>
          </token>
          <token id="19">
            <word>realised</word>
            <lemma>realise</lemma>
            <CharacterOffsetBegin>317</CharacterOffsetBegin>
            <CharacterOffsetEnd>325</CharacterOffsetEnd>
            <POS>VBN</POS>
          </token>
          <token id="20">
            <word>,</word>
            <lemma>,</lemma>
            <CharacterOffsetBegin>325</CharacterOffsetBegin>
            <CharacterOffsetEnd>326</CharacterOffsetEnd>
            <POS>,</POS>
          </token>
          <token id="21">
            <word>in</word>
            <lemma>in</lemma>
            <CharacterOffsetBegin>327</CharacterOffsetBegin>
            <CharacterOffsetEnd>329</CharacterOffsetEnd>
            <POS>IN</POS>
          </token>
          <token id="22">
            <word>the</word>
            <lemma>the</lemma>
            <CharacterOffsetBegin>330</CharacterOffsetBegin>
            <CharacterOffsetEnd>333</CharacterOffsetEnd>
            <POS>DT</POS>
          </token>
          <token id="23">
            <word>wake</word>
            <lemma>wake</lemma>
            <CharacterOffsetBegin>334</CharacterOffsetBegin>
            <CharacterOffsetEnd>338</CharacterOffsetEnd>
            <POS>NN</POS>
          </token>
          <token id="24">
            <word>of</word>
            <lemma>of</lemma>
            <CharacterOffsetBegin>339</CharacterOffsetBegin>
            <CharacterOffsetEnd>341</CharacterOffsetEnd>
            <POS>IN</POS>
          </token>
          <token id="25">
            <word>the</word>
            <lemma>the</lemma>
            <CharacterOffsetBegin>342</CharacterOffsetBegin>
            <CharacterOffsetEnd>345</CharacterOffsetEnd>
            <POS>DT</POS>
          </token>
          <token id="26">
            <word>NSW</word>
            <lemma>nsw</lemma>
            <CharacterOffsetBegin>346</CharacterOffsetBegin>
            <CharacterOffsetEnd>349</CharacterOffsetEnd>
            <POS>NN</POS>
          </token>
          <token id="27">
            <word>electoral</word>
            <lemma>electoral</lemma>
            <CharacterOffsetBegin>350</CharacterOffsetBegin>
            <CharacterOffsetEnd>359</CharacterOffsetEnd>
            <POS>JJ</POS>
          </token>
          <token id="28">
            <word>disaster</word>
            <lemma>disaster</lemma>
            <CharacterOffsetBegin>360</CharacterOffsetBegin>
            <CharacterOffsetEnd>368</CharacterOffsetEnd>
            <POS>NN</POS>
          </token>
          <token id="29">
            <word>for</word>
            <lemma>for</lemma>
            <CharacterOffsetBegin>369</CharacterOffsetBegin>
            <CharacterOffsetEnd>372</CharacterOffsetEnd>
            <POS>IN</POS>
          </token>
          <token id="30">
            <word>Labor</word>
            <lemma>labor</lemma>
            <CharacterOffsetBegin>373</CharacterOffsetBegin>
            <CharacterOffsetEnd>378</CharacterOffsetEnd>
            <POS>NN</POS>
          </token>
          <token id="31">
            <word>,</word>
            <lemma>,</lemma>
            <CharacterOffsetBegin>378</CharacterOffsetBegin>
            <CharacterOffsetEnd>379</CharacterOffsetEnd>
            <POS>,</POS>
          </token>
          <token id="32">
            <word>that</word>
            <lemma>that</lemma>
            <CharacterOffsetBegin>380</CharacterOffsetBegin>
            <CharacterOffsetEnd>384</CharacterOffsetEnd>
            <POS>IN</POS>
          </token>
          <token id="33">
            <word>the</word>
            <lemma>the</lemma>
            <CharacterOffsetBegin>385</CharacterOffsetBegin>
            <CharacterOffsetEnd>388</CharacterOffsetEnd>
            <POS>DT</POS>
          </token>
          <token id="34">
            <word>Greens</word>
            <lemma>green</lemma>
            <CharacterOffsetBegin>389</CharacterOffsetBegin>
            <CharacterOffsetEnd>395</CharacterOffsetEnd>
            <POS>NNS</POS>
          </token>
          <token id="35">
            <word>are</word>
            <lemma>be</lemma>
            <CharacterOffsetBegin>396</CharacterOffsetBegin>
            <CharacterOffsetEnd>399</CharacterOffsetEnd>
            <POS>VBP</POS>
          </token>
          <token id="36">
            <word>a</word>
            <lemma>a</lemma>
            <CharacterOffsetBegin>400</CharacterOffsetBegin>
            <CharacterOffsetEnd>401</CharacterOffsetEnd>
            <POS>DT</POS>
          </token>
          <token id="37">
            <word>threat</word>
            <lemma>threat</lemma>
            <CharacterOffsetBegin>402</CharacterOffsetBegin>
            <CharacterOffsetEnd>408</CharacterOffsetEnd>
            <POS>NN</POS>
          </token>
          <token id="38">
            <word>to</word>
            <lemma>to</lemma>
            <CharacterOffsetBegin>409</CharacterOffsetBegin>
            <CharacterOffsetEnd>411</CharacterOffsetEnd>
            <POS>TO</POS>
          </token>
          <token id="39">
            <word>her</word>
            <lemma>she</lemma>
            <CharacterOffsetBegin>412</CharacterOffsetBegin>
            <CharacterOffsetEnd>415</CharacterOffsetEnd>
            <POS>PRP$</POS>
          </token>
          <token id="40">
            <word>short-term</word>
            <lemma>short-term</lemma>
            <CharacterOffsetBegin>416</CharacterOffsetBegin>
            <CharacterOffsetEnd>426</CharacterOffsetEnd>
            <POS>JJ</POS>
          </token>
          <token id="41">
            <word>credibility</word>
            <lemma>credibility</lemma>
            <CharacterOffsetBegin>427</CharacterOffsetBegin>
            <CharacterOffsetEnd>438</CharacterOffsetEnd>
            <POS>NN</POS>
          </token>
          <token id="42">
            <word>and</word>
            <lemma>and</lemma>
            <CharacterOffsetBegin>439</CharacterOffsetBegin>
            <CharacterOffsetEnd>442</CharacterOffsetEnd>
            <POS>CC</POS>
          </token>
          <token id="43">
            <word>long-term</word>
            <lemma>long-term</lemma>
            <CharacterOffsetBegin>443</CharacterOffsetBegin>
            <CharacterOffsetEnd>452</CharacterOffsetEnd>
            <POS>JJ</POS>
          </token>
          <token id="44">
            <word>political</word>
            <lemma>political</lemma>
            <CharacterOffsetBegin>453</CharacterOffsetBegin>
            <CharacterOffsetEnd>462</CharacterOffsetEnd>
            <POS>JJ</POS>
          </token>
          <token id="45">
            <word>appeal</word>
            <lemma>appeal</lemma>
            <CharacterOffsetBegin>463</CharacterOffsetBegin>
            <CharacterOffsetEnd>469</CharacterOffsetEnd>
            <POS>NN</POS>
          </token>
          <token id="46">
            <word>.</word>
            <lemma>.</lemma>
            <CharacterOffsetBegin>469</CharacterOffsetBegin>
            <CharacterOffsetEnd>470</CharacterOffsetEnd>
            <POS>.</POS>
          </token>
        </tokens>
      </sentence>
      <sentence id="5">
        <tokens>
          <token id="1">
            <word>After</word>
            <lemma>after</lemma>
            <CharacterOffsetBegin>471</CharacterOffsetBegin>
            <CharacterOffsetEnd>476</CharacterOffsetEnd>
            <POS>IN</POS>
          </token>
          <token id="2">
            <word>relying</word>
            <lemma>rely</lemma>
            <CharacterOffsetBegin>477</CharacterOffsetBegin>
            <CharacterOffsetEnd>484</CharacterOffsetEnd>
            <POS>VBG</POS>
          </token>
          <token id="3">
            <word>on</word>
            <lemma>on</lemma>
            <CharacterOffsetBegin>485</CharacterOffsetBegin>
            <CharacterOffsetEnd>487</CharacterOffsetEnd>
            <POS>IN</POS>
          </token>
          <token id="4">
            <word>written</word>
            <lemma>write</lemma>
            <CharacterOffsetBegin>488</CharacterOffsetBegin>
            <CharacterOffsetEnd>495</CharacterOffsetEnd>
            <POS>VBN</POS>
          </token>
          <token id="5">
            <word>undertakings</word>
            <lemma>undertaking</lemma>
            <CharacterOffsetBegin>496</CharacterOffsetBegin>
            <CharacterOffsetEnd>508</CharacterOffsetEnd>
            <POS>NNS</POS>
          </token>
          <token id="6">
            <word>with</word>
            <lemma>with</lemma>
            <CharacterOffsetBegin>509</CharacterOffsetBegin>
            <CharacterOffsetEnd>513</CharacterOffsetEnd>
            <POS>IN</POS>
          </token>
          <token id="7">
            <word>the</word>
            <lemma>the</lemma>
            <CharacterOffsetBegin>514</CharacterOffsetBegin>
            <CharacterOffsetEnd>517</CharacterOffsetEnd>
            <POS>DT</POS>
          </token>
          <token id="8">
            <word>Greens</word>
            <lemma>Greens</lemma>
            <CharacterOffsetBegin>518</CharacterOffsetBegin>
            <CharacterOffsetEnd>524</CharacterOffsetEnd>
            <POS>NNP</POS>
          </token>
          <token id="9">
            <word>and</word>
            <lemma>and</lemma>
            <CharacterOffsetBegin>525</CharacterOffsetBegin>
            <CharacterOffsetEnd>528</CharacterOffsetEnd>
            <POS>CC</POS>
          </token>
          <token id="10">
            <word>rural</word>
            <lemma>rural</lemma>
            <CharacterOffsetBegin>529</CharacterOffsetBegin>
            <CharacterOffsetEnd>534</CharacterOffsetEnd>
            <POS>JJ</POS>
          </token>
          <token id="11">
            <word>independent</word>
            <lemma>independent</lemma>
            <CharacterOffsetBegin>535</CharacterOffsetBegin>
            <CharacterOffsetEnd>546</CharacterOffsetEnd>
            <POS>JJ</POS>
          </token>
          <token id="12">
            <word>MPs</word>
            <lemma>mp</lemma>
            <CharacterOffsetBegin>547</CharacterOffsetBegin>
            <CharacterOffsetEnd>550</CharacterOffsetEnd>
            <POS>NNS</POS>
          </token>
          <token id="13">
            <word>to</word>
            <lemma>to</lemma>
            <CharacterOffsetBegin>551</CharacterOffsetBegin>
            <CharacterOffsetEnd>553</CharacterOffsetEnd>
            <POS>TO</POS>
          </token>
          <token id="14">
            <word>form</word>
            <lemma>form</lemma>
            <CharacterOffsetBegin>554</CharacterOffsetBegin>
            <CharacterOffsetEnd>558</CharacterOffsetEnd>
            <POS>VB</POS>
          </token>
          <token id="15">
            <word>a</word>
            <lemma>a</lemma>
            <CharacterOffsetBegin>559</CharacterOffsetBegin>
            <CharacterOffsetEnd>560</CharacterOffsetEnd>
            <POS>DT</POS>
          </token>
          <token id="16">
            <word>government</word>
            <lemma>government</lemma>
            <CharacterOffsetBegin>561</CharacterOffsetBegin>
            <CharacterOffsetEnd>571</CharacterOffsetEnd>
            <POS>NN</POS>
          </token>
          <token id="17">
            <word>last</word>
            <lemma>last</lemma>
            <CharacterOffsetBegin>572</CharacterOffsetBegin>
            <CharacterOffsetEnd>576</CharacterOffsetEnd>
            <POS>JJ</POS>
          </token>
          <token id="18">
            <word>year</word>
            <lemma>year</lemma>
            <CharacterOffsetBegin>577</CharacterOffsetBegin>
            <CharacterOffsetEnd>581</CharacterOffsetEnd>
            <POS>NN</POS>
          </token>
          <token id="19">
            <word>,</word>
            <lemma>,</lemma>
            <CharacterOffsetBegin>581</CharacterOffsetBegin>
            <CharacterOffsetEnd>582</CharacterOffsetEnd>
            <POS>,</POS>
          </token>
          <token id="20">
            <word>the</word>
            <lemma>the</lemma>
            <CharacterOffsetBegin>583</CharacterOffsetBegin>
            <CharacterOffsetEnd>586</CharacterOffsetEnd>
            <POS>DT</POS>
          </token>
          <token id="21">
            <word>Prime</word>
            <lemma>Prime</lemma>
            <CharacterOffsetBegin>587</CharacterOffsetBegin>
            <CharacterOffsetEnd>592</CharacterOffsetEnd>
            <POS>NNP</POS>
          </token>
          <token id="22">
            <word>Minister</word>
            <lemma>Minister</lemma>
            <CharacterOffsetBegin>593</CharacterOffsetBegin>
            <CharacterOffsetEnd>601</CharacterOffsetEnd>
            <POS>NNP</POS>
          </token>
          <token id="23">
            <word>has</word>
            <lemma>have</lemma>
            <CharacterOffsetBegin>602</CharacterOffsetBegin>
            <CharacterOffsetEnd>605</CharacterOffsetEnd>
            <POS>VBZ</POS>
          </token>
          <token id="24">
            <word>become</word>
            <lemma>become</lemma>
            <CharacterOffsetBegin>606</CharacterOffsetBegin>
            <CharacterOffsetEnd>612</CharacterOffsetEnd>
            <POS>VBN</POS>
          </token>
          <token id="25">
            <word>increasingly</word>
            <lemma>increasingly</lemma>
            <CharacterOffsetBegin>613</CharacterOffsetBegin>
            <CharacterOffsetEnd>625</CharacterOffsetEnd>
            <POS>RB</POS>
          </token>
          <token id="26">
            <word>alert</word>
            <lemma>alert</lemma>
            <CharacterOffsetBegin>626</CharacterOffsetBegin>
            <CharacterOffsetEnd>631</CharacterOffsetEnd>
            <POS>JJ</POS>
          </token>
          <token id="27">
            <word>to</word>
            <lemma>to</lemma>
            <CharacterOffsetBegin>632</CharacterOffsetBegin>
            <CharacterOffsetEnd>634</CharacterOffsetEnd>
            <POS>TO</POS>
          </token>
          <token id="28">
            <word>the</word>
            <lemma>the</lemma>
            <CharacterOffsetBegin>635</CharacterOffsetBegin>
            <CharacterOffsetEnd>638</CharacterOffsetEnd>
            <POS>DT</POS>
          </token>
          <token id="29">
            <word>need</word>
            <lemma>need</lemma>
            <CharacterOffsetBegin>639</CharacterOffsetBegin>
            <CharacterOffsetEnd>643</CharacterOffsetEnd>
            <POS>NN</POS>
          </token>
          <token id="30">
            <word>to</word>
            <lemma>to</lemma>
            <CharacterOffsetBegin>644</CharacterOffsetBegin>
            <CharacterOffsetEnd>646</CharacterOffsetEnd>
            <POS>TO</POS>
          </token>
          <token id="31">
            <word>frame</word>
            <lemma>frame</lemma>
            <CharacterOffsetBegin>647</CharacterOffsetBegin>
            <CharacterOffsetEnd>652</CharacterOffsetEnd>
            <POS>NN</POS>
          </token>
          <token id="32">
            <word>herself</word>
            <lemma>herself</lemma>
            <CharacterOffsetBegin>653</CharacterOffsetBegin>
            <CharacterOffsetEnd>660</CharacterOffsetEnd>
            <POS>PRP</POS>
          </token>
          <token id="33">
            <word>as</word>
            <lemma>as</lemma>
            <CharacterOffsetBegin>661</CharacterOffsetBegin>
            <CharacterOffsetEnd>663</CharacterOffsetEnd>
            <POS>IN</POS>
          </token>
          <token id="34">
            <word>a</word>
            <lemma>a</lemma>
            <CharacterOffsetBegin>664</CharacterOffsetBegin>
            <CharacterOffsetEnd>665</CharacterOffsetEnd>
            <POS>DT</POS>
          </token>
          <token id="35">
            <word>conservative</word>
            <lemma>conservative</lemma>
            <CharacterOffsetBegin>666</CharacterOffsetBegin>
            <CharacterOffsetEnd>678</CharacterOffsetEnd>
            <POS>JJ</POS>
          </token>
          <token id="36">
            <word>,</word>
            <lemma>,</lemma>
            <CharacterOffsetBegin>678</CharacterOffsetBegin>
            <CharacterOffsetEnd>679</CharacterOffsetEnd>
            <POS>,</POS>
          </token>
          <token id="37">
            <word>middle-road</word>
            <lemma>middle-road</lemma>
            <CharacterOffsetBegin>680</CharacterOffsetBegin>
            <CharacterOffsetEnd>691</CharacterOffsetEnd>
            <POS>JJ</POS>
          </token>
          <token id="38">
            <word>Australian</word>
            <lemma>australian</lemma>
            <CharacterOffsetBegin>692</CharacterOffsetBegin>
            <CharacterOffsetEnd>702</CharacterOffsetEnd>
            <POS>JJ</POS>
          </token>
          <token id="39">
            <word>than</word>
            <lemma>than</lemma>
            <CharacterOffsetBegin>703</CharacterOffsetBegin>
            <CharacterOffsetEnd>707</CharacterOffsetEnd>
            <POS>IN</POS>
          </token>
          <token id="40">
            <word>she</word>
            <lemma>she</lemma>
            <CharacterOffsetBegin>708</CharacterOffsetBegin>
            <CharacterOffsetEnd>711</CharacterOffsetEnd>
            <POS>PRP</POS>
          </token>
          <token id="41">
            <word>is</word>
            <lemma>be</lemma>
            <CharacterOffsetBegin>712</CharacterOffsetBegin>
            <CharacterOffsetEnd>714</CharacterOffsetEnd>
            <POS>VBZ</POS>
          </token>
          <token id="42">
            <word>perceived</word>
            <lemma>perceive</lemma>
            <CharacterOffsetBegin>715</CharacterOffsetBegin>
            <CharacterOffsetEnd>724</CharacterOffsetEnd>
            <POS>VBN</POS>
          </token>
          <token id="43">
            <word>to</word>
            <lemma>to</lemma>
            <CharacterOffsetBegin>725</CharacterOffsetBegin>
            <CharacterOffsetEnd>727</CharacterOffsetEnd>
            <POS>TO</POS>
          </token>
          <token id="44">
            <word>be</word>
            <lemma>be</lemma>
            <CharacterOffsetBegin>728</CharacterOffsetBegin>
            <CharacterOffsetEnd>730</CharacterOffsetEnd>
            <POS>VB</POS>
          </token>
          <token id="45">
            <word>.</word>
            <lemma>.</lemma>
            <CharacterOffsetBegin>730</CharacterOffsetBegin>
            <CharacterOffsetEnd>731</CharacterOffsetEnd>
            <POS>.</POS>
          </token>
        </tokens>
      </sentence>
      <sentence id="6">
        <tokens>
          <token id="1">
            <word>At</word>
            <lemma>at</lemma>
            <CharacterOffsetBegin>732</CharacterOffsetBegin>
            <CharacterOffsetEnd>734</CharacterOffsetEnd>
            <POS>IN</POS>
          </token>
          <token id="2">
            <word>the</word>
            <lemma>the</lemma>
            <CharacterOffsetBegin>735</CharacterOffsetBegin>
            <CharacterOffsetEnd>738</CharacterOffsetEnd>
            <POS>DT</POS>
          </token>
          <token id="3">
            <word>same</word>
            <lemma>same</lemma>
            <CharacterOffsetBegin>739</CharacterOffsetBegin>
            <CharacterOffsetEnd>743</CharacterOffsetEnd>
            <POS>JJ</POS>
          </token>
          <token id="4">
            <word>time</word>
            <lemma>time</lemma>
            <CharacterOffsetBegin>744</CharacterOffsetBegin>
            <CharacterOffsetEnd>748</CharacterOffsetEnd>
            <POS>NN</POS>
          </token>
          <token id="5">
            <word>,</word>
            <lemma>,</lemma>
            <CharacterOffsetBegin>748</CharacterOffsetBegin>
            <CharacterOffsetEnd>749</CharacterOffsetEnd>
            <POS>,</POS>
          </token>
          <token id="6">
            <word>she</word>
            <lemma>she</lemma>
            <CharacterOffsetBegin>750</CharacterOffsetBegin>
            <CharacterOffsetEnd>753</CharacterOffsetEnd>
            <POS>PRP</POS>
          </token>
          <token id="7">
            <word>is</word>
            <lemma>be</lemma>
            <CharacterOffsetBegin>754</CharacterOffsetBegin>
            <CharacterOffsetEnd>756</CharacterOffsetEnd>
            <POS>VBZ</POS>
          </token>
          <token id="8">
            <word>distancing</word>
            <lemma>distance</lemma>
            <CharacterOffsetBegin>757</CharacterOffsetBegin>
            <CharacterOffsetEnd>767</CharacterOffsetEnd>
            <POS>VBG</POS>
          </token>
          <token id="9">
            <word>herself</word>
            <lemma>herself</lemma>
            <CharacterOffsetBegin>768</CharacterOffsetBegin>
            <CharacterOffsetEnd>775</CharacterOffsetEnd>
            <POS>PRP</POS>
          </token>
          <token id="10">
            <word>from</word>
            <lemma>from</lemma>
            <CharacterOffsetBegin>776</CharacterOffsetBegin>
            <CharacterOffsetEnd>780</CharacterOffsetEnd>
            <POS>IN</POS>
          </token>
          <token id="11">
            <word>the</word>
            <lemma>the</lemma>
            <CharacterOffsetBegin>781</CharacterOffsetBegin>
            <CharacterOffsetEnd>784</CharacterOffsetEnd>
            <POS>DT</POS>
          </token>
          <token id="12">
            <word>Greens</word>
            <lemma>Greens</lemma>
            <CharacterOffsetBegin>785</CharacterOffsetBegin>
            <CharacterOffsetEnd>791</CharacterOffsetEnd>
            <POS>NNP</POS>
          </token>
          <token id="13">
            <word>,</word>
            <lemma>,</lemma>
            <CharacterOffsetBegin>791</CharacterOffsetBegin>
            <CharacterOffsetEnd>792</CharacterOffsetEnd>
            <POS>,</POS>
          </token>
          <token id="14">
            <word>who</word>
            <lemma>who</lemma>
            <CharacterOffsetBegin>793</CharacterOffsetBegin>
            <CharacterOffsetEnd>796</CharacterOffsetEnd>
            <POS>WP</POS>
          </token>
          <token id="15">
            <word>find</word>
            <lemma>find</lemma>
            <CharacterOffsetBegin>797</CharacterOffsetBegin>
            <CharacterOffsetEnd>801</CharacterOffsetEnd>
            <POS>VBP</POS>
          </token>
          <token id="16">
            <word>themselves</word>
            <lemma>themselves</lemma>
            <CharacterOffsetBegin>802</CharacterOffsetBegin>
            <CharacterOffsetEnd>812</CharacterOffsetEnd>
            <POS>PRP</POS>
          </token>
          <token id="17">
            <word>facing</word>
            <lemma>face</lemma>
            <CharacterOffsetBegin>813</CharacterOffsetBegin>
            <CharacterOffsetEnd>819</CharacterOffsetEnd>
            <POS>VBG</POS>
          </token>
          <token id="18">
            <word>real</word>
            <lemma>real</lemma>
            <CharacterOffsetBegin>820</CharacterOffsetBegin>
            <CharacterOffsetEnd>824</CharacterOffsetEnd>
            <POS>JJ</POS>
          </token>
          <token id="19">
            <word>media</word>
            <lemma>media</lemma>
            <CharacterOffsetBegin>825</CharacterOffsetBegin>
            <CharacterOffsetEnd>830</CharacterOffsetEnd>
            <POS>NNS</POS>
          </token>
          <token id="20">
            <word>scrutiny</word>
            <lemma>scrutiny</lemma>
            <CharacterOffsetBegin>831</CharacterOffsetBegin>
            <CharacterOffsetEnd>839</CharacterOffsetEnd>
            <POS>NN</POS>
          </token>
          <token id="21">
            <word>for</word>
            <lemma>for</lemma>
            <CharacterOffsetBegin>840</CharacterOffsetBegin>
            <CharacterOffsetEnd>843</CharacterOffsetEnd>
            <POS>IN</POS>
          </token>
          <token id="22">
            <word>the</word>
            <lemma>the</lemma>
            <CharacterOffsetBegin>844</CharacterOffsetBegin>
            <CharacterOffsetEnd>847</CharacterOffsetEnd>
            <POS>DT</POS>
          </token>
          <token id="23">
            <word>first</word>
            <lemma>first</lemma>
            <CharacterOffsetBegin>848</CharacterOffsetBegin>
            <CharacterOffsetEnd>853</CharacterOffsetEnd>
            <POS>JJ</POS>
          </token>
          <token id="24">
            <word>time</word>
            <lemma>time</lemma>
            <CharacterOffsetBegin>854</CharacterOffsetBegin>
            <CharacterOffsetEnd>858</CharacterOffsetEnd>
            <POS>NN</POS>
          </token>
          <token id="25">
            <word>.</word>
            <lemma>.</lemma>
            <CharacterOffsetBegin>858</CharacterOffsetBegin>
            <CharacterOffsetEnd>859</CharacterOffsetEnd>
            <POS>.</POS>
          </token>
        </tokens>
      </sentence>
      <sentence id="7">
        <tokens>
          <token id="1">
            <word>Gillard</word>
            <lemma>Gillard</lemma>
            <CharacterOffsetBegin>860</CharacterOffsetBegin>
            <CharacterOffsetEnd>867</CharacterOffsetEnd>
            <POS>NNP</POS>
          </token>
          <token id="2">
            <word>has</word>
            <lemma>have</lemma>
            <CharacterOffsetBegin>868</CharacterOffsetBegin>
            <CharacterOffsetEnd>871</CharacterOffsetEnd>
            <POS>VBZ</POS>
          </token>
          <token id="3">
            <word>been</word>
            <lemma>be</lemma>
            <CharacterOffsetBegin>872</CharacterOffsetBegin>
            <CharacterOffsetEnd>876</CharacterOffsetEnd>
            <POS>VBN</POS>
          </token>
          <token id="4">
            <word>putting</word>
            <lemma>put</lemma>
            <CharacterOffsetBegin>877</CharacterOffsetBegin>
            <CharacterOffsetEnd>884</CharacterOffsetEnd>
            <POS>VBG</POS>
          </token>
          <token id="5">
            <word>herself</word>
            <lemma>herself</lemma>
            <CharacterOffsetBegin>885</CharacterOffsetBegin>
            <CharacterOffsetEnd>892</CharacterOffsetEnd>
            <POS>PRP</POS>
          </token>
          <token id="6">
            <word>in</word>
            <lemma>in</lemma>
            <CharacterOffsetBegin>893</CharacterOffsetBegin>
            <CharacterOffsetEnd>895</CharacterOffsetEnd>
            <POS>IN</POS>
          </token>
          <token id="7">
            <word>the</word>
            <lemma>the</lemma>
            <CharacterOffsetBegin>896</CharacterOffsetBegin>
            <CharacterOffsetEnd>899</CharacterOffsetEnd>
            <POS>DT</POS>
          </token>
          <token id="8">
            <word>middle</word>
            <lemma>middle</lemma>
            <CharacterOffsetBegin>900</CharacterOffsetBegin>
            <CharacterOffsetEnd>906</CharacterOffsetEnd>
            <POS>JJ</POS>
          </token>
          <token id="9">
            <word>and</word>
            <lemma>and</lemma>
            <CharacterOffsetBegin>907</CharacterOffsetBegin>
            <CharacterOffsetEnd>910</CharacterOffsetEnd>
            <POS>CC</POS>
          </token>
          <token id="10">
            <word>setting</word>
            <lemma>set</lemma>
            <CharacterOffsetBegin>911</CharacterOffsetBegin>
            <CharacterOffsetEnd>918</CharacterOffsetEnd>
            <POS>VBG</POS>
          </token>
          <token id="11">
            <word>Labor</word>
            <lemma>labor</lemma>
            <CharacterOffsetBegin>919</CharacterOffsetBegin>
            <CharacterOffsetEnd>924</CharacterOffsetEnd>
            <POS>NN</POS>
          </token>
          <token id="12">
            <word>against</word>
            <lemma>against</lemma>
            <CharacterOffsetBegin>925</CharacterOffsetBegin>
            <CharacterOffsetEnd>932</CharacterOffsetEnd>
            <POS>IN</POS>
          </token>
          <token id="13">
            <word>the</word>
            <lemma>the</lemma>
            <CharacterOffsetBegin>933</CharacterOffsetBegin>
            <CharacterOffsetEnd>936</CharacterOffsetEnd>
            <POS>DT</POS>
          </token>
          <token id="14">
            <word>''</word>
            <lemma>''</lemma>
            <CharacterOffsetBegin>937</CharacterOffsetBegin>
            <CharacterOffsetEnd>938</CharacterOffsetEnd>
            <POS>''</POS>
          </token>
          <token id="15">
            <word>``</word>
            <lemma>``</lemma>
            <CharacterOffsetBegin>938</CharacterOffsetBegin>
            <CharacterOffsetEnd>939</CharacterOffsetEnd>
            <POS>``</POS>
          </token>
          <token id="16">
            <word>extremes</word>
            <lemma>extreme</lemma>
            <CharacterOffsetBegin>939</CharacterOffsetBegin>
            <CharacterOffsetEnd>947</CharacterOffsetEnd>
            <POS>NNS</POS>
          </token>
          <token id="17">
            <word>''</word>
            <lemma>''</lemma>
            <CharacterOffsetBegin>947</CharacterOffsetBegin>
            <CharacterOffsetEnd>948</CharacterOffsetEnd>
            <POS>''</POS>
          </token>
          <token id="18">
            <word>''</word>
            <lemma>''</lemma>
            <CharacterOffsetBegin>948</CharacterOffsetBegin>
            <CharacterOffsetEnd>949</CharacterOffsetEnd>
            <POS>''</POS>
          </token>
          <token id="19">
            <word>of</word>
            <lemma>of</lemma>
            <CharacterOffsetBegin>950</CharacterOffsetBegin>
            <CharacterOffsetEnd>952</CharacterOffsetEnd>
            <POS>IN</POS>
          </token>
          <token id="20">
            <word>the</word>
            <lemma>the</lemma>
            <CharacterOffsetBegin>953</CharacterOffsetBegin>
            <CharacterOffsetEnd>956</CharacterOffsetEnd>
            <POS>DT</POS>
          </token>
          <token id="21">
            <word>Coalition</word>
            <lemma>Coalition</lemma>
            <CharacterOffsetBegin>957</CharacterOffsetBegin>
            <CharacterOffsetEnd>966</CharacterOffsetEnd>
            <POS>NNP</POS>
          </token>
          <token id="22">
            <word>and</word>
            <lemma>and</lemma>
            <CharacterOffsetBegin>967</CharacterOffsetBegin>
            <CharacterOffsetEnd>970</CharacterOffsetEnd>
            <POS>CC</POS>
          </token>
          <token id="23">
            <word>the</word>
            <lemma>the</lemma>
            <CharacterOffsetBegin>971</CharacterOffsetBegin>
            <CharacterOffsetEnd>974</CharacterOffsetEnd>
            <POS>DT</POS>
          </token>
          <token id="24">
            <word>Greens</word>
            <lemma>Greens</lemma>
            <CharacterOffsetBegin>975</CharacterOffsetBegin>
            <CharacterOffsetEnd>981</CharacterOffsetEnd>
            <POS>NNP</POS>
          </token>
          <token id="25">
            <word>.</word>
            <lemma>.</lemma>
            <CharacterOffsetBegin>981</CharacterOffsetBegin>
            <CharacterOffsetEnd>982</CharacterOffsetEnd>
            <POS>.</POS>
          </token>
        </tokens>
      </sentence>
      <sentence id="8">
        <tokens>
          <token id="1">
            <word>The</word>
            <lemma>the</lemma>
            <CharacterOffsetBegin>983</CharacterOffsetBegin>
            <CharacterOffsetEnd>986</CharacterOffsetEnd>
            <POS>DT</POS>
          </token>
          <token id="2">
            <word>Labor</word>
            <lemma>Labor</lemma>
            <CharacterOffsetBegin>987</CharacterOffsetBegin>
            <CharacterOffsetEnd>992</CharacterOffsetEnd>
            <POS>NNP</POS>
          </token>
          <token id="3">
            <word>leader</word>
            <lemma>leader</lemma>
            <CharacterOffsetBegin>993</CharacterOffsetBegin>
            <CharacterOffsetEnd>999</CharacterOffsetEnd>
            <POS>NN</POS>
          </token>
          <token id="4">
            <word>and</word>
            <lemma>and</lemma>
            <CharacterOffsetBegin>1000</CharacterOffsetBegin>
            <CharacterOffsetEnd>1003</CharacterOffsetEnd>
            <POS>CC</POS>
          </token>
          <token id="5">
            <word>some</word>
            <lemma>some</lemma>
            <CharacterOffsetBegin>1004</CharacterOffsetBegin>
            <CharacterOffsetEnd>1008</CharacterOffsetEnd>
            <POS>DT</POS>
          </token>
          <token id="6">
            <word>of</word>
            <lemma>of</lemma>
            <CharacterOffsetBegin>1009</CharacterOffsetBegin>
            <CharacterOffsetEnd>1011</CharacterOffsetEnd>
            <POS>IN</POS>
          </token>
          <token id="7">
            <word>her</word>
            <lemma>she</lemma>
            <CharacterOffsetBegin>1012</CharacterOffsetBegin>
            <CharacterOffsetEnd>1015</CharacterOffsetEnd>
            <POS>PRP$</POS>
          </token>
          <token id="8">
            <word>ministers</word>
            <lemma>minister</lemma>
            <CharacterOffsetBegin>1016</CharacterOffsetBegin>
            <CharacterOffsetEnd>1025</CharacterOffsetEnd>
            <POS>NNS</POS>
          </token>
          <token id="9">
            <word>have</word>
            <lemma>have</lemma>
            <CharacterOffsetBegin>1026</CharacterOffsetBegin>
            <CharacterOffsetEnd>1030</CharacterOffsetEnd>
            <POS>VBP</POS>
          </token>
          <token id="10">
            <word>started</word>
            <lemma>start</lemma>
            <CharacterOffsetBegin>1031</CharacterOffsetBegin>
            <CharacterOffsetEnd>1038</CharacterOffsetEnd>
            <POS>VBN</POS>
          </token>
          <token id="11">
            <word>using</word>
            <lemma>use</lemma>
            <CharacterOffsetBegin>1039</CharacterOffsetBegin>
            <CharacterOffsetEnd>1044</CharacterOffsetEnd>
            <POS>VBG</POS>
          </token>
          <token id="12">
            <word>strident</word>
            <lemma>strident</lemma>
            <CharacterOffsetBegin>1045</CharacterOffsetBegin>
            <CharacterOffsetEnd>1053</CharacterOffsetEnd>
            <POS>JJ</POS>
          </token>
          <token id="13">
            <word>language</word>
            <lemma>language</lemma>
            <CharacterOffsetBegin>1054</CharacterOffsetBegin>
            <CharacterOffsetEnd>1062</CharacterOffsetEnd>
            <POS>NN</POS>
          </token>
          <token id="14">
            <word>to</word>
            <lemma>to</lemma>
            <CharacterOffsetBegin>1063</CharacterOffsetBegin>
            <CharacterOffsetEnd>1065</CharacterOffsetEnd>
            <POS>TO</POS>
          </token>
          <token id="15">
            <word>condemn</word>
            <lemma>condemn</lemma>
            <CharacterOffsetBegin>1066</CharacterOffsetBegin>
            <CharacterOffsetEnd>1073</CharacterOffsetEnd>
            <POS>VB</POS>
          </token>
          <token id="16">
            <word>the</word>
            <lemma>the</lemma>
            <CharacterOffsetBegin>1074</CharacterOffsetBegin>
            <CharacterOffsetEnd>1077</CharacterOffsetEnd>
            <POS>DT</POS>
          </token>
          <token id="17">
            <word>Greens</word>
            <lemma>green</lemma>
            <CharacterOffsetBegin>1078</CharacterOffsetBegin>
            <CharacterOffsetEnd>1084</CharacterOffsetEnd>
            <POS>NNS</POS>
          </token>
          <token id="18">
            <word>'</word>
            <lemma>'</lemma>
            <CharacterOffsetBegin>1084</CharacterOffsetBegin>
            <CharacterOffsetEnd>1085</CharacterOffsetEnd>
            <POS>POS</POS>
          </token>
          <token id="19">
            <word>policies</word>
            <lemma>policy</lemma>
            <CharacterOffsetBegin>1086</CharacterOffsetBegin>
            <CharacterOffsetEnd>1094</CharacterOffsetEnd>
            <POS>NNS</POS>
          </token>
          <token id="20">
            <word>and</word>
            <lemma>and</lemma>
            <CharacterOffsetBegin>1095</CharacterOffsetBegin>
            <CharacterOffsetEnd>1098</CharacterOffsetEnd>
            <POS>CC</POS>
          </token>
          <token id="21">
            <word>paint</word>
            <lemma>paint</lemma>
            <CharacterOffsetBegin>1099</CharacterOffsetBegin>
            <CharacterOffsetEnd>1104</CharacterOffsetEnd>
            <POS>VBP</POS>
          </token>
          <token id="22">
            <word>them</word>
            <lemma>they</lemma>
            <CharacterOffsetBegin>1105</CharacterOffsetBegin>
            <CharacterOffsetEnd>1109</CharacterOffsetEnd>
            <POS>PRP</POS>
          </token>
          <token id="23">
            <word>as</word>
            <lemma>as</lemma>
            <CharacterOffsetBegin>1110</CharacterOffsetBegin>
            <CharacterOffsetEnd>1112</CharacterOffsetEnd>
            <POS>IN</POS>
          </token>
          <token id="24">
            <word>being</word>
            <lemma>be</lemma>
            <CharacterOffsetBegin>1113</CharacterOffsetBegin>
            <CharacterOffsetEnd>1118</CharacterOffsetEnd>
            <POS>VBG</POS>
          </token>
          <token id="25">
            <word>unworldly</word>
            <lemma>unworldly</lemma>
            <CharacterOffsetBegin>1119</CharacterOffsetBegin>
            <CharacterOffsetEnd>1128</CharacterOffsetEnd>
            <POS>JJ</POS>
          </token>
          <token id="26">
            <word>and</word>
            <lemma>and</lemma>
            <CharacterOffsetBegin>1129</CharacterOffsetBegin>
            <CharacterOffsetEnd>1132</CharacterOffsetEnd>
            <POS>CC</POS>
          </token>
          <token id="27">
            <word>not</word>
            <lemma>not</lemma>
            <CharacterOffsetBegin>1133</CharacterOffsetBegin>
            <CharacterOffsetEnd>1136</CharacterOffsetEnd>
            <POS>RB</POS>
          </token>
          <token id="28">
            <word>a</word>
            <lemma>a</lemma>
            <CharacterOffsetBegin>1137</CharacterOffsetBegin>
            <CharacterOffsetEnd>1138</CharacterOffsetEnd>
            <POS>DT</POS>
          </token>
          <token id="29">
            <word>party</word>
            <lemma>party</lemma>
            <CharacterOffsetBegin>1139</CharacterOffsetBegin>
            <CharacterOffsetEnd>1144</CharacterOffsetEnd>
            <POS>NN</POS>
          </token>
          <token id="30">
            <word>of</word>
            <lemma>of</lemma>
            <CharacterOffsetBegin>1145</CharacterOffsetBegin>
            <CharacterOffsetEnd>1147</CharacterOffsetEnd>
            <POS>IN</POS>
          </token>
          <token id="31">
            <word>government</word>
            <lemma>government</lemma>
            <CharacterOffsetBegin>1148</CharacterOffsetBegin>
            <CharacterOffsetEnd>1158</CharacterOffsetEnd>
            <POS>NN</POS>
          </token>
          <token id="32">
            <word>.</word>
            <lemma>.</lemma>
            <CharacterOffsetBegin>1158</CharacterOffsetBegin>
            <CharacterOffsetEnd>1159</CharacterOffsetEnd>
            <POS>.</POS>
          </token>
        </tokens>
      </sentence>
      <sentence id="9">
        <tokens>
          <token id="1">
            <word>At</word>
            <lemma>at</lemma>
            <CharacterOffsetBegin>1160</CharacterOffsetBegin>
            <CharacterOffsetEnd>1162</CharacterOffsetEnd>
            <POS>IN</POS>
          </token>
          <token id="2">
            <word>the</word>
            <lemma>the</lemma>
            <CharacterOffsetBegin>1163</CharacterOffsetBegin>
            <CharacterOffsetEnd>1166</CharacterOffsetEnd>
            <POS>DT</POS>
          </token>
          <token id="3">
            <word>same</word>
            <lemma>same</lemma>
            <CharacterOffsetBegin>1167</CharacterOffsetBegin>
            <CharacterOffsetEnd>1171</CharacterOffsetEnd>
            <POS>JJ</POS>
          </token>
          <token id="4">
            <word>time</word>
            <lemma>time</lemma>
            <CharacterOffsetBegin>1172</CharacterOffsetBegin>
            <CharacterOffsetEnd>1176</CharacterOffsetEnd>
            <POS>NN</POS>
          </token>
          <token id="5">
            <word>,</word>
            <lemma>,</lemma>
            <CharacterOffsetBegin>1176</CharacterOffsetBegin>
            <CharacterOffsetEnd>1177</CharacterOffsetEnd>
            <POS>,</POS>
          </token>
          <token id="6">
            <word>the</word>
            <lemma>the</lemma>
            <CharacterOffsetBegin>1178</CharacterOffsetBegin>
            <CharacterOffsetEnd>1181</CharacterOffsetEnd>
            <POS>DT</POS>
          </token>
          <token id="7">
            <word>Greens</word>
            <lemma>Greens</lemma>
            <CharacterOffsetBegin>1182</CharacterOffsetBegin>
            <CharacterOffsetEnd>1188</CharacterOffsetEnd>
            <POS>NNP</POS>
          </token>
          <token id="8">
            <word>'</word>
            <lemma>'</lemma>
            <CharacterOffsetBegin>1188</CharacterOffsetBegin>
            <CharacterOffsetEnd>1189</CharacterOffsetEnd>
            <POS>POS</POS>
          </token>
          <token id="9">
            <word>leader</word>
            <lemma>leader</lemma>
            <CharacterOffsetBegin>1190</CharacterOffsetBegin>
            <CharacterOffsetEnd>1196</CharacterOffsetEnd>
            <POS>NN</POS>
          </token>
          <token id="10">
            <word>has</word>
            <lemma>have</lemma>
            <CharacterOffsetBegin>1197</CharacterOffsetBegin>
            <CharacterOffsetEnd>1200</CharacterOffsetEnd>
            <POS>VBZ</POS>
          </token>
          <token id="11">
            <word>been</word>
            <lemma>be</lemma>
            <CharacterOffsetBegin>1201</CharacterOffsetBegin>
            <CharacterOffsetEnd>1205</CharacterOffsetEnd>
            <POS>VBN</POS>
          </token>
          <token id="12">
            <word>pushing</word>
            <lemma>push</lemma>
            <CharacterOffsetBegin>1206</CharacterOffsetBegin>
            <CharacterOffsetEnd>1213</CharacterOffsetEnd>
            <POS>VBG</POS>
          </token>
          <token id="13">
            <word>his</word>
            <lemma>he</lemma>
            <CharacterOffsetBegin>1214</CharacterOffsetBegin>
            <CharacterOffsetEnd>1217</CharacterOffsetEnd>
            <POS>PRP$</POS>
          </token>
          <token id="14">
            <word>party</word>
            <lemma>party</lemma>
            <CharacterOffsetBegin>1218</CharacterOffsetBegin>
            <CharacterOffsetEnd>1223</CharacterOffsetEnd>
            <POS>NN</POS>
          </token>
          <token id="15">
            <word>as</word>
            <lemma>as</lemma>
            <CharacterOffsetBegin>1224</CharacterOffsetBegin>
            <CharacterOffsetEnd>1226</CharacterOffsetEnd>
            <POS>IN</POS>
          </token>
          <token id="16">
            <word>mainstream</word>
            <lemma>mainstream</lemma>
            <CharacterOffsetBegin>1227</CharacterOffsetBegin>
            <CharacterOffsetEnd>1237</CharacterOffsetEnd>
            <POS>NN</POS>
          </token>
          <token id="17">
            <word>,</word>
            <lemma>,</lemma>
            <CharacterOffsetBegin>1237</CharacterOffsetBegin>
            <CharacterOffsetEnd>1238</CharacterOffsetEnd>
            <POS>,</POS>
          </token>
          <token id="18">
            <word>reasonable</word>
            <lemma>reasonable</lemma>
            <CharacterOffsetBegin>1239</CharacterOffsetBegin>
            <CharacterOffsetEnd>1249</CharacterOffsetEnd>
            <POS>JJ</POS>
          </token>
          <token id="19">
            <word>and</word>
            <lemma>and</lemma>
            <CharacterOffsetBegin>1250</CharacterOffsetBegin>
            <CharacterOffsetEnd>1253</CharacterOffsetEnd>
            <POS>CC</POS>
          </token>
          <token id="20">
            <word>responsible</word>
            <lemma>responsible</lemma>
            <CharacterOffsetBegin>1254</CharacterOffsetBegin>
            <CharacterOffsetEnd>1265</CharacterOffsetEnd>
            <POS>JJ</POS>
          </token>
          <token id="21">
            <word>as</word>
            <lemma>as</lemma>
            <CharacterOffsetBegin>1266</CharacterOffsetBegin>
            <CharacterOffsetEnd>1268</CharacterOffsetEnd>
            <POS>IN</POS>
          </token>
          <token id="22">
            <word>he</word>
            <lemma>he</lemma>
            <CharacterOffsetBegin>1269</CharacterOffsetBegin>
            <CharacterOffsetEnd>1271</CharacterOffsetEnd>
            <POS>PRP</POS>
          </token>
          <token id="23">
            <word>tries</word>
            <lemma>try</lemma>
            <CharacterOffsetBegin>1272</CharacterOffsetBegin>
            <CharacterOffsetEnd>1277</CharacterOffsetEnd>
            <POS>VBZ</POS>
          </token>
          <token id="24">
            <word>to</word>
            <lemma>to</lemma>
            <CharacterOffsetBegin>1278</CharacterOffsetBegin>
            <CharacterOffsetEnd>1280</CharacterOffsetEnd>
            <POS>TO</POS>
          </token>
          <token id="25">
            <word>pick</word>
            <lemma>pick</lemma>
            <CharacterOffsetBegin>1281</CharacterOffsetBegin>
            <CharacterOffsetEnd>1285</CharacterOffsetEnd>
            <POS>VB</POS>
          </token>
          <token id="26">
            <word>up</word>
            <lemma>up</lemma>
            <CharacterOffsetBegin>1286</CharacterOffsetBegin>
            <CharacterOffsetEnd>1288</CharacterOffsetEnd>
            <POS>RP</POS>
          </token>
          <token id="27">
            <word>Labor</word>
            <lemma>Labor</lemma>
            <CharacterOffsetBegin>1289</CharacterOffsetBegin>
            <CharacterOffsetEnd>1294</CharacterOffsetEnd>
            <POS>NNP</POS>
          </token>
          <token id="28">
            <word>voters</word>
            <lemma>voter</lemma>
            <CharacterOffsetBegin>1295</CharacterOffsetBegin>
            <CharacterOffsetEnd>1301</CharacterOffsetEnd>
            <POS>NNS</POS>
          </token>
          <token id="29">
            <word>and</word>
            <lemma>and</lemma>
            <CharacterOffsetBegin>1302</CharacterOffsetBegin>
            <CharacterOffsetEnd>1305</CharacterOffsetEnd>
            <POS>CC</POS>
          </token>
          <token id="30">
            <word>any</word>
            <lemma>any</lemma>
            <CharacterOffsetBegin>1306</CharacterOffsetBegin>
            <CharacterOffsetEnd>1309</CharacterOffsetEnd>
            <POS>DT</POS>
          </token>
          <token id="31">
            <word>Liberals</word>
            <lemma>liberal</lemma>
            <CharacterOffsetBegin>1310</CharacterOffsetBegin>
            <CharacterOffsetEnd>1318</CharacterOffsetEnd>
            <POS>NNS</POS>
          </token>
          <token id="32">
            <word>who</word>
            <lemma>who</lemma>
            <CharacterOffsetBegin>1319</CharacterOffsetBegin>
            <CharacterOffsetEnd>1322</CharacterOffsetEnd>
            <POS>WP</POS>
          </token>
          <token id="33">
            <word>want</word>
            <lemma>want</lemma>
            <CharacterOffsetBegin>1323</CharacterOffsetBegin>
            <CharacterOffsetEnd>1327</CharacterOffsetEnd>
            <POS>VBP</POS>
          </token>
          <token id="34">
            <word>action</word>
            <lemma>action</lemma>
            <CharacterOffsetBegin>1328</CharacterOffsetBegin>
            <CharacterOffsetEnd>1334</CharacterOffsetEnd>
            <POS>NN</POS>
          </token>
          <token id="35">
            <word>on</word>
            <lemma>on</lemma>
            <CharacterOffsetBegin>1335</CharacterOffsetBegin>
            <CharacterOffsetEnd>1337</CharacterOffsetEnd>
            <POS>IN</POS>
          </token>
          <token id="36">
            <word>climate</word>
            <lemma>climate</lemma>
            <CharacterOffsetBegin>1338</CharacterOffsetBegin>
            <CharacterOffsetEnd>1345</CharacterOffsetEnd>
            <POS>NN</POS>
          </token>
          <token id="37">
            <word>change</word>
            <lemma>change</lemma>
            <CharacterOffsetBegin>1346</CharacterOffsetBegin>
            <CharacterOffsetEnd>1352</CharacterOffsetEnd>
            <POS>NN</POS>
          </token>
          <token id="38">
            <word>.</word>
            <lemma>.</lemma>
            <CharacterOffsetBegin>1352</CharacterOffsetBegin>
            <CharacterOffsetEnd>1353</CharacterOffsetEnd>
            <POS>.</POS>
          </token>
        </tokens>
      </sentence>
      <sentence id="10">
        <tokens>
          <token id="1">
            <word>While</word>
            <lemma>while</lemma>
            <CharacterOffsetBegin>1354</CharacterOffsetBegin>
            <CharacterOffsetEnd>1359</CharacterOffsetEnd>
            <POS>IN</POS>
          </token>
          <token id="2">
            <word>blaming</word>
            <lemma>blame</lemma>
            <CharacterOffsetBegin>1360</CharacterOffsetBegin>
            <CharacterOffsetEnd>1367</CharacterOffsetEnd>
            <POS>VBG</POS>
          </token>
          <token id="3">
            <word>''</word>
            <lemma>''</lemma>
            <CharacterOffsetBegin>1368</CharacterOffsetBegin>
            <CharacterOffsetEnd>1369</CharacterOffsetEnd>
            <POS>''</POS>
          </token>
          <token id="4">
            <word>``</word>
            <lemma>``</lemma>
            <CharacterOffsetBegin>1369</CharacterOffsetBegin>
            <CharacterOffsetEnd>1370</CharacterOffsetEnd>
            <POS>``</POS>
          </token>
          <token id="5">
            <word>the</word>
            <lemma>the</lemma>
            <CharacterOffsetBegin>1370</CharacterOffsetBegin>
            <CharacterOffsetEnd>1373</CharacterOffsetEnd>
            <POS>DT</POS>
          </token>
          <token id="6">
            <word>hate</word>
            <lemma>hate</lemma>
            <CharacterOffsetBegin>1374</CharacterOffsetBegin>
            <CharacterOffsetEnd>1378</CharacterOffsetEnd>
            <POS>NN</POS>
          </token>
          <token id="7">
            <word>media</word>
            <lemma>media</lemma>
            <CharacterOffsetBegin>1379</CharacterOffsetBegin>
            <CharacterOffsetEnd>1384</CharacterOffsetEnd>
            <POS>NNS</POS>
          </token>
          <token id="8">
            <word>''</word>
            <lemma>''</lemma>
            <CharacterOffsetBegin>1384</CharacterOffsetBegin>
            <CharacterOffsetEnd>1385</CharacterOffsetEnd>
            <POS>''</POS>
          </token>
          <token id="9">
            <word>''</word>
            <lemma>''</lemma>
            <CharacterOffsetBegin>1385</CharacterOffsetBegin>
            <CharacterOffsetEnd>1386</CharacterOffsetEnd>
            <POS>''</POS>
          </token>
          <token id="10">
            <word>-</word>
            <lemma>-</lemma>
            <CharacterOffsetBegin>1387</CharacterOffsetBegin>
            <CharacterOffsetEnd>1388</CharacterOffsetEnd>
            <POS>:</POS>
          </token>
          <token id="11">
            <word>specifically</word>
            <lemma>specifically</lemma>
            <CharacterOffsetBegin>1389</CharacterOffsetBegin>
            <CharacterOffsetEnd>1401</CharacterOffsetEnd>
            <POS>RB</POS>
          </token>
          <token id="12">
            <word>The</word>
            <lemma>the</lemma>
            <CharacterOffsetBegin>1402</CharacterOffsetBegin>
            <CharacterOffsetEnd>1405</CharacterOffsetEnd>
            <POS>DT</POS>
          </token>
          <token id="13">
            <word>Australian</word>
            <lemma>australian</lemma>
            <CharacterOffsetBegin>1406</CharacterOffsetBegin>
            <CharacterOffsetEnd>1416</CharacterOffsetEnd>
            <POS>JJ</POS>
          </token>
          <token id="14">
            <word>for</word>
            <lemma>for</lemma>
            <CharacterOffsetBegin>1417</CharacterOffsetBegin>
            <CharacterOffsetEnd>1420</CharacterOffsetEnd>
            <POS>IN</POS>
          </token>
          <token id="15">
            <word>reporting</word>
            <lemma>report</lemma>
            <CharacterOffsetBegin>1421</CharacterOffsetBegin>
            <CharacterOffsetEnd>1430</CharacterOffsetEnd>
            <POS>VBG</POS>
          </token>
          <token id="16">
            <word>the</word>
            <lemma>the</lemma>
            <CharacterOffsetBegin>1431</CharacterOffsetBegin>
            <CharacterOffsetEnd>1434</CharacterOffsetEnd>
            <POS>DT</POS>
          </token>
          <token id="17">
            <word>Greens</word>
            <lemma>green</lemma>
            <CharacterOffsetBegin>1435</CharacterOffsetBegin>
            <CharacterOffsetEnd>1441</CharacterOffsetEnd>
            <POS>NNS</POS>
          </token>
          <token id="18">
            <word>policy</word>
            <lemma>policy</lemma>
            <CharacterOffsetBegin>1442</CharacterOffsetBegin>
            <CharacterOffsetEnd>1448</CharacterOffsetEnd>
            <POS>NN</POS>
          </token>
          <token id="19">
            <word>of</word>
            <lemma>of</lemma>
            <CharacterOffsetBegin>1449</CharacterOffsetBegin>
            <CharacterOffsetEnd>1451</CharacterOffsetEnd>
            <POS>IN</POS>
          </token>
          <token id="20">
            <word>a</word>
            <lemma>a</lemma>
            <CharacterOffsetBegin>1452</CharacterOffsetBegin>
            <CharacterOffsetEnd>1453</CharacterOffsetEnd>
            <POS>DT</POS>
          </token>
          <token id="21">
            <word>boycott</word>
            <lemma>boycott</lemma>
            <CharacterOffsetBegin>1454</CharacterOffsetBegin>
            <CharacterOffsetEnd>1461</CharacterOffsetEnd>
            <POS>NN</POS>
          </token>
          <token id="22">
            <word>of</word>
            <lemma>of</lemma>
            <CharacterOffsetBegin>1462</CharacterOffsetBegin>
            <CharacterOffsetEnd>1464</CharacterOffsetEnd>
            <POS>IN</POS>
          </token>
          <token id="23">
            <word>Israel</word>
            <lemma>Israel</lemma>
            <CharacterOffsetBegin>1465</CharacterOffsetBegin>
            <CharacterOffsetEnd>1471</CharacterOffsetEnd>
            <POS>NNP</POS>
          </token>
          <token id="24">
            <word>-</word>
            <lemma>-</lemma>
            <CharacterOffsetBegin>1472</CharacterOffsetBegin>
            <CharacterOffsetEnd>1473</CharacterOffsetEnd>
            <POS>:</POS>
          </token>
          <token id="25">
            <word>Brown</word>
            <lemma>Brown</lemma>
            <CharacterOffsetBegin>1474</CharacterOffsetBegin>
            <CharacterOffsetEnd>1479</CharacterOffsetEnd>
            <POS>NNP</POS>
          </token>
          <token id="26">
            <word>conceded</word>
            <lemma>concede</lemma>
            <CharacterOffsetBegin>1480</CharacterOffsetBegin>
            <CharacterOffsetEnd>1488</CharacterOffsetEnd>
            <POS>VBD</POS>
          </token>
          <token id="27">
            <word>yesterday</word>
            <lemma>yesterday</lemma>
            <CharacterOffsetBegin>1489</CharacterOffsetBegin>
            <CharacterOffsetEnd>1498</CharacterOffsetEnd>
            <POS>NN</POS>
          </token>
          <token id="28">
            <word>that</word>
            <lemma>that</lemma>
            <CharacterOffsetBegin>1499</CharacterOffsetBegin>
            <CharacterOffsetEnd>1503</CharacterOffsetEnd>
            <POS>IN</POS>
          </token>
          <token id="29">
            <word>it</word>
            <lemma>it</lemma>
            <CharacterOffsetBegin>1504</CharacterOffsetBegin>
            <CharacterOffsetEnd>1506</CharacterOffsetEnd>
            <POS>PRP</POS>
          </token>
          <token id="30">
            <word>cost</word>
            <lemma>cost</lemma>
            <CharacterOffsetBegin>1507</CharacterOffsetBegin>
            <CharacterOffsetEnd>1511</CharacterOffsetEnd>
            <POS>VBD</POS>
          </token>
          <token id="31">
            <word>the</word>
            <lemma>the</lemma>
            <CharacterOffsetBegin>1512</CharacterOffsetBegin>
            <CharacterOffsetEnd>1515</CharacterOffsetEnd>
            <POS>DT</POS>
          </token>
          <token id="32">
            <word>Greens</word>
            <lemma>Greens</lemma>
            <CharacterOffsetBegin>1516</CharacterOffsetBegin>
            <CharacterOffsetEnd>1522</CharacterOffsetEnd>
            <POS>NNP</POS>
          </token>
          <token id="33">
            <word>votes</word>
            <lemma>vote</lemma>
            <CharacterOffsetBegin>1523</CharacterOffsetBegin>
            <CharacterOffsetEnd>1528</CharacterOffsetEnd>
            <POS>NNS</POS>
          </token>
          <token id="34">
            <word>in</word>
            <lemma>in</lemma>
            <CharacterOffsetBegin>1529</CharacterOffsetBegin>
            <CharacterOffsetEnd>1531</CharacterOffsetEnd>
            <POS>IN</POS>
          </token>
          <token id="35">
            <word>NSW</word>
            <lemma>nsw</lemma>
            <CharacterOffsetBegin>1532</CharacterOffsetBegin>
            <CharacterOffsetEnd>1535</CharacterOffsetEnd>
            <POS>NN</POS>
          </token>
          <token id="36">
            <word>and</word>
            <lemma>and</lemma>
            <CharacterOffsetBegin>1536</CharacterOffsetBegin>
            <CharacterOffsetEnd>1539</CharacterOffsetEnd>
            <POS>CC</POS>
          </token>
          <token id="37">
            <word>was</word>
            <lemma>be</lemma>
            <CharacterOffsetBegin>1540</CharacterOffsetBegin>
            <CharacterOffsetEnd>1543</CharacterOffsetEnd>
            <POS>VBD</POS>
          </token>
          <token id="38">
            <word>wrong</word>
            <lemma>wrong</lemma>
            <CharacterOffsetBegin>1544</CharacterOffsetBegin>
            <CharacterOffsetEnd>1549</CharacterOffsetEnd>
            <POS>JJ</POS>
          </token>
          <token id="39">
            <word>.</word>
            <lemma>.</lemma>
            <CharacterOffsetBegin>1549</CharacterOffsetBegin>
            <CharacterOffsetEnd>1550</CharacterOffsetEnd>
            <POS>.</POS>
          </token>
        </tokens>
      </sentence>
      <sentence id="11">
        <tokens>
          <token id="1">
            <word>It</word>
            <lemma>it</lemma>
            <CharacterOffsetBegin>1551</CharacterOffsetBegin>
            <CharacterOffsetEnd>1553</CharacterOffsetEnd>
            <POS>PRP</POS>
          </token>
          <token id="2">
            <word>put</word>
            <lemma>put</lemma>
            <CharacterOffsetBegin>1554</CharacterOffsetBegin>
            <CharacterOffsetEnd>1557</CharacterOffsetEnd>
            <POS>VBD</POS>
          </token>
          <token id="3">
            <word>the</word>
            <lemma>the</lemma>
            <CharacterOffsetBegin>1558</CharacterOffsetBegin>
            <CharacterOffsetEnd>1561</CharacterOffsetEnd>
            <POS>DT</POS>
          </token>
          <token id="4">
            <word>Greens</word>
            <lemma>Greens</lemma>
            <CharacterOffsetBegin>1562</CharacterOffsetBegin>
            <CharacterOffsetEnd>1568</CharacterOffsetEnd>
            <POS>NNP</POS>
          </token>
          <token id="5">
            <word>back</word>
            <lemma>back</lemma>
            <CharacterOffsetBegin>1569</CharacterOffsetBegin>
            <CharacterOffsetEnd>1573</CharacterOffsetEnd>
            <POS>RB</POS>
          </token>
          <token id="6">
            <word>in</word>
            <lemma>in</lemma>
            <CharacterOffsetBegin>1574</CharacterOffsetBegin>
            <CharacterOffsetEnd>1576</CharacterOffsetEnd>
            <POS>IN</POS>
          </token>
          <token id="7">
            <word>the</word>
            <lemma>the</lemma>
            <CharacterOffsetBegin>1577</CharacterOffsetBegin>
            <CharacterOffsetEnd>1580</CharacterOffsetEnd>
            <POS>DT</POS>
          </token>
          <token id="8">
            <word>extreme</word>
            <lemma>extreme</lemma>
            <CharacterOffsetBegin>1581</CharacterOffsetBegin>
            <CharacterOffsetEnd>1588</CharacterOffsetEnd>
            <POS>JJ</POS>
          </token>
          <token id="9">
            <word>shade</word>
            <lemma>shade</lemma>
            <CharacterOffsetBegin>1589</CharacterOffsetBegin>
            <CharacterOffsetEnd>1594</CharacterOffsetEnd>
            <POS>NN</POS>
          </token>
          <token id="10">
            <word>and</word>
            <lemma>and</lemma>
            <CharacterOffsetBegin>1595</CharacterOffsetBegin>
            <CharacterOffsetEnd>1598</CharacterOffsetEnd>
            <POS>CC</POS>
          </token>
          <token id="11">
            <word>made</word>
            <lemma>make</lemma>
            <CharacterOffsetBegin>1599</CharacterOffsetBegin>
            <CharacterOffsetEnd>1603</CharacterOffsetEnd>
            <POS>VBD</POS>
          </token>
          <token id="12">
            <word>the</word>
            <lemma>the</lemma>
            <CharacterOffsetBegin>1604</CharacterOffsetBegin>
            <CharacterOffsetEnd>1607</CharacterOffsetEnd>
            <POS>DT</POS>
          </token>
          <token id="13">
            <word>long-term</word>
            <lemma>long-term</lemma>
            <CharacterOffsetBegin>1608</CharacterOffsetBegin>
            <CharacterOffsetEnd>1617</CharacterOffsetEnd>
            <POS>JJ</POS>
          </token>
          <token id="14">
            <word>hope</word>
            <lemma>hope</lemma>
            <CharacterOffsetBegin>1618</CharacterOffsetBegin>
            <CharacterOffsetEnd>1622</CharacterOffsetEnd>
            <POS>NN</POS>
          </token>
          <token id="15">
            <word>of</word>
            <lemma>of</lemma>
            <CharacterOffsetBegin>1623</CharacterOffsetBegin>
            <CharacterOffsetEnd>1625</CharacterOffsetEnd>
            <POS>IN</POS>
          </token>
          <token id="16">
            <word>replacing</word>
            <lemma>replace</lemma>
            <CharacterOffsetBegin>1626</CharacterOffsetBegin>
            <CharacterOffsetEnd>1635</CharacterOffsetEnd>
            <POS>VBG</POS>
          </token>
          <token id="17">
            <word>a</word>
            <lemma>a</lemma>
            <CharacterOffsetBegin>1636</CharacterOffsetBegin>
            <CharacterOffsetEnd>1637</CharacterOffsetEnd>
            <POS>DT</POS>
          </token>
          <token id="18">
            <word>major</word>
            <lemma>major</lemma>
            <CharacterOffsetBegin>1638</CharacterOffsetBegin>
            <CharacterOffsetEnd>1643</CharacterOffsetEnd>
            <POS>JJ</POS>
          </token>
          <token id="19">
            <word>party</word>
            <lemma>party</lemma>
            <CharacterOffsetBegin>1644</CharacterOffsetBegin>
            <CharacterOffsetEnd>1649</CharacterOffsetEnd>
            <POS>NN</POS>
          </token>
          <token id="20">
            <word>-LRB-</word>
            <lemma>-lrb-</lemma>
            <CharacterOffsetBegin>1650</CharacterOffsetBegin>
            <CharacterOffsetEnd>1651</CharacterOffsetEnd>
            <POS>-LRB-</POS>
          </token>
          <token id="21">
            <word>Labor</word>
            <lemma>labor</lemma>
            <CharacterOffsetBegin>1651</CharacterOffsetBegin>
            <CharacterOffsetEnd>1656</CharacterOffsetEnd>
            <POS>NN</POS>
          </token>
          <token id="22">
            <word>-RRB-</word>
            <lemma>-rrb-</lemma>
            <CharacterOffsetBegin>1656</CharacterOffsetBegin>
            <CharacterOffsetEnd>1657</CharacterOffsetEnd>
            <POS>-RRB-</POS>
          </token>
          <token id="23">
            <word>less</word>
            <lemma>less</lemma>
            <CharacterOffsetBegin>1658</CharacterOffsetBegin>
            <CharacterOffsetEnd>1662</CharacterOffsetEnd>
            <POS>RBR</POS>
          </token>
          <token id="24">
            <word>likely</word>
            <lemma>likely</lemma>
            <CharacterOffsetBegin>1663</CharacterOffsetBegin>
            <CharacterOffsetEnd>1669</CharacterOffsetEnd>
            <POS>JJ</POS>
          </token>
          <token id="25">
            <word>.</word>
            <lemma>.</lemma>
            <CharacterOffsetBegin>1669</CharacterOffsetBegin>
            <CharacterOffsetEnd>1670</CharacterOffsetEnd>
            <POS>.</POS>
          </token>
        </tokens>
      </sentence>
      <sentence id="12">
        <tokens>
          <token id="1">
            <word>As</word>
            <lemma>as</lemma>
            <CharacterOffsetBegin>1671</CharacterOffsetBegin>
            <CharacterOffsetEnd>1673</CharacterOffsetEnd>
            <POS>IN</POS>
          </token>
          <token id="2">
            <word>Nationals</word>
            <lemma>national</lemma>
            <CharacterOffsetBegin>1674</CharacterOffsetBegin>
            <CharacterOffsetEnd>1683</CharacterOffsetEnd>
            <POS>NNS</POS>
          </token>
          <token id="3">
            <word>'</word>
            <lemma>'</lemma>
            <CharacterOffsetBegin>1683</CharacterOffsetBegin>
            <CharacterOffsetEnd>1684</CharacterOffsetEnd>
            <POS>POS</POS>
          </token>
          <token id="4">
            <word>senator</word>
            <lemma>senator</lemma>
            <CharacterOffsetBegin>1685</CharacterOffsetBegin>
            <CharacterOffsetEnd>1692</CharacterOffsetEnd>
            <POS>NN</POS>
          </token>
          <token id="5">
            <word>Ron</word>
            <lemma>Ron</lemma>
            <CharacterOffsetBegin>1693</CharacterOffsetBegin>
            <CharacterOffsetEnd>1696</CharacterOffsetEnd>
            <POS>NNP</POS>
          </token>
          <token id="6">
            <word>Boswell</word>
            <lemma>Boswell</lemma>
            <CharacterOffsetBegin>1697</CharacterOffsetBegin>
            <CharacterOffsetEnd>1704</CharacterOffsetEnd>
            <POS>NNP</POS>
          </token>
          <token id="7">
            <word>noted</word>
            <lemma>note</lemma>
            <CharacterOffsetBegin>1705</CharacterOffsetBegin>
            <CharacterOffsetEnd>1710</CharacterOffsetEnd>
            <POS>VBD</POS>
          </token>
          <token id="8">
            <word>yesterday</word>
            <lemma>yesterday</lemma>
            <CharacterOffsetBegin>1711</CharacterOffsetBegin>
            <CharacterOffsetEnd>1720</CharacterOffsetEnd>
            <POS>NN</POS>
          </token>
          <token id="9">
            <word>,</word>
            <lemma>,</lemma>
            <CharacterOffsetBegin>1720</CharacterOffsetBegin>
            <CharacterOffsetEnd>1721</CharacterOffsetEnd>
            <POS>,</POS>
          </token>
          <token id="10">
            <word>the</word>
            <lemma>the</lemma>
            <CharacterOffsetBegin>1722</CharacterOffsetBegin>
            <CharacterOffsetEnd>1725</CharacterOffsetEnd>
            <POS>DT</POS>
          </token>
          <token id="11">
            <word>Greens</word>
            <lemma>Greens</lemma>
            <CharacterOffsetBegin>1726</CharacterOffsetBegin>
            <CharacterOffsetEnd>1732</CharacterOffsetEnd>
            <POS>NNP</POS>
          </token>
          <token id="12">
            <word>in</word>
            <lemma>in</lemma>
            <CharacterOffsetBegin>1733</CharacterOffsetBegin>
            <CharacterOffsetEnd>1735</CharacterOffsetEnd>
            <POS>IN</POS>
          </token>
          <token id="13">
            <word>the</word>
            <lemma>the</lemma>
            <CharacterOffsetBegin>1736</CharacterOffsetBegin>
            <CharacterOffsetEnd>1739</CharacterOffsetEnd>
            <POS>DT</POS>
          </token>
          <token id="14">
            <word>Senate</word>
            <lemma>Senate</lemma>
            <CharacterOffsetBegin>1740</CharacterOffsetBegin>
            <CharacterOffsetEnd>1746</CharacterOffsetEnd>
            <POS>NNP</POS>
          </token>
          <token id="15">
            <word>opposed</word>
            <lemma>oppose</lemma>
            <CharacterOffsetBegin>1747</CharacterOffsetBegin>
            <CharacterOffsetEnd>1754</CharacterOffsetEnd>
            <POS>VBD</POS>
          </token>
          <token id="16">
            <word>a</word>
            <lemma>a</lemma>
            <CharacterOffsetBegin>1755</CharacterOffsetBegin>
            <CharacterOffsetEnd>1756</CharacterOffsetEnd>
            <POS>DT</POS>
          </token>
          <token id="17">
            <word>motion</word>
            <lemma>motion</lemma>
            <CharacterOffsetBegin>1757</CharacterOffsetBegin>
            <CharacterOffsetEnd>1763</CharacterOffsetEnd>
            <POS>NN</POS>
          </token>
          <token id="18">
            <word>moved</word>
            <lemma>move</lemma>
            <CharacterOffsetBegin>1764</CharacterOffsetBegin>
            <CharacterOffsetEnd>1769</CharacterOffsetEnd>
            <POS>VBD</POS>
          </token>
          <token id="19">
            <word>last</word>
            <lemma>last</lemma>
            <CharacterOffsetBegin>1770</CharacterOffsetBegin>
            <CharacterOffsetEnd>1774</CharacterOffsetEnd>
            <POS>JJ</POS>
          </token>
          <token id="20">
            <word>week</word>
            <lemma>week</lemma>
            <CharacterOffsetBegin>1775</CharacterOffsetBegin>
            <CharacterOffsetEnd>1779</CharacterOffsetEnd>
            <POS>NN</POS>
          </token>
          <token id="21">
            <word>to</word>
            <lemma>to</lemma>
            <CharacterOffsetBegin>1780</CharacterOffsetBegin>
            <CharacterOffsetEnd>1782</CharacterOffsetEnd>
            <POS>TO</POS>
          </token>
          <token id="22">
            <word>denounce</word>
            <lemma>denounce</lemma>
            <CharacterOffsetBegin>1783</CharacterOffsetBegin>
            <CharacterOffsetEnd>1791</CharacterOffsetEnd>
            <POS>VB</POS>
          </token>
          <token id="23">
            <word>the</word>
            <lemma>the</lemma>
            <CharacterOffsetBegin>1792</CharacterOffsetBegin>
            <CharacterOffsetEnd>1795</CharacterOffsetEnd>
            <POS>DT</POS>
          </token>
          <token id="24">
            <word>Israeli</word>
            <lemma>israeli</lemma>
            <CharacterOffsetBegin>1796</CharacterOffsetBegin>
            <CharacterOffsetEnd>1803</CharacterOffsetEnd>
            <POS>JJ</POS>
          </token>
          <token id="25">
            <word>boycott</word>
            <lemma>boycott</lemma>
            <CharacterOffsetBegin>1804</CharacterOffsetBegin>
            <CharacterOffsetEnd>1811</CharacterOffsetEnd>
            <POS>NN</POS>
          </token>
          <token id="26">
            <word>but</word>
            <lemma>but</lemma>
            <CharacterOffsetBegin>1812</CharacterOffsetBegin>
            <CharacterOffsetEnd>1815</CharacterOffsetEnd>
            <POS>CC</POS>
          </token>
          <token id="27">
            <word>yesterday</word>
            <lemma>yesterday</lemma>
            <CharacterOffsetBegin>1816</CharacterOffsetBegin>
            <CharacterOffsetEnd>1825</CharacterOffsetEnd>
            <POS>NN</POS>
          </token>
          <token id="28">
            <word>was</word>
            <lemma>be</lemma>
            <CharacterOffsetBegin>1826</CharacterOffsetBegin>
            <CharacterOffsetEnd>1829</CharacterOffsetEnd>
            <POS>VBD</POS>
          </token>
          <token id="29">
            <word>saying</word>
            <lemma>say</lemma>
            <CharacterOffsetBegin>1830</CharacterOffsetBegin>
            <CharacterOffsetEnd>1836</CharacterOffsetEnd>
            <POS>VBG</POS>
          </token>
          <token id="30">
            <word>it</word>
            <lemma>it</lemma>
            <CharacterOffsetBegin>1837</CharacterOffsetBegin>
            <CharacterOffsetEnd>1839</CharacterOffsetEnd>
            <POS>PRP</POS>
          </token>
          <token id="31">
            <word>was</word>
            <lemma>be</lemma>
            <CharacterOffsetBegin>1840</CharacterOffsetBegin>
            <CharacterOffsetEnd>1843</CharacterOffsetEnd>
            <POS>VBD</POS>
          </token>
          <token id="32">
            <word>the</word>
            <lemma>the</lemma>
            <CharacterOffsetBegin>1844</CharacterOffsetBegin>
            <CharacterOffsetEnd>1847</CharacterOffsetEnd>
            <POS>DT</POS>
          </token>
          <token id="33">
            <word>wrong</word>
            <lemma>wrong</lemma>
            <CharacterOffsetBegin>1848</CharacterOffsetBegin>
            <CharacterOffsetEnd>1853</CharacterOffsetEnd>
            <POS>JJ</POS>
          </token>
          <token id="34">
            <word>thing</word>
            <lemma>thing</lemma>
            <CharacterOffsetBegin>1854</CharacterOffsetBegin>
            <CharacterOffsetEnd>1859</CharacterOffsetEnd>
            <POS>NN</POS>
          </token>
          <token id="35">
            <word>to</word>
            <lemma>to</lemma>
            <CharacterOffsetBegin>1860</CharacterOffsetBegin>
            <CharacterOffsetEnd>1862</CharacterOffsetEnd>
            <POS>TO</POS>
          </token>
          <token id="36">
            <word>do</word>
            <lemma>do</lemma>
            <CharacterOffsetBegin>1863</CharacterOffsetBegin>
            <CharacterOffsetEnd>1865</CharacterOffsetEnd>
            <POS>VB</POS>
          </token>
          <token id="37">
            <word>.</word>
            <lemma>.</lemma>
            <CharacterOffsetBegin>1865</CharacterOffsetBegin>
            <CharacterOffsetEnd>1866</CharacterOffsetEnd>
            <POS>.</POS>
          </token>
        </tokens>
      </sentence>
      <sentence id="13">
        <tokens>
          <token id="1">
            <word>The</word>
            <lemma>the</lemma>
            <CharacterOffsetBegin>1867</CharacterOffsetBegin>
            <CharacterOffsetEnd>1870</CharacterOffsetEnd>
            <POS>DT</POS>
          </token>
          <token id="2">
            <word>Greens</word>
            <lemma>Greens</lemma>
            <CharacterOffsetBegin>1871</CharacterOffsetBegin>
            <CharacterOffsetEnd>1877</CharacterOffsetEnd>
            <POS>NNP</POS>
          </token>
          <token id="3">
            <word>ca</word>
            <lemma>can</lemma>
            <CharacterOffsetBegin>1878</CharacterOffsetBegin>
            <CharacterOffsetEnd>1880</CharacterOffsetEnd>
            <POS>MD</POS>
          </token>
          <token id="4">
            <word>n't</word>
            <lemma>not</lemma>
            <CharacterOffsetBegin>1880</CharacterOffsetBegin>
            <CharacterOffsetEnd>1883</CharacterOffsetEnd>
            <POS>RB</POS>
          </token>
          <token id="5">
            <word>keep</word>
            <lemma>keep</lemma>
            <CharacterOffsetBegin>1884</CharacterOffsetBegin>
            <CharacterOffsetEnd>1888</CharacterOffsetEnd>
            <POS>VB</POS>
          </token>
          <token id="6">
            <word>having</word>
            <lemma>have</lemma>
            <CharacterOffsetBegin>1889</CharacterOffsetBegin>
            <CharacterOffsetEnd>1895</CharacterOffsetEnd>
            <POS>VBG</POS>
          </token>
          <token id="7">
            <word>a</word>
            <lemma>a</lemma>
            <CharacterOffsetBegin>1896</CharacterOffsetBegin>
            <CharacterOffsetEnd>1897</CharacterOffsetEnd>
            <POS>DT</POS>
          </token>
          <token id="8">
            <word>bob</word>
            <lemma>bob</lemma>
            <CharacterOffsetBegin>1898</CharacterOffsetBegin>
            <CharacterOffsetEnd>1901</CharacterOffsetEnd>
            <POS>NN</POS>
          </token>
          <token id="9">
            <word>each</word>
            <lemma>each</lemma>
            <CharacterOffsetBegin>1902</CharacterOffsetBegin>
            <CharacterOffsetEnd>1906</CharacterOffsetEnd>
            <POS>DT</POS>
          </token>
          <token id="10">
            <word>way</word>
            <lemma>way</lemma>
            <CharacterOffsetBegin>1907</CharacterOffsetBegin>
            <CharacterOffsetEnd>1910</CharacterOffsetEnd>
            <POS>NN</POS>
          </token>
          <token id="11">
            <word>,</word>
            <lemma>,</lemma>
            <CharacterOffsetBegin>1910</CharacterOffsetBegin>
            <CharacterOffsetEnd>1911</CharacterOffsetEnd>
            <POS>,</POS>
          </token>
          <token id="12">
            <word>as</word>
            <lemma>as</lemma>
            <CharacterOffsetBegin>1912</CharacterOffsetBegin>
            <CharacterOffsetEnd>1914</CharacterOffsetEnd>
            <POS>IN</POS>
          </token>
          <token id="13">
            <word>Boswell</word>
            <lemma>Boswell</lemma>
            <CharacterOffsetBegin>1915</CharacterOffsetBegin>
            <CharacterOffsetEnd>1922</CharacterOffsetEnd>
            <POS>NNP</POS>
          </token>
          <token id="14">
            <word>said</word>
            <lemma>say</lemma>
            <CharacterOffsetBegin>1923</CharacterOffsetBegin>
            <CharacterOffsetEnd>1927</CharacterOffsetEnd>
            <POS>VBD</POS>
          </token>
          <token id="15">
            <word>last</word>
            <lemma>last</lemma>
            <CharacterOffsetBegin>1928</CharacterOffsetBegin>
            <CharacterOffsetEnd>1932</CharacterOffsetEnd>
            <POS>JJ</POS>
          </token>
          <token id="16">
            <word>night</word>
            <lemma>night</lemma>
            <CharacterOffsetBegin>1933</CharacterOffsetBegin>
            <CharacterOffsetEnd>1938</CharacterOffsetEnd>
            <POS>NN</POS>
          </token>
          <token id="17">
            <word>.</word>
            <lemma>.</lemma>
            <CharacterOffsetBegin>1938</CharacterOffsetBegin>
            <CharacterOffsetEnd>1939</CharacterOffsetEnd>
            <POS>.</POS>
          </token>
        </tokens>
      </sentence>
    </sentences>
  </document>
</root>
