<?xml version="1.0" encoding="UTF-8"?>
<?xml-stylesheet href="CoreNLP-to-HTML.xsl" type="text/xsl"?>
<root>
  <document>
    <sentences>
      <sentence id="1">
        <tokens>
          <token id="1">
            <word>State</word>
            <lemma>State</lemma>
            <CharacterOffsetBegin>0</CharacterOffsetBegin>
            <CharacterOffsetEnd>5</CharacterOffsetEnd>
            <POS>NNP</POS>
          </token>
          <token id="2">
            <word>Rep.</word>
            <lemma>Rep.</lemma>
            <CharacterOffsetBegin>6</CharacterOffsetBegin>
            <CharacterOffsetEnd>10</CharacterOffsetEnd>
            <POS>NNP</POS>
          </token>
          <token id="3">
            <word>Knollenberg</word>
            <lemma>Knollenberg</lemma>
            <CharacterOffsetBegin>11</CharacterOffsetBegin>
            <CharacterOffsetEnd>22</CharacterOffsetEnd>
            <POS>NNP</POS>
          </token>
          <token id="4">
            <word>challenges</word>
            <lemma>challenge</lemma>
            <CharacterOffsetBegin>23</CharacterOffsetBegin>
            <CharacterOffsetEnd>33</CharacterOffsetEnd>
            <POS>VBZ</POS>
          </token>
          <token id="5">
            <word>US</word>
            <lemma>US</lemma>
            <CharacterOffsetBegin>34</CharacterOffsetBegin>
            <CharacterOffsetEnd>36</CharacterOffsetEnd>
            <POS>NNP</POS>
          </token>
          <token id="6">
            <word>Rep.</word>
            <lemma>Rep.</lemma>
            <CharacterOffsetBegin>37</CharacterOffsetBegin>
            <CharacterOffsetEnd>41</CharacterOffsetEnd>
            <POS>NNP</POS>
          </token>
          <token id="7">
            <word>Peters</word>
            <lemma>Peters</lemma>
            <CharacterOffsetBegin>42</CharacterOffsetBegin>
            <CharacterOffsetEnd>48</CharacterOffsetEnd>
            <POS>NNP</POS>
          </token>
        </tokens>
      </sentence>
      <sentence id="2">
        <tokens>
          <token id="1">
            <word>Republican</word>
            <lemma>republican</lemma>
            <CharacterOffsetBegin>50</CharacterOffsetBegin>
            <CharacterOffsetEnd>60</CharacterOffsetEnd>
            <POS>JJ</POS>
          </token>
          <token id="2">
            <word>state</word>
            <lemma>state</lemma>
            <CharacterOffsetBegin>61</CharacterOffsetBegin>
            <CharacterOffsetEnd>66</CharacterOffsetEnd>
            <POS>NN</POS>
          </token>
          <token id="3">
            <word>Rep.</word>
            <lemma>Rep.</lemma>
            <CharacterOffsetBegin>67</CharacterOffsetBegin>
            <CharacterOffsetEnd>71</CharacterOffsetEnd>
            <POS>NNP</POS>
          </token>
          <token id="4">
            <word>Marty</word>
            <lemma>Marty</lemma>
            <CharacterOffsetBegin>72</CharacterOffsetBegin>
            <CharacterOffsetEnd>77</CharacterOffsetEnd>
            <POS>NNP</POS>
          </token>
          <token id="5">
            <word>Knollenberg</word>
            <lemma>Knollenberg</lemma>
            <CharacterOffsetBegin>78</CharacterOffsetBegin>
            <CharacterOffsetEnd>89</CharacterOffsetEnd>
            <POS>NNP</POS>
          </token>
          <token id="6">
            <word>says</word>
            <lemma>say</lemma>
            <CharacterOffsetBegin>90</CharacterOffsetBegin>
            <CharacterOffsetEnd>94</CharacterOffsetEnd>
            <POS>VBZ</POS>
          </token>
          <token id="7">
            <word>he</word>
            <lemma>he</lemma>
            <CharacterOffsetBegin>95</CharacterOffsetBegin>
            <CharacterOffsetEnd>97</CharacterOffsetEnd>
            <POS>PRP</POS>
          </token>
          <token id="8">
            <word>'s</word>
            <lemma>be</lemma>
            <CharacterOffsetBegin>97</CharacterOffsetBegin>
            <CharacterOffsetEnd>99</CharacterOffsetEnd>
            <POS>VBZ</POS>
          </token>
          <token id="9">
            <word>running</word>
            <lemma>run</lemma>
            <CharacterOffsetBegin>100</CharacterOffsetBegin>
            <CharacterOffsetEnd>107</CharacterOffsetEnd>
            <POS>VBG</POS>
          </token>
          <token id="10">
            <word>for</word>
            <lemma>for</lemma>
            <CharacterOffsetBegin>108</CharacterOffsetBegin>
            <CharacterOffsetEnd>111</CharacterOffsetEnd>
            <POS>IN</POS>
          </token>
          <token id="11">
            <word>Congress</word>
            <lemma>Congress</lemma>
            <CharacterOffsetBegin>112</CharacterOffsetBegin>
            <CharacterOffsetEnd>120</CharacterOffsetEnd>
            <POS>NNP</POS>
          </token>
          <token id="12">
            <word>in</word>
            <lemma>in</lemma>
            <CharacterOffsetBegin>121</CharacterOffsetBegin>
            <CharacterOffsetEnd>123</CharacterOffsetEnd>
            <POS>IN</POS>
          </token>
          <token id="13">
            <word>a</word>
            <lemma>a</lemma>
            <CharacterOffsetBegin>124</CharacterOffsetBegin>
            <CharacterOffsetEnd>125</CharacterOffsetEnd>
            <POS>DT</POS>
          </token>
          <token id="14">
            <word>district</word>
            <lemma>district</lemma>
            <CharacterOffsetBegin>126</CharacterOffsetBegin>
            <CharacterOffsetEnd>134</CharacterOffsetEnd>
            <POS>NN</POS>
          </token>
          <token id="15">
            <word>now</word>
            <lemma>now</lemma>
            <CharacterOffsetBegin>135</CharacterOffsetBegin>
            <CharacterOffsetEnd>138</CharacterOffsetEnd>
            <POS>RB</POS>
          </token>
          <token id="16">
            <word>held</word>
            <lemma>hold</lemma>
            <CharacterOffsetBegin>139</CharacterOffsetBegin>
            <CharacterOffsetEnd>143</CharacterOffsetEnd>
            <POS>VBN</POS>
          </token>
          <token id="17">
            <word>by</word>
            <lemma>by</lemma>
            <CharacterOffsetBegin>144</CharacterOffsetBegin>
            <CharacterOffsetEnd>146</CharacterOffsetEnd>
            <POS>IN</POS>
          </token>
          <token id="18">
            <word>Gary</word>
            <lemma>Gary</lemma>
            <CharacterOffsetBegin>147</CharacterOffsetBegin>
            <CharacterOffsetEnd>151</CharacterOffsetEnd>
            <POS>NNP</POS>
          </token>
          <token id="19">
            <word>Peters</word>
            <lemma>Peters</lemma>
            <CharacterOffsetBegin>152</CharacterOffsetBegin>
            <CharacterOffsetEnd>158</CharacterOffsetEnd>
            <POS>NNP</POS>
          </token>
          <token id="20">
            <word>,</word>
            <lemma>,</lemma>
            <CharacterOffsetBegin>158</CharacterOffsetBegin>
            <CharacterOffsetEnd>159</CharacterOffsetEnd>
            <POS>,</POS>
          </token>
          <token id="21">
            <word>who</word>
            <lemma>who</lemma>
            <CharacterOffsetBegin>160</CharacterOffsetBegin>
            <CharacterOffsetEnd>163</CharacterOffsetEnd>
            <POS>WP</POS>
          </token>
          <token id="22">
            <word>unseated</word>
            <lemma>unseated</lemma>
            <CharacterOffsetBegin>164</CharacterOffsetBegin>
            <CharacterOffsetEnd>172</CharacterOffsetEnd>
            <POS>JJ</POS>
          </token>
          <token id="23">
            <word>Knollenberg</word>
            <lemma>Knollenberg</lemma>
            <CharacterOffsetBegin>173</CharacterOffsetBegin>
            <CharacterOffsetEnd>184</CharacterOffsetEnd>
            <POS>NNP</POS>
          </token>
          <token id="24">
            <word>'s</word>
            <lemma>'s</lemma>
            <CharacterOffsetBegin>184</CharacterOffsetBegin>
            <CharacterOffsetEnd>186</CharacterOffsetEnd>
            <POS>POS</POS>
          </token>
          <token id="25">
            <word>father</word>
            <lemma>father</lemma>
            <CharacterOffsetBegin>187</CharacterOffsetBegin>
            <CharacterOffsetEnd>193</CharacterOffsetEnd>
            <POS>NN</POS>
          </token>
          <token id="26">
            <word>.</word>
            <lemma>.</lemma>
            <CharacterOffsetBegin>193</CharacterOffsetBegin>
            <CharacterOffsetEnd>194</CharacterOffsetEnd>
            <POS>.</POS>
          </token>
        </tokens>
      </sentence>
      <sentence id="3">
        <tokens>
          <token id="1">
            <word>The</word>
            <lemma>the</lemma>
            <CharacterOffsetBegin>195</CharacterOffsetBegin>
            <CharacterOffsetEnd>198</CharacterOffsetEnd>
            <POS>DT</POS>
          </token>
          <token id="2">
            <word>younger</word>
            <lemma>younger</lemma>
            <CharacterOffsetBegin>199</CharacterOffsetBegin>
            <CharacterOffsetEnd>206</CharacterOffsetEnd>
            <POS>JJR</POS>
          </token>
          <token id="3">
            <word>Knollenberg</word>
            <lemma>Knollenberg</lemma>
            <CharacterOffsetBegin>207</CharacterOffsetBegin>
            <CharacterOffsetEnd>218</CharacterOffsetEnd>
            <POS>NNP</POS>
          </token>
          <token id="4">
            <word>said</word>
            <lemma>say</lemma>
            <CharacterOffsetBegin>219</CharacterOffsetBegin>
            <CharacterOffsetEnd>223</CharacterOffsetEnd>
            <POS>VBD</POS>
          </token>
          <token id="5">
            <word>Thursday</word>
            <lemma>Thursday</lemma>
            <CharacterOffsetBegin>224</CharacterOffsetBegin>
            <CharacterOffsetEnd>232</CharacterOffsetEnd>
            <POS>NNP</POS>
          </token>
          <token id="6">
            <word>that</word>
            <lemma>that</lemma>
            <CharacterOffsetBegin>233</CharacterOffsetBegin>
            <CharacterOffsetEnd>237</CharacterOffsetEnd>
            <POS>IN</POS>
          </token>
          <token id="7">
            <word>his</word>
            <lemma>he</lemma>
            <CharacterOffsetBegin>238</CharacterOffsetBegin>
            <CharacterOffsetEnd>241</CharacterOffsetEnd>
            <POS>PRP$</POS>
          </token>
          <token id="8">
            <word>staff</word>
            <lemma>staff</lemma>
            <CharacterOffsetBegin>242</CharacterOffsetBegin>
            <CharacterOffsetEnd>247</CharacterOffsetEnd>
            <POS>NN</POS>
          </token>
          <token id="9">
            <word>is</word>
            <lemma>be</lemma>
            <CharacterOffsetBegin>248</CharacterOffsetBegin>
            <CharacterOffsetEnd>250</CharacterOffsetEnd>
            <POS>VBZ</POS>
          </token>
          <token id="10">
            <word>filing</word>
            <lemma>file</lemma>
            <CharacterOffsetBegin>251</CharacterOffsetBegin>
            <CharacterOffsetEnd>257</CharacterOffsetEnd>
            <POS>VBG</POS>
          </token>
          <token id="11">
            <word>candidacy</word>
            <lemma>candidacy</lemma>
            <CharacterOffsetBegin>258</CharacterOffsetBegin>
            <CharacterOffsetEnd>267</CharacterOffsetEnd>
            <POS>NN</POS>
          </token>
          <token id="12">
            <word>papers</word>
            <lemma>papers</lemma>
            <CharacterOffsetBegin>268</CharacterOffsetBegin>
            <CharacterOffsetEnd>274</CharacterOffsetEnd>
            <POS>NNS</POS>
          </token>
          <token id="13">
            <word>with</word>
            <lemma>with</lemma>
            <CharacterOffsetBegin>275</CharacterOffsetBegin>
            <CharacterOffsetEnd>279</CharacterOffsetEnd>
            <POS>IN</POS>
          </token>
          <token id="14">
            <word>the</word>
            <lemma>the</lemma>
            <CharacterOffsetBegin>280</CharacterOffsetBegin>
            <CharacterOffsetEnd>283</CharacterOffsetEnd>
            <POS>DT</POS>
          </token>
          <token id="15">
            <word>Federal</word>
            <lemma>Federal</lemma>
            <CharacterOffsetBegin>284</CharacterOffsetBegin>
            <CharacterOffsetEnd>291</CharacterOffsetEnd>
            <POS>NNP</POS>
          </token>
          <token id="16">
            <word>Election</word>
            <lemma>Election</lemma>
            <CharacterOffsetBegin>292</CharacterOffsetBegin>
            <CharacterOffsetEnd>300</CharacterOffsetEnd>
            <POS>NNP</POS>
          </token>
          <token id="17">
            <word>Commission</word>
            <lemma>Commission</lemma>
            <CharacterOffsetBegin>301</CharacterOffsetBegin>
            <CharacterOffsetEnd>311</CharacterOffsetEnd>
            <POS>NNP</POS>
          </token>
          <token id="18">
            <word>.</word>
            <lemma>.</lemma>
            <CharacterOffsetBegin>311</CharacterOffsetBegin>
            <CharacterOffsetEnd>312</CharacterOffsetEnd>
            <POS>.</POS>
          </token>
        </tokens>
      </sentence>
      <sentence id="4">
        <tokens>
          <token id="1">
            <word>The</word>
            <lemma>the</lemma>
            <CharacterOffsetBegin>313</CharacterOffsetBegin>
            <CharacterOffsetEnd>316</CharacterOffsetEnd>
            <POS>DT</POS>
          </token>
          <token id="2">
            <word>Troy</word>
            <lemma>Troy</lemma>
            <CharacterOffsetBegin>317</CharacterOffsetBegin>
            <CharacterOffsetEnd>321</CharacterOffsetEnd>
            <POS>NNP</POS>
          </token>
          <token id="3">
            <word>legislator</word>
            <lemma>legislator</lemma>
            <CharacterOffsetBegin>322</CharacterOffsetBegin>
            <CharacterOffsetEnd>332</CharacterOffsetEnd>
            <POS>NN</POS>
          </token>
          <token id="4">
            <word>says</word>
            <lemma>say</lemma>
            <CharacterOffsetBegin>333</CharacterOffsetBegin>
            <CharacterOffsetEnd>337</CharacterOffsetEnd>
            <POS>VBZ</POS>
          </token>
          <token id="5">
            <word>he</word>
            <lemma>he</lemma>
            <CharacterOffsetBegin>338</CharacterOffsetBegin>
            <CharacterOffsetEnd>340</CharacterOffsetEnd>
            <POS>PRP</POS>
          </token>
          <token id="6">
            <word>'s</word>
            <lemma>be</lemma>
            <CharacterOffsetBegin>340</CharacterOffsetBegin>
            <CharacterOffsetEnd>342</CharacterOffsetEnd>
            <POS>VBZ</POS>
          </token>
          <token id="7">
            <word>entering</word>
            <lemma>enter</lemma>
            <CharacterOffsetBegin>343</CharacterOffsetBegin>
            <CharacterOffsetEnd>351</CharacterOffsetEnd>
            <POS>VBG</POS>
          </token>
          <token id="8">
            <word>the</word>
            <lemma>the</lemma>
            <CharacterOffsetBegin>352</CharacterOffsetBegin>
            <CharacterOffsetEnd>355</CharacterOffsetEnd>
            <POS>DT</POS>
          </token>
          <token id="9">
            <word>race</word>
            <lemma>race</lemma>
            <CharacterOffsetBegin>356</CharacterOffsetBegin>
            <CharacterOffsetEnd>360</CharacterOffsetEnd>
            <POS>NN</POS>
          </token>
          <token id="10">
            <word>now</word>
            <lemma>now</lemma>
            <CharacterOffsetBegin>361</CharacterOffsetBegin>
            <CharacterOffsetEnd>364</CharacterOffsetEnd>
            <POS>RB</POS>
          </token>
          <token id="11">
            <word>so</word>
            <lemma>so</lemma>
            <CharacterOffsetBegin>365</CharacterOffsetBegin>
            <CharacterOffsetEnd>367</CharacterOffsetEnd>
            <POS>RB</POS>
          </token>
          <token id="12">
            <word>as</word>
            <lemma>as</lemma>
            <CharacterOffsetBegin>368</CharacterOffsetBegin>
            <CharacterOffsetEnd>370</CharacterOffsetEnd>
            <POS>IN</POS>
          </token>
          <token id="13">
            <word>not</word>
            <lemma>not</lemma>
            <CharacterOffsetBegin>371</CharacterOffsetBegin>
            <CharacterOffsetEnd>374</CharacterOffsetEnd>
            <POS>RB</POS>
          </token>
          <token id="14">
            <word>to</word>
            <lemma>to</lemma>
            <CharacterOffsetBegin>375</CharacterOffsetBegin>
            <CharacterOffsetEnd>377</CharacterOffsetEnd>
            <POS>TO</POS>
          </token>
          <token id="15">
            <word>fall</word>
            <lemma>fall</lemma>
            <CharacterOffsetBegin>378</CharacterOffsetBegin>
            <CharacterOffsetEnd>382</CharacterOffsetEnd>
            <POS>VB</POS>
          </token>
          <token id="16">
            <word>behind</word>
            <lemma>behind</lemma>
            <CharacterOffsetBegin>383</CharacterOffsetBegin>
            <CharacterOffsetEnd>389</CharacterOffsetEnd>
            <POS>IN</POS>
          </token>
          <token id="17">
            <word>the</word>
            <lemma>the</lemma>
            <CharacterOffsetBegin>390</CharacterOffsetBegin>
            <CharacterOffsetEnd>393</CharacterOffsetEnd>
            <POS>DT</POS>
          </token>
          <token id="18">
            <word>Bloomfield</word>
            <lemma>Bloomfield</lemma>
            <CharacterOffsetBegin>394</CharacterOffsetBegin>
            <CharacterOffsetEnd>404</CharacterOffsetEnd>
            <POS>NNP</POS>
          </token>
          <token id="19">
            <word>Township</word>
            <lemma>Township</lemma>
            <CharacterOffsetBegin>405</CharacterOffsetBegin>
            <CharacterOffsetEnd>413</CharacterOffsetEnd>
            <POS>NNP</POS>
          </token>
          <token id="20">
            <word>Democrat</word>
            <lemma>Democrat</lemma>
            <CharacterOffsetBegin>414</CharacterOffsetBegin>
            <CharacterOffsetEnd>422</CharacterOffsetEnd>
            <POS>NNP</POS>
          </token>
          <token id="21">
            <word>in</word>
            <lemma>in</lemma>
            <CharacterOffsetBegin>423</CharacterOffsetBegin>
            <CharacterOffsetEnd>425</CharacterOffsetEnd>
            <POS>IN</POS>
          </token>
          <token id="22">
            <word>fundraising</word>
            <lemma>fundraise</lemma>
            <CharacterOffsetBegin>426</CharacterOffsetBegin>
            <CharacterOffsetEnd>437</CharacterOffsetEnd>
            <POS>VBG</POS>
          </token>
          <token id="23">
            <word>.</word>
            <lemma>.</lemma>
            <CharacterOffsetBegin>437</CharacterOffsetBegin>
            <CharacterOffsetEnd>438</CharacterOffsetEnd>
            <POS>.</POS>
          </token>
        </tokens>
      </sentence>
      <sentence id="5">
        <tokens>
          <token id="1">
            <word>Knollenberg</word>
            <lemma>Knollenberg</lemma>
            <CharacterOffsetBegin>439</CharacterOffsetBegin>
            <CharacterOffsetEnd>450</CharacterOffsetEnd>
            <POS>NNP</POS>
          </token>
          <token id="2">
            <word>says</word>
            <lemma>say</lemma>
            <CharacterOffsetBegin>451</CharacterOffsetBegin>
            <CharacterOffsetEnd>455</CharacterOffsetEnd>
            <POS>VBZ</POS>
          </token>
          <token id="3">
            <word>creating</word>
            <lemma>create</lemma>
            <CharacterOffsetBegin>456</CharacterOffsetBegin>
            <CharacterOffsetEnd>464</CharacterOffsetEnd>
            <POS>VBG</POS>
          </token>
          <token id="4">
            <word>jobs</word>
            <lemma>job</lemma>
            <CharacterOffsetBegin>465</CharacterOffsetBegin>
            <CharacterOffsetEnd>469</CharacterOffsetEnd>
            <POS>NNS</POS>
          </token>
          <token id="5">
            <word>and</word>
            <lemma>and</lemma>
            <CharacterOffsetBegin>470</CharacterOffsetBegin>
            <CharacterOffsetEnd>473</CharacterOffsetEnd>
            <POS>CC</POS>
          </token>
          <token id="6">
            <word>controlling</word>
            <lemma>control</lemma>
            <CharacterOffsetBegin>474</CharacterOffsetBegin>
            <CharacterOffsetEnd>485</CharacterOffsetEnd>
            <POS>VBG</POS>
          </token>
          <token id="7">
            <word>federal</word>
            <lemma>federal</lemma>
            <CharacterOffsetBegin>486</CharacterOffsetBegin>
            <CharacterOffsetEnd>493</CharacterOffsetEnd>
            <POS>JJ</POS>
          </token>
          <token id="8">
            <word>spending</word>
            <lemma>spending</lemma>
            <CharacterOffsetBegin>494</CharacterOffsetBegin>
            <CharacterOffsetEnd>502</CharacterOffsetEnd>
            <POS>NN</POS>
          </token>
          <token id="9">
            <word>top</word>
            <lemma>top</lemma>
            <CharacterOffsetBegin>503</CharacterOffsetBegin>
            <CharacterOffsetEnd>506</CharacterOffsetEnd>
            <POS>JJ</POS>
          </token>
          <token id="10">
            <word>his</word>
            <lemma>he</lemma>
            <CharacterOffsetBegin>507</CharacterOffsetBegin>
            <CharacterOffsetEnd>510</CharacterOffsetEnd>
            <POS>PRP$</POS>
          </token>
          <token id="11">
            <word>agenda</word>
            <lemma>agenda</lemma>
            <CharacterOffsetBegin>511</CharacterOffsetBegin>
            <CharacterOffsetEnd>517</CharacterOffsetEnd>
            <POS>NN</POS>
          </token>
          <token id="12">
            <word>.</word>
            <lemma>.</lemma>
            <CharacterOffsetBegin>517</CharacterOffsetBegin>
            <CharacterOffsetEnd>518</CharacterOffsetEnd>
            <POS>.</POS>
          </token>
        </tokens>
      </sentence>
      <sentence id="6">
        <tokens>
          <token id="1">
            <word>Peters</word>
            <lemma>Peters</lemma>
            <CharacterOffsetBegin>519</CharacterOffsetBegin>
            <CharacterOffsetEnd>525</CharacterOffsetEnd>
            <POS>NNP</POS>
          </token>
          <token id="2">
            <word>beat</word>
            <lemma>beat</lemma>
            <CharacterOffsetBegin>526</CharacterOffsetBegin>
            <CharacterOffsetEnd>530</CharacterOffsetEnd>
            <POS>VBD</POS>
          </token>
          <token id="3">
            <word>then-U.S.</word>
            <lemma>then-u.s.</lemma>
            <CharacterOffsetBegin>531</CharacterOffsetBegin>
            <CharacterOffsetEnd>540</CharacterOffsetEnd>
            <POS>JJ</POS>
          </token>
          <token id="4">
            <word>Rep.</word>
            <lemma>Rep.</lemma>
            <CharacterOffsetBegin>541</CharacterOffsetBegin>
            <CharacterOffsetEnd>545</CharacterOffsetEnd>
            <POS>NNP</POS>
          </token>
          <token id="5">
            <word>Joe</word>
            <lemma>Joe</lemma>
            <CharacterOffsetBegin>546</CharacterOffsetBegin>
            <CharacterOffsetEnd>549</CharacterOffsetEnd>
            <POS>NNP</POS>
          </token>
          <token id="6">
            <word>Knollenberg</word>
            <lemma>Knollenberg</lemma>
            <CharacterOffsetBegin>550</CharacterOffsetBegin>
            <CharacterOffsetEnd>561</CharacterOffsetEnd>
            <POS>NNP</POS>
          </token>
          <token id="7">
            <word>in</word>
            <lemma>in</lemma>
            <CharacterOffsetBegin>562</CharacterOffsetBegin>
            <CharacterOffsetEnd>564</CharacterOffsetEnd>
            <POS>IN</POS>
          </token>
          <token id="8">
            <word>the</word>
            <lemma>the</lemma>
            <CharacterOffsetBegin>565</CharacterOffsetBegin>
            <CharacterOffsetEnd>568</CharacterOffsetEnd>
            <POS>DT</POS>
          </token>
          <token id="9">
            <word>November</word>
            <lemma>November</lemma>
            <CharacterOffsetBegin>569</CharacterOffsetBegin>
            <CharacterOffsetEnd>577</CharacterOffsetEnd>
            <POS>NNP</POS>
          </token>
          <token id="10">
            <word>2010</word>
            <lemma>2010</lemma>
            <CharacterOffsetBegin>578</CharacterOffsetBegin>
            <CharacterOffsetEnd>582</CharacterOffsetEnd>
            <POS>CD</POS>
          </token>
          <token id="11">
            <word>election</word>
            <lemma>election</lemma>
            <CharacterOffsetBegin>583</CharacterOffsetBegin>
            <CharacterOffsetEnd>591</CharacterOffsetEnd>
            <POS>NN</POS>
          </token>
          <token id="12">
            <word>for</word>
            <lemma>for</lemma>
            <CharacterOffsetBegin>592</CharacterOffsetBegin>
            <CharacterOffsetEnd>595</CharacterOffsetEnd>
            <POS>IN</POS>
          </token>
          <token id="13">
            <word>Michigan</word>
            <lemma>Michigan</lemma>
            <CharacterOffsetBegin>596</CharacterOffsetBegin>
            <CharacterOffsetEnd>604</CharacterOffsetEnd>
            <POS>NNP</POS>
          </token>
          <token id="14">
            <word>'s</word>
            <lemma>'s</lemma>
            <CharacterOffsetBegin>604</CharacterOffsetBegin>
            <CharacterOffsetEnd>606</CharacterOffsetEnd>
            <POS>POS</POS>
          </token>
          <token id="15">
            <word>Ninth</word>
            <lemma>Ninth</lemma>
            <CharacterOffsetBegin>607</CharacterOffsetBegin>
            <CharacterOffsetEnd>612</CharacterOffsetEnd>
            <POS>NNP</POS>
          </token>
          <token id="16">
            <word>U.S.</word>
            <lemma>U.S.</lemma>
            <CharacterOffsetBegin>613</CharacterOffsetBegin>
            <CharacterOffsetEnd>617</CharacterOffsetEnd>
            <POS>NNP</POS>
          </token>
          <token id="17">
            <word>House</word>
            <lemma>House</lemma>
            <CharacterOffsetBegin>618</CharacterOffsetBegin>
            <CharacterOffsetEnd>623</CharacterOffsetEnd>
            <POS>NNP</POS>
          </token>
          <token id="18">
            <word>district</word>
            <lemma>district</lemma>
            <CharacterOffsetBegin>624</CharacterOffsetBegin>
            <CharacterOffsetEnd>632</CharacterOffsetEnd>
            <POS>NN</POS>
          </token>
          <token id="19">
            <word>.</word>
            <lemma>.</lemma>
            <CharacterOffsetBegin>632</CharacterOffsetBegin>
            <CharacterOffsetEnd>633</CharacterOffsetEnd>
            <POS>.</POS>
          </token>
        </tokens>
      </sentence>
      <sentence id="7">
        <tokens>
          <token id="1">
            <word>Michigan</word>
            <lemma>Michigan</lemma>
            <CharacterOffsetBegin>634</CharacterOffsetBegin>
            <CharacterOffsetEnd>642</CharacterOffsetEnd>
            <POS>NNP</POS>
          </token>
          <token id="2">
            <word>is</word>
            <lemma>be</lemma>
            <CharacterOffsetBegin>643</CharacterOffsetBegin>
            <CharacterOffsetEnd>645</CharacterOffsetEnd>
            <POS>VBZ</POS>
          </token>
          <token id="3">
            <word>losing</word>
            <lemma>lose</lemma>
            <CharacterOffsetBegin>646</CharacterOffsetBegin>
            <CharacterOffsetEnd>652</CharacterOffsetEnd>
            <POS>VBG</POS>
          </token>
          <token id="4">
            <word>one</word>
            <lemma>one</lemma>
            <CharacterOffsetBegin>653</CharacterOffsetBegin>
            <CharacterOffsetEnd>656</CharacterOffsetEnd>
            <POS>CD</POS>
          </token>
          <token id="5">
            <word>congressional</word>
            <lemma>congressional</lemma>
            <CharacterOffsetBegin>657</CharacterOffsetBegin>
            <CharacterOffsetEnd>670</CharacterOffsetEnd>
            <POS>JJ</POS>
          </token>
          <token id="6">
            <word>seat</word>
            <lemma>seat</lemma>
            <CharacterOffsetBegin>671</CharacterOffsetBegin>
            <CharacterOffsetEnd>675</CharacterOffsetEnd>
            <POS>NN</POS>
          </token>
          <token id="7">
            <word>based</word>
            <lemma>base</lemma>
            <CharacterOffsetBegin>676</CharacterOffsetBegin>
            <CharacterOffsetEnd>681</CharacterOffsetEnd>
            <POS>VBN</POS>
          </token>
          <token id="8">
            <word>on</word>
            <lemma>on</lemma>
            <CharacterOffsetBegin>682</CharacterOffsetBegin>
            <CharacterOffsetEnd>684</CharacterOffsetEnd>
            <POS>IN</POS>
          </token>
          <token id="9">
            <word>the</word>
            <lemma>the</lemma>
            <CharacterOffsetBegin>685</CharacterOffsetBegin>
            <CharacterOffsetEnd>688</CharacterOffsetEnd>
            <POS>DT</POS>
          </token>
          <token id="10">
            <word>2010</word>
            <lemma>2010</lemma>
            <CharacterOffsetBegin>689</CharacterOffsetBegin>
            <CharacterOffsetEnd>693</CharacterOffsetEnd>
            <POS>CD</POS>
          </token>
          <token id="11">
            <word>Census</word>
            <lemma>Census</lemma>
            <CharacterOffsetBegin>694</CharacterOffsetBegin>
            <CharacterOffsetEnd>700</CharacterOffsetEnd>
            <POS>NNP</POS>
          </token>
          <token id="12">
            <word>,</word>
            <lemma>,</lemma>
            <CharacterOffsetBegin>700</CharacterOffsetBegin>
            <CharacterOffsetEnd>701</CharacterOffsetEnd>
            <POS>,</POS>
          </token>
          <token id="13">
            <word>and</word>
            <lemma>and</lemma>
            <CharacterOffsetBegin>702</CharacterOffsetBegin>
            <CharacterOffsetEnd>705</CharacterOffsetEnd>
            <POS>CC</POS>
          </token>
          <token id="14">
            <word>redistricting</word>
            <lemma>redistricting</lemma>
            <CharacterOffsetBegin>706</CharacterOffsetBegin>
            <CharacterOffsetEnd>719</CharacterOffsetEnd>
            <POS>NN</POS>
          </token>
          <token id="15">
            <word>will</word>
            <lemma>will</lemma>
            <CharacterOffsetBegin>720</CharacterOffsetBegin>
            <CharacterOffsetEnd>724</CharacterOffsetEnd>
            <POS>MD</POS>
          </token>
          <token id="16">
            <word>reshape</word>
            <lemma>reshape</lemma>
            <CharacterOffsetBegin>725</CharacterOffsetBegin>
            <CharacterOffsetEnd>732</CharacterOffsetEnd>
            <POS>VB</POS>
          </token>
          <token id="17">
            <word>district</word>
            <lemma>district</lemma>
            <CharacterOffsetBegin>733</CharacterOffsetBegin>
            <CharacterOffsetEnd>741</CharacterOffsetEnd>
            <POS>NN</POS>
          </token>
          <token id="18">
            <word>boundaries</word>
            <lemma>boundary</lemma>
            <CharacterOffsetBegin>742</CharacterOffsetBegin>
            <CharacterOffsetEnd>752</CharacterOffsetEnd>
            <POS>NNS</POS>
          </token>
          <token id="19">
            <word>.</word>
            <lemma>.</lemma>
            <CharacterOffsetBegin>752</CharacterOffsetBegin>
            <CharacterOffsetEnd>753</CharacterOffsetEnd>
            <POS>.</POS>
          </token>
        </tokens>
      </sentence>
      <sentence id="8">
        <tokens>
          <token id="1">
            <word>Peters</word>
            <lemma>Peters</lemma>
            <CharacterOffsetBegin>754</CharacterOffsetBegin>
            <CharacterOffsetEnd>760</CharacterOffsetEnd>
            <POS>NNP</POS>
          </token>
          <token id="2">
            <word>'</word>
            <lemma>'</lemma>
            <CharacterOffsetBegin>760</CharacterOffsetBegin>
            <CharacterOffsetEnd>761</CharacterOffsetEnd>
            <POS>POS</POS>
          </token>
          <token id="3">
            <word>staff</word>
            <lemma>staff</lemma>
            <CharacterOffsetBegin>762</CharacterOffsetBegin>
            <CharacterOffsetEnd>767</CharacterOffsetEnd>
            <POS>NN</POS>
          </token>
          <token id="4">
            <word>declined</word>
            <lemma>decline</lemma>
            <CharacterOffsetBegin>768</CharacterOffsetBegin>
            <CharacterOffsetEnd>776</CharacterOffsetEnd>
            <POS>VBD</POS>
          </token>
          <token id="5">
            <word>immediate</word>
            <lemma>immediate</lemma>
            <CharacterOffsetBegin>777</CharacterOffsetBegin>
            <CharacterOffsetEnd>786</CharacterOffsetEnd>
            <POS>JJ</POS>
          </token>
          <token id="6">
            <word>comment</word>
            <lemma>comment</lemma>
            <CharacterOffsetBegin>787</CharacterOffsetBegin>
            <CharacterOffsetEnd>794</CharacterOffsetEnd>
            <POS>NN</POS>
          </token>
          <token id="7">
            <word>on</word>
            <lemma>on</lemma>
            <CharacterOffsetBegin>795</CharacterOffsetBegin>
            <CharacterOffsetEnd>797</CharacterOffsetEnd>
            <POS>IN</POS>
          </token>
          <token id="8">
            <word>Knollenberg</word>
            <lemma>Knollenberg</lemma>
            <CharacterOffsetBegin>798</CharacterOffsetBegin>
            <CharacterOffsetEnd>809</CharacterOffsetEnd>
            <POS>NNP</POS>
          </token>
          <token id="9">
            <word>'s</word>
            <lemma>'s</lemma>
            <CharacterOffsetBegin>809</CharacterOffsetBegin>
            <CharacterOffsetEnd>811</CharacterOffsetEnd>
            <POS>POS</POS>
          </token>
          <token id="10">
            <word>announcement</word>
            <lemma>announcement</lemma>
            <CharacterOffsetBegin>812</CharacterOffsetBegin>
            <CharacterOffsetEnd>824</CharacterOffsetEnd>
            <POS>NN</POS>
          </token>
          <token id="11">
            <word>.</word>
            <lemma>.</lemma>
            <CharacterOffsetBegin>824</CharacterOffsetBegin>
            <CharacterOffsetEnd>825</CharacterOffsetEnd>
            <POS>.</POS>
          </token>
        </tokens>
      </sentence>
      <sentence id="9">
        <tokens>
          <token id="1">
            <word>Advertisement</word>
            <lemma>advertisement</lemma>
            <CharacterOffsetBegin>826</CharacterOffsetBegin>
            <CharacterOffsetEnd>839</CharacterOffsetEnd>
            <POS>NN</POS>
          </token>
        </tokens>
      </sentence>
    </sentences>
  </document>
</root>
