<?xml version="1.0" encoding="UTF-8"?>
<?xml-stylesheet href="CoreNLP-to-HTML.xsl" type="text/xsl"?>
<root>
  <document>
    <sentences>
      <sentence id="1">
        <tokens>
          <token id="1">
            <word>David</word>
            <lemma>David</lemma>
            <CharacterOffsetBegin>0</CharacterOffsetBegin>
            <CharacterOffsetEnd>5</CharacterOffsetEnd>
            <POS>NNP</POS>
          </token>
          <token id="2">
            <word>Edelstein</word>
            <lemma>Edelstein</lemma>
            <CharacterOffsetBegin>6</CharacterOffsetBegin>
            <CharacterOffsetEnd>15</CharacterOffsetEnd>
            <POS>NNP</POS>
          </token>
          <token id="3">
            <word>Talks</word>
            <lemma>talk</lemma>
            <CharacterOffsetBegin>16</CharacterOffsetBegin>
            <CharacterOffsetEnd>21</CharacterOffsetEnd>
            <POS>NNS</POS>
          </token>
          <token id="4">
            <word>Lincoln</word>
            <lemma>Lincoln</lemma>
            <CharacterOffsetBegin>22</CharacterOffsetBegin>
            <CharacterOffsetEnd>29</CharacterOffsetEnd>
            <POS>NNP</POS>
          </token>
          <token id="5">
            <word>Lawyer</word>
            <lemma>Lawyer</lemma>
            <CharacterOffsetBegin>30</CharacterOffsetBegin>
            <CharacterOffsetEnd>36</CharacterOffsetEnd>
            <POS>NNP</POS>
          </token>
          <token id="6">
            <word>,</word>
            <lemma>,</lemma>
            <CharacterOffsetBegin>37</CharacterOffsetBegin>
            <CharacterOffsetEnd>38</CharacterOffsetEnd>
            <POS>,</POS>
          </token>
          <token id="7">
            <word>Rand</word>
            <lemma>Rand</lemma>
            <CharacterOffsetBegin>39</CharacterOffsetBegin>
            <CharacterOffsetEnd>43</CharacterOffsetEnd>
            <POS>NNP</POS>
          </token>
          <token id="8">
            <word>Paul</word>
            <lemma>Paul</lemma>
            <CharacterOffsetBegin>44</CharacterOffsetBegin>
            <CharacterOffsetEnd>48</CharacterOffsetEnd>
            <POS>NNP</POS>
          </token>
          <token id="9">
            <word>&amp;#8217;</word>
            <lemma>&amp;#8217;</lemma>
            <CharacterOffsetBegin>48</CharacterOffsetBegin>
            <CharacterOffsetEnd>55</CharacterOffsetEnd>
            <POS>CD</POS>
          </token>
          <token id="10">
            <word>s</word>
            <lemma>s</lemma>
            <CharacterOffsetBegin>55</CharacterOffsetBegin>
            <CharacterOffsetEnd>56</CharacterOffsetEnd>
            <POS>NNS</POS>
          </token>
          <token id="11">
            <word>Toilet</word>
            <lemma>Toilet</lemma>
            <CharacterOffsetBegin>57</CharacterOffsetBegin>
            <CharacterOffsetEnd>63</CharacterOffsetEnd>
            <POS>NNP</POS>
          </token>
          <token id="12">
            <word>Issues</word>
            <lemma>issue</lemma>
            <CharacterOffsetBegin>64</CharacterOffsetBegin>
            <CharacterOffsetEnd>70</CharacterOffsetEnd>
            <POS>NNS</POS>
          </token>
        </tokens>
      </sentence>
      <sentence id="2">
        <tokens>
          <token id="1">
            <word>Comment</word>
            <lemma>comment</lemma>
            <CharacterOffsetBegin>72</CharacterOffsetBegin>
            <CharacterOffsetEnd>79</CharacterOffsetEnd>
            <POS>NN</POS>
          </token>
          <token id="2">
            <word>Over</word>
            <lemma>over</lemma>
            <CharacterOffsetBegin>80</CharacterOffsetBegin>
            <CharacterOffsetEnd>84</CharacterOffsetEnd>
            <POS>IN</POS>
          </token>
          <token id="3">
            <word>on</word>
            <lemma>on</lemma>
            <CharacterOffsetBegin>85</CharacterOffsetBegin>
            <CharacterOffsetEnd>87</CharacterOffsetEnd>
            <POS>IN</POS>
          </token>
          <token id="4">
            <word>his</word>
            <lemma>he</lemma>
            <CharacterOffsetBegin>88</CharacterOffsetBegin>
            <CharacterOffsetEnd>91</CharacterOffsetEnd>
            <POS>PRP$</POS>
          </token>
          <token id="5">
            <word>blog</word>
            <lemma>blog</lemma>
            <CharacterOffsetBegin>92</CharacterOffsetBegin>
            <CharacterOffsetEnd>96</CharacterOffsetEnd>
            <POS>NN</POS>
          </token>
          <token id="6">
            <word>The</word>
            <lemma>the</lemma>
            <CharacterOffsetBegin>97</CharacterOffsetBegin>
            <CharacterOffsetEnd>100</CharacterOffsetEnd>
            <POS>DT</POS>
          </token>
          <token id="7">
            <word>Projectionist</word>
            <lemma>Projectionist</lemma>
            <CharacterOffsetBegin>101</CharacterOffsetBegin>
            <CharacterOffsetEnd>114</CharacterOffsetEnd>
            <POS>NNP</POS>
          </token>
          <token id="8">
            <word>this</word>
            <lemma>this</lemma>
            <CharacterOffsetBegin>115</CharacterOffsetBegin>
            <CharacterOffsetEnd>119</CharacterOffsetEnd>
            <POS>DT</POS>
          </token>
          <token id="9">
            <word>week</word>
            <lemma>week</lemma>
            <CharacterOffsetBegin>120</CharacterOffsetBegin>
            <CharacterOffsetEnd>124</CharacterOffsetEnd>
            <POS>NN</POS>
          </token>
          <token id="10">
            <word>,</word>
            <lemma>,</lemma>
            <CharacterOffsetBegin>124</CharacterOffsetBegin>
            <CharacterOffsetEnd>125</CharacterOffsetEnd>
            <POS>,</POS>
          </token>
          <token id="11">
            <word>New</word>
            <lemma>New</lemma>
            <CharacterOffsetBegin>126</CharacterOffsetBegin>
            <CharacterOffsetEnd>129</CharacterOffsetEnd>
            <POS>NNP</POS>
          </token>
          <token id="12">
            <word>York</word>
            <lemma>York</lemma>
            <CharacterOffsetBegin>130</CharacterOffsetBegin>
            <CharacterOffsetEnd>134</CharacterOffsetEnd>
            <POS>NNP</POS>
          </token>
          <token id="13">
            <word>movie</word>
            <lemma>movie</lemma>
            <CharacterOffsetBegin>135</CharacterOffsetBegin>
            <CharacterOffsetEnd>140</CharacterOffsetEnd>
            <POS>NN</POS>
          </token>
          <token id="14">
            <word>critic</word>
            <lemma>critic</lemma>
            <CharacterOffsetBegin>141</CharacterOffsetBegin>
            <CharacterOffsetEnd>147</CharacterOffsetEnd>
            <POS>NN</POS>
          </token>
          <token id="15">
            <word>David</word>
            <lemma>David</lemma>
            <CharacterOffsetBegin>148</CharacterOffsetBegin>
            <CharacterOffsetEnd>153</CharacterOffsetEnd>
            <POS>NNP</POS>
          </token>
          <token id="16">
            <word>Edelstein</word>
            <lemma>Edelstein</lemma>
            <CharacterOffsetBegin>154</CharacterOffsetBegin>
            <CharacterOffsetEnd>163</CharacterOffsetEnd>
            <POS>NNP</POS>
          </token>
          <token id="17">
            <word>weighs</word>
            <lemma>weigh</lemma>
            <CharacterOffsetBegin>164</CharacterOffsetBegin>
            <CharacterOffsetEnd>170</CharacterOffsetEnd>
            <POS>VBZ</POS>
          </token>
          <token id="18">
            <word>in</word>
            <lemma>in</lemma>
            <CharacterOffsetBegin>171</CharacterOffsetBegin>
            <CharacterOffsetEnd>173</CharacterOffsetEnd>
            <POS>IN</POS>
          </token>
          <token id="19">
            <word>on</word>
            <lemma>on</lemma>
            <CharacterOffsetBegin>174</CharacterOffsetBegin>
            <CharacterOffsetEnd>176</CharacterOffsetEnd>
            <POS>IN</POS>
          </token>
          <token id="20">
            <word>two</word>
            <lemma>two</lemma>
            <CharacterOffsetBegin>177</CharacterOffsetBegin>
            <CharacterOffsetEnd>180</CharacterOffsetEnd>
            <POS>CD</POS>
          </token>
          <token id="21">
            <word>disparate</word>
            <lemma>disparate</lemma>
            <CharacterOffsetBegin>181</CharacterOffsetBegin>
            <CharacterOffsetEnd>190</CharacterOffsetEnd>
            <POS>JJ</POS>
          </token>
          <token id="22">
            <word>but</word>
            <lemma>but</lemma>
            <CharacterOffsetBegin>191</CharacterOffsetBegin>
            <CharacterOffsetEnd>194</CharacterOffsetEnd>
            <POS>CC</POS>
          </token>
          <token id="23">
            <word>equally</word>
            <lemma>equally</lemma>
            <CharacterOffsetBegin>195</CharacterOffsetBegin>
            <CharacterOffsetEnd>202</CharacterOffsetEnd>
            <POS>RB</POS>
          </token>
          <token id="24">
            <word>critical</word>
            <lemma>critical</lemma>
            <CharacterOffsetBegin>203</CharacterOffsetBegin>
            <CharacterOffsetEnd>211</CharacterOffsetEnd>
            <POS>JJ</POS>
          </token>
          <token id="25">
            <word>topics</word>
            <lemma>topic</lemma>
            <CharacterOffsetBegin>212</CharacterOffsetBegin>
            <CharacterOffsetEnd>218</CharacterOffsetEnd>
            <POS>NNS</POS>
          </token>
          <token id="26">
            <word>:</word>
            <lemma>:</lemma>
            <CharacterOffsetBegin>218</CharacterOffsetBegin>
            <CharacterOffsetEnd>219</CharacterOffsetEnd>
            <POS>:</POS>
          </token>
          <token id="27">
            <word>the</word>
            <lemma>the</lemma>
            <CharacterOffsetBegin>220</CharacterOffsetBegin>
            <CharacterOffsetEnd>223</CharacterOffsetEnd>
            <POS>DT</POS>
          </token>
          <token id="28">
            <word>''</word>
            <lemma>''</lemma>
            <CharacterOffsetBegin>224</CharacterOffsetBegin>
            <CharacterOffsetEnd>225</CharacterOffsetEnd>
            <POS>''</POS>
          </token>
          <token id="29">
            <word>``</word>
            <lemma>``</lemma>
            <CharacterOffsetBegin>225</CharacterOffsetBegin>
            <CharacterOffsetEnd>226</CharacterOffsetEnd>
            <POS>``</POS>
          </token>
          <token id="30">
            <word>vastly</word>
            <lemma>vastly</lemma>
            <CharacterOffsetBegin>226</CharacterOffsetBegin>
            <CharacterOffsetEnd>232</CharacterOffsetEnd>
            <POS>RB</POS>
          </token>
          <token id="31">
            <word>underrated</word>
            <lemma>underrated</lemma>
            <CharacterOffsetBegin>233</CharacterOffsetBegin>
            <CharacterOffsetEnd>243</CharacterOffsetEnd>
            <POS>JJ</POS>
          </token>
          <token id="32">
            <word>''</word>
            <lemma>''</lemma>
            <CharacterOffsetBegin>243</CharacterOffsetBegin>
            <CharacterOffsetEnd>244</CharacterOffsetEnd>
            <POS>''</POS>
          </token>
          <token id="33">
            <word>''</word>
            <lemma>''</lemma>
            <CharacterOffsetBegin>244</CharacterOffsetBegin>
            <CharacterOffsetEnd>245</CharacterOffsetEnd>
            <POS>''</POS>
          </token>
          <token id="34">
            <word>Matthew</word>
            <lemma>Matthew</lemma>
            <CharacterOffsetBegin>246</CharacterOffsetBegin>
            <CharacterOffsetEnd>253</CharacterOffsetEnd>
            <POS>NNP</POS>
          </token>
          <token id="35">
            <word>McConaughey</word>
            <lemma>McConaughey</lemma>
            <CharacterOffsetBegin>254</CharacterOffsetBegin>
            <CharacterOffsetEnd>265</CharacterOffsetEnd>
            <POS>NNP</POS>
          </token>
          <token id="36">
            <word>movie</word>
            <lemma>movie</lemma>
            <CharacterOffsetBegin>266</CharacterOffsetBegin>
            <CharacterOffsetEnd>271</CharacterOffsetEnd>
            <POS>NN</POS>
          </token>
          <token id="37">
            <word>'s</word>
            <lemma>'s</lemma>
            <CharacterOffsetBegin>271</CharacterOffsetBegin>
            <CharacterOffsetEnd>273</CharacterOffsetEnd>
            <POS>POS</POS>
          </token>
          <token id="38">
            <word>The</word>
            <lemma>the</lemma>
            <CharacterOffsetBegin>274</CharacterOffsetBegin>
            <CharacterOffsetEnd>277</CharacterOffsetEnd>
            <POS>DT</POS>
          </token>
          <token id="39">
            <word>Lincoln</word>
            <lemma>Lincoln</lemma>
            <CharacterOffsetBegin>278</CharacterOffsetBegin>
            <CharacterOffsetEnd>285</CharacterOffsetEnd>
            <POS>NNP</POS>
          </token>
          <token id="40">
            <word>Lawyer</word>
            <lemma>Lawyer</lemma>
            <CharacterOffsetBegin>286</CharacterOffsetBegin>
            <CharacterOffsetEnd>292</CharacterOffsetEnd>
            <POS>NNP</POS>
          </token>
          <token id="41">
            <word>,</word>
            <lemma>,</lemma>
            <CharacterOffsetBegin>293</CharacterOffsetBegin>
            <CharacterOffsetEnd>294</CharacterOffsetEnd>
            <POS>,</POS>
          </token>
          <token id="42">
            <word>and</word>
            <lemma>and</lemma>
            <CharacterOffsetBegin>295</CharacterOffsetBegin>
            <CharacterOffsetEnd>298</CharacterOffsetEnd>
            <POS>CC</POS>
          </token>
          <token id="43">
            <word>the</word>
            <lemma>the</lemma>
            <CharacterOffsetBegin>299</CharacterOffsetBegin>
            <CharacterOffsetEnd>302</CharacterOffsetEnd>
            <POS>DT</POS>
          </token>
          <token id="44">
            <word>recent</word>
            <lemma>recent</lemma>
            <CharacterOffsetBegin>303</CharacterOffsetBegin>
            <CharacterOffsetEnd>309</CharacterOffsetEnd>
            <POS>JJ</POS>
          </token>
          <token id="45">
            <word>toilet-based</word>
            <lemma>toilet-based</lemma>
            <CharacterOffsetBegin>310</CharacterOffsetBegin>
            <CharacterOffsetEnd>322</CharacterOffsetEnd>
            <POS>JJ</POS>
          </token>
          <token id="46">
            <word>rant</word>
            <lemma>rant</lemma>
            <CharacterOffsetBegin>323</CharacterOffsetBegin>
            <CharacterOffsetEnd>327</CharacterOffsetEnd>
            <POS>NN</POS>
          </token>
          <token id="47">
            <word>of</word>
            <lemma>of</lemma>
            <CharacterOffsetBegin>328</CharacterOffsetBegin>
            <CharacterOffsetEnd>330</CharacterOffsetEnd>
            <POS>IN</POS>
          </token>
          <token id="48">
            <word>the</word>
            <lemma>the</lemma>
            <CharacterOffsetBegin>331</CharacterOffsetBegin>
            <CharacterOffsetEnd>334</CharacterOffsetEnd>
            <POS>DT</POS>
          </token>
          <token id="49">
            <word>junior</word>
            <lemma>junior</lemma>
            <CharacterOffsetBegin>335</CharacterOffsetBegin>
            <CharacterOffsetEnd>341</CharacterOffsetEnd>
            <POS>NN</POS>
          </token>
          <token id="50">
            <word>senator</word>
            <lemma>senator</lemma>
            <CharacterOffsetBegin>342</CharacterOffsetBegin>
            <CharacterOffsetEnd>349</CharacterOffsetEnd>
            <POS>NN</POS>
          </token>
          <token id="51">
            <word>from</word>
            <lemma>from</lemma>
            <CharacterOffsetBegin>350</CharacterOffsetBegin>
            <CharacterOffsetEnd>354</CharacterOffsetEnd>
            <POS>IN</POS>
          </token>
          <token id="52">
            <word>Kentucky</word>
            <lemma>Kentucky</lemma>
            <CharacterOffsetBegin>355</CharacterOffsetBegin>
            <CharacterOffsetEnd>363</CharacterOffsetEnd>
            <POS>NNP</POS>
          </token>
          <token id="53">
            <word>,</word>
            <lemma>,</lemma>
            <CharacterOffsetBegin>363</CharacterOffsetBegin>
            <CharacterOffsetEnd>364</CharacterOffsetEnd>
            <POS>,</POS>
          </token>
          <token id="54">
            <word>Rand</word>
            <lemma>Rand</lemma>
            <CharacterOffsetBegin>365</CharacterOffsetBegin>
            <CharacterOffsetEnd>369</CharacterOffsetEnd>
            <POS>NNP</POS>
          </token>
          <token id="55">
            <word>Paul</word>
            <lemma>Paul</lemma>
            <CharacterOffsetBegin>370</CharacterOffsetBegin>
            <CharacterOffsetEnd>374</CharacterOffsetEnd>
            <POS>NNP</POS>
          </token>
          <token id="56">
            <word>.</word>
            <lemma>.</lemma>
            <CharacterOffsetBegin>374</CharacterOffsetBegin>
            <CharacterOffsetEnd>375</CharacterOffsetEnd>
            <POS>.</POS>
          </token>
        </tokens>
      </sentence>
      <sentence id="3">
        <tokens>
          <token id="1">
            <word>-LSB-</word>
            <lemma>-lsb-</lemma>
            <CharacterOffsetBegin>376</CharacterOffsetBegin>
            <CharacterOffsetEnd>377</CharacterOffsetEnd>
            <POS>-LRB-</POS>
          </token>
          <token id="2">
            <word>Projectionist</word>
            <lemma>projectionist</lemma>
            <CharacterOffsetBegin>377</CharacterOffsetBegin>
            <CharacterOffsetEnd>390</CharacterOffsetEnd>
            <POS>NN</POS>
          </token>
          <token id="3">
            <word>-RSB-</word>
            <lemma>-rsb-</lemma>
            <CharacterOffsetBegin>390</CharacterOffsetBegin>
            <CharacterOffsetEnd>391</CharacterOffsetEnd>
            <POS>-RRB-</POS>
          </token>
        </tokens>
      </sentence>
    </sentences>
  </document>
</root>
