<?xml version="1.0" encoding="UTF-8"?>
<?xml-stylesheet href="CoreNLP-to-HTML.xsl" type="text/xsl"?>
<root>
  <document>
    <sentences>
      <sentence id="1">
        <tokens>
          <token id="1">
            <word>Ivory</word>
            <lemma>Ivory</lemma>
            <CharacterOffsetBegin>0</CharacterOffsetBegin>
            <CharacterOffsetEnd>5</CharacterOffsetEnd>
            <POS>NNP</POS>
          </token>
          <token id="2">
            <word>Coast</word>
            <lemma>Coast</lemma>
            <CharacterOffsetBegin>6</CharacterOffsetBegin>
            <CharacterOffsetEnd>11</CharacterOffsetEnd>
            <POS>NNP</POS>
          </token>
          <token id="3">
            <word>:</word>
            <lemma>:</lemma>
            <CharacterOffsetBegin>11</CharacterOffsetBegin>
            <CharacterOffsetEnd>12</CharacterOffsetEnd>
            <POS>:</POS>
          </token>
          <token id="4">
            <word>Fighting</word>
            <lemma>fighting</lemma>
            <CharacterOffsetBegin>13</CharacterOffsetBegin>
            <CharacterOffsetEnd>21</CharacterOffsetEnd>
            <POS>NN</POS>
          </token>
          <token id="5">
            <word>rages</word>
            <lemma>rage</lemma>
            <CharacterOffsetBegin>22</CharacterOffsetBegin>
            <CharacterOffsetEnd>27</CharacterOffsetEnd>
            <POS>VBZ</POS>
          </token>
          <token id="6">
            <word>near</word>
            <lemma>near</lemma>
            <CharacterOffsetBegin>28</CharacterOffsetBegin>
            <CharacterOffsetEnd>32</CharacterOffsetEnd>
            <POS>IN</POS>
          </token>
          <token id="7">
            <word>president</word>
            <lemma>president</lemma>
            <CharacterOffsetBegin>33</CharacterOffsetBegin>
            <CharacterOffsetEnd>42</CharacterOffsetEnd>
            <POS>NN</POS>
          </token>
          <token id="8">
            <word>'s</word>
            <lemma>'s</lemma>
            <CharacterOffsetBegin>42</CharacterOffsetBegin>
            <CharacterOffsetEnd>44</CharacterOffsetEnd>
            <POS>POS</POS>
          </token>
          <token id="9">
            <word>palace</word>
            <lemma>palace</lemma>
            <CharacterOffsetBegin>45</CharacterOffsetBegin>
            <CharacterOffsetEnd>51</CharacterOffsetEnd>
            <POS>NN</POS>
          </token>
        </tokens>
      </sentence>
      <sentence id="2">
        <tokens>
          <token id="1">
            <word>Heavy</word>
            <lemma>heavy</lemma>
            <CharacterOffsetBegin>53</CharacterOffsetBegin>
            <CharacterOffsetEnd>58</CharacterOffsetEnd>
            <POS>JJ</POS>
          </token>
          <token id="2">
            <word>fighting</word>
            <lemma>fighting</lemma>
            <CharacterOffsetBegin>59</CharacterOffsetBegin>
            <CharacterOffsetEnd>67</CharacterOffsetEnd>
            <POS>NN</POS>
          </token>
          <token id="3">
            <word>is</word>
            <lemma>be</lemma>
            <CharacterOffsetBegin>68</CharacterOffsetBegin>
            <CharacterOffsetEnd>70</CharacterOffsetEnd>
            <POS>VBZ</POS>
          </token>
          <token id="4">
            <word>raging</word>
            <lemma>rage</lemma>
            <CharacterOffsetBegin>71</CharacterOffsetBegin>
            <CharacterOffsetEnd>77</CharacterOffsetEnd>
            <POS>VBG</POS>
          </token>
          <token id="5">
            <word>near</word>
            <lemma>near</lemma>
            <CharacterOffsetBegin>78</CharacterOffsetBegin>
            <CharacterOffsetEnd>82</CharacterOffsetEnd>
            <POS>IN</POS>
          </token>
          <token id="6">
            <word>Ivory</word>
            <lemma>Ivory</lemma>
            <CharacterOffsetBegin>83</CharacterOffsetBegin>
            <CharacterOffsetEnd>88</CharacterOffsetEnd>
            <POS>NNP</POS>
          </token>
          <token id="7">
            <word>Coast</word>
            <lemma>Coast</lemma>
            <CharacterOffsetBegin>89</CharacterOffsetBegin>
            <CharacterOffsetEnd>94</CharacterOffsetEnd>
            <POS>NNP</POS>
          </token>
          <token id="8">
            <word>'s</word>
            <lemma>'s</lemma>
            <CharacterOffsetBegin>94</CharacterOffsetBegin>
            <CharacterOffsetEnd>96</CharacterOffsetEnd>
            <POS>POS</POS>
          </token>
          <token id="9">
            <word>presidential</word>
            <lemma>presidential</lemma>
            <CharacterOffsetBegin>97</CharacterOffsetBegin>
            <CharacterOffsetEnd>109</CharacterOffsetEnd>
            <POS>JJ</POS>
          </token>
          <token id="10">
            <word>palace</word>
            <lemma>palace</lemma>
            <CharacterOffsetBegin>110</CharacterOffsetBegin>
            <CharacterOffsetEnd>116</CharacterOffsetEnd>
            <POS>NN</POS>
          </token>
          <token id="11">
            <word>and</word>
            <lemma>and</lemma>
            <CharacterOffsetBegin>117</CharacterOffsetBegin>
            <CharacterOffsetEnd>120</CharacterOffsetEnd>
            <POS>CC</POS>
          </token>
          <token id="12">
            <word>mansion</word>
            <lemma>mansion</lemma>
            <CharacterOffsetBegin>121</CharacterOffsetBegin>
            <CharacterOffsetEnd>128</CharacterOffsetEnd>
            <POS>NN</POS>
          </token>
          <token id="13">
            <word>,</word>
            <lemma>,</lemma>
            <CharacterOffsetBegin>128</CharacterOffsetBegin>
            <CharacterOffsetEnd>129</CharacterOffsetEnd>
            <POS>,</POS>
          </token>
          <token id="14">
            <word>as</word>
            <lemma>as</lemma>
            <CharacterOffsetBegin>130</CharacterOffsetBegin>
            <CharacterOffsetEnd>132</CharacterOffsetEnd>
            <POS>IN</POS>
          </token>
          <token id="15">
            <word>armed</word>
            <lemma>armed</lemma>
            <CharacterOffsetBegin>133</CharacterOffsetBegin>
            <CharacterOffsetEnd>138</CharacterOffsetEnd>
            <POS>JJ</POS>
          </token>
          <token id="16">
            <word>forces</word>
            <lemma>force</lemma>
            <CharacterOffsetBegin>139</CharacterOffsetBegin>
            <CharacterOffsetEnd>145</CharacterOffsetEnd>
            <POS>NNS</POS>
          </token>
          <token id="17">
            <word>loyal</word>
            <lemma>loyal</lemma>
            <CharacterOffsetBegin>146</CharacterOffsetBegin>
            <CharacterOffsetEnd>151</CharacterOffsetEnd>
            <POS>JJ</POS>
          </token>
          <token id="18">
            <word>to</word>
            <lemma>to</lemma>
            <CharacterOffsetBegin>152</CharacterOffsetBegin>
            <CharacterOffsetEnd>154</CharacterOffsetEnd>
            <POS>TO</POS>
          </token>
          <token id="19">
            <word>the</word>
            <lemma>the</lemma>
            <CharacterOffsetBegin>155</CharacterOffsetBegin>
            <CharacterOffsetEnd>158</CharacterOffsetEnd>
            <POS>DT</POS>
          </token>
          <token id="20">
            <word>elected</word>
            <lemma>elect</lemma>
            <CharacterOffsetBegin>159</CharacterOffsetBegin>
            <CharacterOffsetEnd>166</CharacterOffsetEnd>
            <POS>VBN</POS>
          </token>
          <token id="21">
            <word>leader</word>
            <lemma>leader</lemma>
            <CharacterOffsetBegin>167</CharacterOffsetBegin>
            <CharacterOffsetEnd>173</CharacterOffsetEnd>
            <POS>NN</POS>
          </token>
          <token id="22">
            <word>closed</word>
            <lemma>close</lemma>
            <CharacterOffsetBegin>174</CharacterOffsetBegin>
            <CharacterOffsetEnd>180</CharacterOffsetEnd>
            <POS>VBD</POS>
          </token>
          <token id="23">
            <word>in</word>
            <lemma>in</lemma>
            <CharacterOffsetBegin>181</CharacterOffsetBegin>
            <CharacterOffsetEnd>183</CharacterOffsetEnd>
            <POS>IN</POS>
          </token>
          <token id="24">
            <word>on</word>
            <lemma>on</lemma>
            <CharacterOffsetBegin>184</CharacterOffsetBegin>
            <CharacterOffsetEnd>186</CharacterOffsetEnd>
            <POS>IN</POS>
          </token>
          <token id="25">
            <word>the</word>
            <lemma>the</lemma>
            <CharacterOffsetBegin>187</CharacterOffsetBegin>
            <CharacterOffsetEnd>190</CharacterOffsetEnd>
            <POS>DT</POS>
          </token>
          <token id="26">
            <word>strongman</word>
            <lemma>strongman</lemma>
            <CharacterOffsetBegin>191</CharacterOffsetBegin>
            <CharacterOffsetEnd>200</CharacterOffsetEnd>
            <POS>NN</POS>
          </token>
          <token id="27">
            <word>who</word>
            <lemma>who</lemma>
            <CharacterOffsetBegin>201</CharacterOffsetBegin>
            <CharacterOffsetEnd>204</CharacterOffsetEnd>
            <POS>WP</POS>
          </token>
          <token id="28">
            <word>has</word>
            <lemma>have</lemma>
            <CharacterOffsetBegin>205</CharacterOffsetBegin>
            <CharacterOffsetEnd>208</CharacterOffsetEnd>
            <POS>VBZ</POS>
          </token>
          <token id="29">
            <word>held</word>
            <lemma>hold</lemma>
            <CharacterOffsetBegin>209</CharacterOffsetBegin>
            <CharacterOffsetEnd>213</CharacterOffsetEnd>
            <POS>VBN</POS>
          </token>
          <token id="30">
            <word>on</word>
            <lemma>on</lemma>
            <CharacterOffsetBegin>214</CharacterOffsetBegin>
            <CharacterOffsetEnd>216</CharacterOffsetEnd>
            <POS>IN</POS>
          </token>
          <token id="31">
            <word>to</word>
            <lemma>to</lemma>
            <CharacterOffsetBegin>217</CharacterOffsetBegin>
            <CharacterOffsetEnd>219</CharacterOffsetEnd>
            <POS>TO</POS>
          </token>
          <token id="32">
            <word>power</word>
            <lemma>power</lemma>
            <CharacterOffsetBegin>220</CharacterOffsetBegin>
            <CharacterOffsetEnd>225</CharacterOffsetEnd>
            <POS>NN</POS>
          </token>
          <token id="33">
            <word>in</word>
            <lemma>in</lemma>
            <CharacterOffsetBegin>226</CharacterOffsetBegin>
            <CharacterOffsetEnd>228</CharacterOffsetEnd>
            <POS>IN</POS>
          </token>
          <token id="34">
            <word>defiance</word>
            <lemma>defiance</lemma>
            <CharacterOffsetBegin>229</CharacterOffsetBegin>
            <CharacterOffsetEnd>237</CharacterOffsetEnd>
            <POS>NN</POS>
          </token>
          <token id="35">
            <word>of</word>
            <lemma>of</lemma>
            <CharacterOffsetBegin>238</CharacterOffsetBegin>
            <CharacterOffsetEnd>240</CharacterOffsetEnd>
            <POS>IN</POS>
          </token>
          <token id="36">
            <word>the</word>
            <lemma>the</lemma>
            <CharacterOffsetBegin>241</CharacterOffsetBegin>
            <CharacterOffsetEnd>244</CharacterOffsetEnd>
            <POS>DT</POS>
          </token>
          <token id="37">
            <word>results</word>
            <lemma>result</lemma>
            <CharacterOffsetBegin>245</CharacterOffsetBegin>
            <CharacterOffsetEnd>252</CharacterOffsetEnd>
            <POS>NNS</POS>
          </token>
          <token id="38">
            <word>of</word>
            <lemma>of</lemma>
            <CharacterOffsetBegin>253</CharacterOffsetBegin>
            <CharacterOffsetEnd>255</CharacterOffsetEnd>
            <POS>IN</POS>
          </token>
          <token id="39">
            <word>elections</word>
            <lemma>election</lemma>
            <CharacterOffsetBegin>256</CharacterOffsetBegin>
            <CharacterOffsetEnd>265</CharacterOffsetEnd>
            <POS>NNS</POS>
          </token>
          <token id="40">
            <word>held</word>
            <lemma>hold</lemma>
            <CharacterOffsetBegin>266</CharacterOffsetBegin>
            <CharacterOffsetEnd>270</CharacterOffsetEnd>
            <POS>VBN</POS>
          </token>
          <token id="41">
            <word>in</word>
            <lemma>in</lemma>
            <CharacterOffsetBegin>271</CharacterOffsetBegin>
            <CharacterOffsetEnd>273</CharacterOffsetEnd>
            <POS>IN</POS>
          </token>
          <token id="42">
            <word>November</word>
            <lemma>November</lemma>
            <CharacterOffsetBegin>274</CharacterOffsetBegin>
            <CharacterOffsetEnd>282</CharacterOffsetEnd>
            <POS>NNP</POS>
          </token>
          <token id="43">
            <word>.</word>
            <lemma>.</lemma>
            <CharacterOffsetBegin>282</CharacterOffsetBegin>
            <CharacterOffsetEnd>283</CharacterOffsetEnd>
            <POS>.</POS>
          </token>
        </tokens>
      </sentence>
      <sentence id="3">
        <tokens>
          <token id="1">
            <word>Alassane</word>
            <lemma>Alassane</lemma>
            <CharacterOffsetBegin>284</CharacterOffsetBegin>
            <CharacterOffsetEnd>292</CharacterOffsetEnd>
            <POS>NNP</POS>
          </token>
          <token id="2">
            <word>Ouattara</word>
            <lemma>Ouattara</lemma>
            <CharacterOffsetBegin>293</CharacterOffsetBegin>
            <CharacterOffsetEnd>301</CharacterOffsetEnd>
            <POS>NNP</POS>
          </token>
          <token id="3">
            <word>,</word>
            <lemma>,</lemma>
            <CharacterOffsetBegin>301</CharacterOffsetBegin>
            <CharacterOffsetEnd>302</CharacterOffsetEnd>
            <POS>,</POS>
          </token>
          <token id="4">
            <word>who</word>
            <lemma>who</lemma>
            <CharacterOffsetBegin>303</CharacterOffsetBegin>
            <CharacterOffsetEnd>306</CharacterOffsetEnd>
            <POS>WP</POS>
          </token>
          <token id="5">
            <word>won</word>
            <lemma>win</lemma>
            <CharacterOffsetBegin>307</CharacterOffsetBegin>
            <CharacterOffsetEnd>310</CharacterOffsetEnd>
            <POS>VBD</POS>
          </token>
          <token id="6">
            <word>November</word>
            <lemma>November</lemma>
            <CharacterOffsetBegin>311</CharacterOffsetBegin>
            <CharacterOffsetEnd>319</CharacterOffsetEnd>
            <POS>NNP</POS>
          </token>
          <token id="7">
            <word>'s</word>
            <lemma>'s</lemma>
            <CharacterOffsetBegin>319</CharacterOffsetBegin>
            <CharacterOffsetEnd>321</CharacterOffsetEnd>
            <POS>POS</POS>
          </token>
          <token id="8">
            <word>UN-supervised</word>
            <lemma>un-supervised</lemma>
            <CharacterOffsetBegin>322</CharacterOffsetBegin>
            <CharacterOffsetEnd>335</CharacterOffsetEnd>
            <POS>JJ</POS>
          </token>
          <token id="9">
            <word>election</word>
            <lemma>election</lemma>
            <CharacterOffsetBegin>336</CharacterOffsetBegin>
            <CharacterOffsetEnd>344</CharacterOffsetEnd>
            <POS>NN</POS>
          </token>
          <token id="10">
            <word>,</word>
            <lemma>,</lemma>
            <CharacterOffsetBegin>344</CharacterOffsetBegin>
            <CharacterOffsetEnd>345</CharacterOffsetEnd>
            <POS>,</POS>
          </token>
          <token id="11">
            <word>also</word>
            <lemma>also</lemma>
            <CharacterOffsetBegin>346</CharacterOffsetBegin>
            <CharacterOffsetEnd>350</CharacterOffsetEnd>
            <POS>RB</POS>
          </token>
          <token id="12">
            <word>ordered</word>
            <lemma>order</lemma>
            <CharacterOffsetBegin>351</CharacterOffsetBegin>
            <CharacterOffsetEnd>358</CharacterOffsetEnd>
            <POS>VBD</POS>
          </token>
          <token id="13">
            <word>the</word>
            <lemma>the</lemma>
            <CharacterOffsetBegin>359</CharacterOffsetBegin>
            <CharacterOffsetEnd>362</CharacterOffsetEnd>
            <POS>DT</POS>
          </token>
          <token id="14">
            <word>country</word>
            <lemma>country</lemma>
            <CharacterOffsetBegin>363</CharacterOffsetBegin>
            <CharacterOffsetEnd>370</CharacterOffsetEnd>
            <POS>NN</POS>
          </token>
          <token id="15">
            <word>'s</word>
            <lemma>'s</lemma>
            <CharacterOffsetBegin>370</CharacterOffsetBegin>
            <CharacterOffsetEnd>372</CharacterOffsetEnd>
            <POS>POS</POS>
          </token>
          <token id="16">
            <word>borders</word>
            <lemma>border</lemma>
            <CharacterOffsetBegin>373</CharacterOffsetBegin>
            <CharacterOffsetEnd>380</CharacterOffsetEnd>
            <POS>NNS</POS>
          </token>
          <token id="17">
            <word>closed</word>
            <lemma>close</lemma>
            <CharacterOffsetBegin>381</CharacterOffsetBegin>
            <CharacterOffsetEnd>387</CharacterOffsetEnd>
            <POS>VBD</POS>
          </token>
          <token id="18">
            <word>in</word>
            <lemma>in</lemma>
            <CharacterOffsetBegin>388</CharacterOffsetBegin>
            <CharacterOffsetEnd>390</CharacterOffsetEnd>
            <POS>IN</POS>
          </token>
          <token id="19">
            <word>an</word>
            <lemma>a</lemma>
            <CharacterOffsetBegin>391</CharacterOffsetBegin>
            <CharacterOffsetEnd>393</CharacterOffsetEnd>
            <POS>DT</POS>
          </token>
          <token id="20">
            <word>attempt</word>
            <lemma>attempt</lemma>
            <CharacterOffsetBegin>394</CharacterOffsetBegin>
            <CharacterOffsetEnd>401</CharacterOffsetEnd>
            <POS>NN</POS>
          </token>
          <token id="21">
            <word>to</word>
            <lemma>to</lemma>
            <CharacterOffsetBegin>402</CharacterOffsetBegin>
            <CharacterOffsetEnd>404</CharacterOffsetEnd>
            <POS>TO</POS>
          </token>
          <token id="22">
            <word>prevent</word>
            <lemma>prevent</lemma>
            <CharacterOffsetBegin>405</CharacterOffsetBegin>
            <CharacterOffsetEnd>412</CharacterOffsetEnd>
            <POS>VB</POS>
          </token>
          <token id="23">
            <word>strongman</word>
            <lemma>strongman</lemma>
            <CharacterOffsetBegin>413</CharacterOffsetBegin>
            <CharacterOffsetEnd>422</CharacterOffsetEnd>
            <POS>NN</POS>
          </token>
          <token id="24">
            <word>Laurent</word>
            <lemma>Laurent</lemma>
            <CharacterOffsetBegin>423</CharacterOffsetBegin>
            <CharacterOffsetEnd>430</CharacterOffsetEnd>
            <POS>NNP</POS>
          </token>
          <token id="25">
            <word>Gbagbo</word>
            <lemma>Gbagbo</lemma>
            <CharacterOffsetBegin>431</CharacterOffsetBegin>
            <CharacterOffsetEnd>437</CharacterOffsetEnd>
            <POS>NNP</POS>
          </token>
          <token id="26">
            <word>and</word>
            <lemma>and</lemma>
            <CharacterOffsetBegin>438</CharacterOffsetBegin>
            <CharacterOffsetEnd>441</CharacterOffsetEnd>
            <POS>CC</POS>
          </token>
          <token id="27">
            <word>his</word>
            <lemma>he</lemma>
            <CharacterOffsetBegin>442</CharacterOffsetBegin>
            <CharacterOffsetEnd>445</CharacterOffsetEnd>
            <POS>PRP$</POS>
          </token>
          <token id="28">
            <word>allies</word>
            <lemma>ally</lemma>
            <CharacterOffsetBegin>446</CharacterOffsetBegin>
            <CharacterOffsetEnd>452</CharacterOffsetEnd>
            <POS>NNS</POS>
          </token>
          <token id="29">
            <word>from</word>
            <lemma>from</lemma>
            <CharacterOffsetBegin>453</CharacterOffsetBegin>
            <CharacterOffsetEnd>457</CharacterOffsetEnd>
            <POS>IN</POS>
          </token>
          <token id="30">
            <word>fleeing</word>
            <lemma>flee</lemma>
            <CharacterOffsetBegin>458</CharacterOffsetBegin>
            <CharacterOffsetEnd>465</CharacterOffsetEnd>
            <POS>VBG</POS>
          </token>
          <token id="31">
            <word>.</word>
            <lemma>.</lemma>
            <CharacterOffsetBegin>465</CharacterOffsetBegin>
            <CharacterOffsetEnd>466</CharacterOffsetEnd>
            <POS>.</POS>
          </token>
        </tokens>
      </sentence>
      <sentence id="4">
        <tokens>
          <token id="1">
            <word>Residents</word>
            <lemma>resident</lemma>
            <CharacterOffsetBegin>467</CharacterOffsetBegin>
            <CharacterOffsetEnd>476</CharacterOffsetEnd>
            <POS>NNS</POS>
          </token>
          <token id="2">
            <word>of</word>
            <lemma>of</lemma>
            <CharacterOffsetBegin>477</CharacterOffsetBegin>
            <CharacterOffsetEnd>479</CharacterOffsetEnd>
            <POS>IN</POS>
          </token>
          <token id="3">
            <word>Abidjan</word>
            <lemma>Abidjan</lemma>
            <CharacterOffsetBegin>480</CharacterOffsetBegin>
            <CharacterOffsetEnd>487</CharacterOffsetEnd>
            <POS>NNP</POS>
          </token>
          <token id="4">
            <word>locked</word>
            <lemma>lock</lemma>
            <CharacterOffsetBegin>488</CharacterOffsetBegin>
            <CharacterOffsetEnd>494</CharacterOffsetEnd>
            <POS>VBN</POS>
          </token>
          <token id="5">
            <word>up</word>
            <lemma>up</lemma>
            <CharacterOffsetBegin>495</CharacterOffsetBegin>
            <CharacterOffsetEnd>497</CharacterOffsetEnd>
            <POS>RP</POS>
          </token>
          <token id="6">
            <word>in</word>
            <lemma>in</lemma>
            <CharacterOffsetBegin>498</CharacterOffsetBegin>
            <CharacterOffsetEnd>500</CharacterOffsetEnd>
            <POS>IN</POS>
          </token>
          <token id="7">
            <word>their</word>
            <lemma>they</lemma>
            <CharacterOffsetBegin>501</CharacterOffsetBegin>
            <CharacterOffsetEnd>506</CharacterOffsetEnd>
            <POS>PRP$</POS>
          </token>
          <token id="8">
            <word>homes</word>
            <lemma>home</lemma>
            <CharacterOffsetBegin>507</CharacterOffsetBegin>
            <CharacterOffsetEnd>512</CharacterOffsetEnd>
            <POS>NNS</POS>
          </token>
          <token id="9">
            <word>reported</word>
            <lemma>report</lemma>
            <CharacterOffsetBegin>513</CharacterOffsetBegin>
            <CharacterOffsetEnd>521</CharacterOffsetEnd>
            <POS>VBD</POS>
          </token>
          <token id="10">
            <word>barrages</word>
            <lemma>barrage</lemma>
            <CharacterOffsetBegin>522</CharacterOffsetBegin>
            <CharacterOffsetEnd>530</CharacterOffsetEnd>
            <POS>NNS</POS>
          </token>
          <token id="11">
            <word>of</word>
            <lemma>of</lemma>
            <CharacterOffsetBegin>531</CharacterOffsetBegin>
            <CharacterOffsetEnd>533</CharacterOffsetEnd>
            <POS>IN</POS>
          </token>
          <token id="12">
            <word>heavy</word>
            <lemma>heavy</lemma>
            <CharacterOffsetBegin>534</CharacterOffsetBegin>
            <CharacterOffsetEnd>539</CharacterOffsetEnd>
            <POS>JJ</POS>
          </token>
          <token id="13">
            <word>arms</word>
            <lemma>arm</lemma>
            <CharacterOffsetBegin>540</CharacterOffsetBegin>
            <CharacterOffsetEnd>544</CharacterOffsetEnd>
            <POS>NNS</POS>
          </token>
          <token id="14">
            <word>fire</word>
            <lemma>fire</lemma>
            <CharacterOffsetBegin>545</CharacterOffsetBegin>
            <CharacterOffsetEnd>549</CharacterOffsetEnd>
            <POS>NN</POS>
          </token>
          <token id="15">
            <word>punctuated</word>
            <lemma>punctuate</lemma>
            <CharacterOffsetBegin>550</CharacterOffsetBegin>
            <CharacterOffsetEnd>560</CharacterOffsetEnd>
            <POS>VBN</POS>
          </token>
          <token id="16">
            <word>by</word>
            <lemma>by</lemma>
            <CharacterOffsetBegin>561</CharacterOffsetBegin>
            <CharacterOffsetEnd>563</CharacterOffsetEnd>
            <POS>IN</POS>
          </token>
          <token id="17">
            <word>detonations</word>
            <lemma>detonation</lemma>
            <CharacterOffsetBegin>564</CharacterOffsetBegin>
            <CharacterOffsetEnd>575</CharacterOffsetEnd>
            <POS>NNS</POS>
          </token>
          <token id="18">
            <word>throughout</word>
            <lemma>throughout</lemma>
            <CharacterOffsetBegin>576</CharacterOffsetBegin>
            <CharacterOffsetEnd>586</CharacterOffsetEnd>
            <POS>IN</POS>
          </token>
          <token id="19">
            <word>the</word>
            <lemma>the</lemma>
            <CharacterOffsetBegin>587</CharacterOffsetBegin>
            <CharacterOffsetEnd>590</CharacterOffsetEnd>
            <POS>DT</POS>
          </token>
          <token id="20">
            <word>night</word>
            <lemma>night</lemma>
            <CharacterOffsetBegin>591</CharacterOffsetBegin>
            <CharacterOffsetEnd>596</CharacterOffsetEnd>
            <POS>NN</POS>
          </token>
          <token id="21">
            <word>.</word>
            <lemma>.</lemma>
            <CharacterOffsetBegin>596</CharacterOffsetBegin>
            <CharacterOffsetEnd>597</CharacterOffsetEnd>
            <POS>.</POS>
          </token>
        </tokens>
      </sentence>
      <sentence id="5">
        <tokens>
          <token id="1">
            <word>On</word>
            <lemma>on</lemma>
            <CharacterOffsetBegin>598</CharacterOffsetBegin>
            <CharacterOffsetEnd>600</CharacterOffsetEnd>
            <POS>IN</POS>
          </token>
          <token id="2">
            <word>the</word>
            <lemma>the</lemma>
            <CharacterOffsetBegin>601</CharacterOffsetBegin>
            <CharacterOffsetEnd>604</CharacterOffsetEnd>
            <POS>DT</POS>
          </token>
          <token id="3">
            <word>peninsula</word>
            <lemma>peninsula</lemma>
            <CharacterOffsetBegin>605</CharacterOffsetBegin>
            <CharacterOffsetEnd>614</CharacterOffsetEnd>
            <POS>NN</POS>
          </token>
          <token id="4">
            <word>where</word>
            <lemma>where</lemma>
            <CharacterOffsetBegin>615</CharacterOffsetBegin>
            <CharacterOffsetEnd>620</CharacterOffsetEnd>
            <POS>WRB</POS>
          </token>
          <token id="5">
            <word>the</word>
            <lemma>the</lemma>
            <CharacterOffsetBegin>621</CharacterOffsetBegin>
            <CharacterOffsetEnd>624</CharacterOffsetEnd>
            <POS>DT</POS>
          </token>
          <token id="6">
            <word>presidential</word>
            <lemma>presidential</lemma>
            <CharacterOffsetBegin>625</CharacterOffsetBegin>
            <CharacterOffsetEnd>637</CharacterOffsetEnd>
            <POS>JJ</POS>
          </token>
          <token id="7">
            <word>palace</word>
            <lemma>palace</lemma>
            <CharacterOffsetBegin>638</CharacterOffsetBegin>
            <CharacterOffsetEnd>644</CharacterOffsetEnd>
            <POS>NN</POS>
          </token>
          <token id="8">
            <word>is</word>
            <lemma>be</lemma>
            <CharacterOffsetBegin>645</CharacterOffsetBegin>
            <CharacterOffsetEnd>647</CharacterOffsetEnd>
            <POS>VBZ</POS>
          </token>
          <token id="9">
            <word>situated</word>
            <lemma>situate</lemma>
            <CharacterOffsetBegin>648</CharacterOffsetBegin>
            <CharacterOffsetEnd>656</CharacterOffsetEnd>
            <POS>VBN</POS>
          </token>
          <token id="10">
            <word>,</word>
            <lemma>,</lemma>
            <CharacterOffsetBegin>656</CharacterOffsetBegin>
            <CharacterOffsetEnd>657</CharacterOffsetEnd>
            <POS>,</POS>
          </token>
          <token id="11">
            <word>buildings</word>
            <lemma>building</lemma>
            <CharacterOffsetBegin>658</CharacterOffsetBegin>
            <CharacterOffsetEnd>667</CharacterOffsetEnd>
            <POS>NNS</POS>
          </token>
          <token id="12">
            <word>were</word>
            <lemma>be</lemma>
            <CharacterOffsetBegin>668</CharacterOffsetBegin>
            <CharacterOffsetEnd>672</CharacterOffsetEnd>
            <POS>VBD</POS>
          </token>
          <token id="13">
            <word>shaking</word>
            <lemma>shake</lemma>
            <CharacterOffsetBegin>673</CharacterOffsetBegin>
            <CharacterOffsetEnd>680</CharacterOffsetEnd>
            <POS>VBG</POS>
          </token>
          <token id="14">
            <word>with</word>
            <lemma>with</lemma>
            <CharacterOffsetBegin>681</CharacterOffsetBegin>
            <CharacterOffsetEnd>685</CharacterOffsetEnd>
            <POS>IN</POS>
          </token>
          <token id="15">
            <word>each</word>
            <lemma>each</lemma>
            <CharacterOffsetBegin>686</CharacterOffsetBegin>
            <CharacterOffsetEnd>690</CharacterOffsetEnd>
            <POS>DT</POS>
          </token>
          <token id="16">
            <word>explosion</word>
            <lemma>explosion</lemma>
            <CharacterOffsetBegin>691</CharacterOffsetBegin>
            <CharacterOffsetEnd>700</CharacterOffsetEnd>
            <POS>NN</POS>
          </token>
          <token id="17">
            <word>,</word>
            <lemma>,</lemma>
            <CharacterOffsetBegin>700</CharacterOffsetBegin>
            <CharacterOffsetEnd>701</CharacterOffsetEnd>
            <POS>,</POS>
          </token>
          <token id="18">
            <word>witnesses</word>
            <lemma>witness</lemma>
            <CharacterOffsetBegin>702</CharacterOffsetBegin>
            <CharacterOffsetEnd>711</CharacterOffsetEnd>
            <POS>NNS</POS>
          </token>
          <token id="19">
            <word>said</word>
            <lemma>say</lemma>
            <CharacterOffsetBegin>712</CharacterOffsetBegin>
            <CharacterOffsetEnd>716</CharacterOffsetEnd>
            <POS>VBD</POS>
          </token>
          <token id="20">
            <word>.</word>
            <lemma>.</lemma>
            <CharacterOffsetBegin>716</CharacterOffsetBegin>
            <CharacterOffsetEnd>717</CharacterOffsetEnd>
            <POS>.</POS>
          </token>
        </tokens>
      </sentence>
      <sentence id="6">
        <tokens>
          <token id="1">
            <word>Patrick</word>
            <lemma>Patrick</lemma>
            <CharacterOffsetBegin>718</CharacterOffsetBegin>
            <CharacterOffsetEnd>725</CharacterOffsetEnd>
            <POS>NNP</POS>
          </token>
          <token id="2">
            <word>Achi</word>
            <lemma>Achi</lemma>
            <CharacterOffsetBegin>726</CharacterOffsetBegin>
            <CharacterOffsetEnd>730</CharacterOffsetEnd>
            <POS>NNP</POS>
          </token>
          <token id="3">
            <word>,</word>
            <lemma>,</lemma>
            <CharacterOffsetBegin>730</CharacterOffsetBegin>
            <CharacterOffsetEnd>731</CharacterOffsetEnd>
            <POS>,</POS>
          </token>
          <token id="4">
            <word>a</word>
            <lemma>a</lemma>
            <CharacterOffsetBegin>732</CharacterOffsetBegin>
            <CharacterOffsetEnd>733</CharacterOffsetEnd>
            <POS>DT</POS>
          </token>
          <token id="5">
            <word>spokesman</word>
            <lemma>spokesman</lemma>
            <CharacterOffsetBegin>734</CharacterOffsetBegin>
            <CharacterOffsetEnd>743</CharacterOffsetEnd>
            <POS>NN</POS>
          </token>
          <token id="6">
            <word>for</word>
            <lemma>for</lemma>
            <CharacterOffsetBegin>744</CharacterOffsetBegin>
            <CharacterOffsetEnd>747</CharacterOffsetEnd>
            <POS>IN</POS>
          </token>
          <token id="7">
            <word>Mr</word>
            <lemma>Mr</lemma>
            <CharacterOffsetBegin>748</CharacterOffsetBegin>
            <CharacterOffsetEnd>750</CharacterOffsetEnd>
            <POS>NNP</POS>
          </token>
          <token id="8">
            <word>Ouattara</word>
            <lemma>Ouattara</lemma>
            <CharacterOffsetBegin>751</CharacterOffsetBegin>
            <CharacterOffsetEnd>759</CharacterOffsetEnd>
            <POS>NNP</POS>
          </token>
          <token id="9">
            <word>,</word>
            <lemma>,</lemma>
            <CharacterOffsetBegin>759</CharacterOffsetBegin>
            <CharacterOffsetEnd>760</CharacterOffsetEnd>
            <POS>,</POS>
          </token>
          <token id="10">
            <word>said</word>
            <lemma>say</lemma>
            <CharacterOffsetBegin>761</CharacterOffsetBegin>
            <CharacterOffsetEnd>765</CharacterOffsetEnd>
            <POS>VBD</POS>
          </token>
          <token id="11">
            <word>the</word>
            <lemma>the</lemma>
            <CharacterOffsetBegin>766</CharacterOffsetBegin>
            <CharacterOffsetEnd>769</CharacterOffsetEnd>
            <POS>DT</POS>
          </token>
          <token id="12">
            <word>fighters</word>
            <lemma>fighter</lemma>
            <CharacterOffsetBegin>770</CharacterOffsetBegin>
            <CharacterOffsetEnd>778</CharacterOffsetEnd>
            <POS>NNS</POS>
          </token>
          <token id="13">
            <word>had</word>
            <lemma>have</lemma>
            <CharacterOffsetBegin>779</CharacterOffsetBegin>
            <CharacterOffsetEnd>782</CharacterOffsetEnd>
            <POS>VBD</POS>
          </token>
          <token id="14">
            <word>breached</word>
            <lemma>breach</lemma>
            <CharacterOffsetBegin>783</CharacterOffsetBegin>
            <CharacterOffsetEnd>791</CharacterOffsetEnd>
            <POS>VBN</POS>
          </token>
          <token id="15">
            <word>the</word>
            <lemma>the</lemma>
            <CharacterOffsetBegin>792</CharacterOffsetBegin>
            <CharacterOffsetEnd>795</CharacterOffsetEnd>
            <POS>DT</POS>
          </token>
          <token id="16">
            <word>city</word>
            <lemma>city</lemma>
            <CharacterOffsetBegin>796</CharacterOffsetBegin>
            <CharacterOffsetEnd>800</CharacterOffsetEnd>
            <POS>NN</POS>
          </token>
          <token id="17">
            <word>limit</word>
            <lemma>limit</lemma>
            <CharacterOffsetBegin>801</CharacterOffsetBegin>
            <CharacterOffsetEnd>806</CharacterOffsetEnd>
            <POS>NN</POS>
          </token>
          <token id="18">
            <word>overnight</word>
            <lemma>overnight</lemma>
            <CharacterOffsetBegin>807</CharacterOffsetBegin>
            <CharacterOffsetEnd>816</CharacterOffsetEnd>
            <POS>JJ</POS>
          </token>
          <token id="19">
            <word>and</word>
            <lemma>and</lemma>
            <CharacterOffsetBegin>817</CharacterOffsetBegin>
            <CharacterOffsetEnd>820</CharacterOffsetEnd>
            <POS>CC</POS>
          </token>
          <token id="20">
            <word>were</word>
            <lemma>be</lemma>
            <CharacterOffsetBegin>821</CharacterOffsetBegin>
            <CharacterOffsetEnd>825</CharacterOffsetEnd>
            <POS>VBD</POS>
          </token>
          <token id="21">
            <word>waging</word>
            <lemma>wage</lemma>
            <CharacterOffsetBegin>826</CharacterOffsetBegin>
            <CharacterOffsetEnd>832</CharacterOffsetEnd>
            <POS>VBG</POS>
          </token>
          <token id="22">
            <word>battles</word>
            <lemma>battle</lemma>
            <CharacterOffsetBegin>833</CharacterOffsetBegin>
            <CharacterOffsetEnd>840</CharacterOffsetEnd>
            <POS>NNS</POS>
          </token>
          <token id="23">
            <word>at</word>
            <lemma>at</lemma>
            <CharacterOffsetBegin>841</CharacterOffsetBegin>
            <CharacterOffsetEnd>843</CharacterOffsetEnd>
            <POS>IN</POS>
          </token>
          <token id="24">
            <word>the</word>
            <lemma>the</lemma>
            <CharacterOffsetBegin>844</CharacterOffsetBegin>
            <CharacterOffsetEnd>847</CharacterOffsetEnd>
            <POS>DT</POS>
          </token>
          <token id="25">
            <word>palace</word>
            <lemma>palace</lemma>
            <CharacterOffsetBegin>848</CharacterOffsetBegin>
            <CharacterOffsetEnd>854</CharacterOffsetEnd>
            <POS>NN</POS>
          </token>
          <token id="26">
            <word>and</word>
            <lemma>and</lemma>
            <CharacterOffsetBegin>855</CharacterOffsetBegin>
            <CharacterOffsetEnd>858</CharacterOffsetEnd>
            <POS>CC</POS>
          </token>
          <token id="27">
            <word>the</word>
            <lemma>the</lemma>
            <CharacterOffsetBegin>859</CharacterOffsetBegin>
            <CharacterOffsetEnd>862</CharacterOffsetEnd>
            <POS>DT</POS>
          </token>
          <token id="28">
            <word>residence</word>
            <lemma>residence</lemma>
            <CharacterOffsetBegin>863</CharacterOffsetBegin>
            <CharacterOffsetEnd>872</CharacterOffsetEnd>
            <POS>NN</POS>
          </token>
          <token id="29">
            <word>.</word>
            <lemma>.</lemma>
            <CharacterOffsetBegin>872</CharacterOffsetBegin>
            <CharacterOffsetEnd>873</CharacterOffsetEnd>
            <POS>.</POS>
          </token>
        </tokens>
      </sentence>
      <sentence id="7">
        <tokens>
          <token id="1">
            <word>Mr</word>
            <lemma>Mr</lemma>
            <CharacterOffsetBegin>874</CharacterOffsetBegin>
            <CharacterOffsetEnd>876</CharacterOffsetEnd>
            <POS>NNP</POS>
          </token>
          <token id="2">
            <word>Achi</word>
            <lemma>Achi</lemma>
            <CharacterOffsetBegin>877</CharacterOffsetBegin>
            <CharacterOffsetEnd>881</CharacterOffsetEnd>
            <POS>NNP</POS>
          </token>
          <token id="3">
            <word>said</word>
            <lemma>say</lemma>
            <CharacterOffsetBegin>882</CharacterOffsetBegin>
            <CharacterOffsetEnd>886</CharacterOffsetEnd>
            <POS>VBD</POS>
          </token>
          <token id="4">
            <word>the</word>
            <lemma>the</lemma>
            <CharacterOffsetBegin>887</CharacterOffsetBegin>
            <CharacterOffsetEnd>890</CharacterOffsetEnd>
            <POS>DT</POS>
          </token>
          <token id="5">
            <word>forces</word>
            <lemma>force</lemma>
            <CharacterOffsetBegin>891</CharacterOffsetBegin>
            <CharacterOffsetEnd>897</CharacterOffsetEnd>
            <POS>NNS</POS>
          </token>
          <token id="6">
            <word>,</word>
            <lemma>,</lemma>
            <CharacterOffsetBegin>897</CharacterOffsetBegin>
            <CharacterOffsetEnd>898</CharacterOffsetEnd>
            <POS>,</POS>
          </token>
          <token id="7">
            <word>who</word>
            <lemma>who</lemma>
            <CharacterOffsetBegin>899</CharacterOffsetBegin>
            <CharacterOffsetEnd>902</CharacterOffsetEnd>
            <POS>WP</POS>
          </token>
          <token id="8">
            <word>are</word>
            <lemma>be</lemma>
            <CharacterOffsetBegin>903</CharacterOffsetBegin>
            <CharacterOffsetEnd>906</CharacterOffsetEnd>
            <POS>VBP</POS>
          </token>
          <token id="9">
            <word>former</word>
            <lemma>former</lemma>
            <CharacterOffsetBegin>907</CharacterOffsetBegin>
            <CharacterOffsetEnd>913</CharacterOffsetEnd>
            <POS>JJ</POS>
          </token>
          <token id="10">
            <word>rebels</word>
            <lemma>rebel</lemma>
            <CharacterOffsetBegin>914</CharacterOffsetBegin>
            <CharacterOffsetEnd>920</CharacterOffsetEnd>
            <POS>NNS</POS>
          </token>
          <token id="11">
            <word>who</word>
            <lemma>who</lemma>
            <CharacterOffsetBegin>921</CharacterOffsetBegin>
            <CharacterOffsetEnd>924</CharacterOffsetEnd>
            <POS>WP</POS>
          </token>
          <token id="12">
            <word>fought</word>
            <lemma>fight</lemma>
            <CharacterOffsetBegin>925</CharacterOffsetBegin>
            <CharacterOffsetEnd>931</CharacterOffsetEnd>
            <POS>VBD</POS>
          </token>
          <token id="13">
            <word>in</word>
            <lemma>in</lemma>
            <CharacterOffsetBegin>932</CharacterOffsetBegin>
            <CharacterOffsetEnd>934</CharacterOffsetEnd>
            <POS>IN</POS>
          </token>
          <token id="14">
            <word>a</word>
            <lemma>a</lemma>
            <CharacterOffsetBegin>935</CharacterOffsetBegin>
            <CharacterOffsetEnd>936</CharacterOffsetEnd>
            <POS>DT</POS>
          </token>
          <token id="15">
            <word>civil</word>
            <lemma>civil</lemma>
            <CharacterOffsetBegin>937</CharacterOffsetBegin>
            <CharacterOffsetEnd>942</CharacterOffsetEnd>
            <POS>JJ</POS>
          </token>
          <token id="16">
            <word>war</word>
            <lemma>war</lemma>
            <CharacterOffsetBegin>943</CharacterOffsetBegin>
            <CharacterOffsetEnd>946</CharacterOffsetEnd>
            <POS>NN</POS>
          </token>
          <token id="17">
            <word>a</word>
            <lemma>a</lemma>
            <CharacterOffsetBegin>947</CharacterOffsetBegin>
            <CharacterOffsetEnd>948</CharacterOffsetEnd>
            <POS>DT</POS>
          </token>
          <token id="18">
            <word>decade</word>
            <lemma>decade</lemma>
            <CharacterOffsetBegin>949</CharacterOffsetBegin>
            <CharacterOffsetEnd>955</CharacterOffsetEnd>
            <POS>NN</POS>
          </token>
          <token id="19">
            <word>ago</word>
            <lemma>ago</lemma>
            <CharacterOffsetBegin>956</CharacterOffsetBegin>
            <CharacterOffsetEnd>959</CharacterOffsetEnd>
            <POS>IN</POS>
          </token>
          <token id="20">
            <word>that</word>
            <lemma>that</lemma>
            <CharacterOffsetBegin>960</CharacterOffsetBegin>
            <CharacterOffsetEnd>964</CharacterOffsetEnd>
            <POS>DT</POS>
          </token>
          <token id="21">
            <word>left</word>
            <lemma>leave</lemma>
            <CharacterOffsetBegin>965</CharacterOffsetBegin>
            <CharacterOffsetEnd>969</CharacterOffsetEnd>
            <POS>VBD</POS>
          </token>
          <token id="22">
            <word>Ivory</word>
            <lemma>Ivory</lemma>
            <CharacterOffsetBegin>970</CharacterOffsetBegin>
            <CharacterOffsetEnd>975</CharacterOffsetEnd>
            <POS>NNP</POS>
          </token>
          <token id="23">
            <word>Coast</word>
            <lemma>Coast</lemma>
            <CharacterOffsetBegin>976</CharacterOffsetBegin>
            <CharacterOffsetEnd>981</CharacterOffsetEnd>
            <POS>NNP</POS>
          </token>
          <token id="24">
            <word>divided</word>
            <lemma>divide</lemma>
            <CharacterOffsetBegin>982</CharacterOffsetBegin>
            <CharacterOffsetEnd>989</CharacterOffsetEnd>
            <POS>VBN</POS>
          </token>
          <token id="25">
            <word>,</word>
            <lemma>,</lemma>
            <CharacterOffsetBegin>989</CharacterOffsetBegin>
            <CharacterOffsetEnd>990</CharacterOffsetEnd>
            <POS>,</POS>
          </token>
          <token id="26">
            <word>had</word>
            <lemma>have</lemma>
            <CharacterOffsetBegin>991</CharacterOffsetBegin>
            <CharacterOffsetEnd>994</CharacterOffsetEnd>
            <POS>VBD</POS>
          </token>
          <token id="27">
            <word>seized</word>
            <lemma>seize</lemma>
            <CharacterOffsetBegin>995</CharacterOffsetBegin>
            <CharacterOffsetEnd>1001</CharacterOffsetEnd>
            <POS>VBN</POS>
          </token>
          <token id="28">
            <word>Radio</word>
            <lemma>Radio</lemma>
            <CharacterOffsetBegin>1002</CharacterOffsetBegin>
            <CharacterOffsetEnd>1007</CharacterOffsetEnd>
            <POS>NNP</POS>
          </token>
          <token id="29">
            <word>Television</word>
            <lemma>Television</lemma>
            <CharacterOffsetBegin>1008</CharacterOffsetBegin>
            <CharacterOffsetEnd>1018</CharacterOffsetEnd>
            <POS>NNP</POS>
          </token>
          <token id="30">
            <word>Ivoirienne</word>
            <lemma>Ivoirienne</lemma>
            <CharacterOffsetBegin>1019</CharacterOffsetBegin>
            <CharacterOffsetEnd>1029</CharacterOffsetEnd>
            <POS>NNP</POS>
          </token>
          <token id="31">
            <word>,</word>
            <lemma>,</lemma>
            <CharacterOffsetBegin>1029</CharacterOffsetBegin>
            <CharacterOffsetEnd>1030</CharacterOffsetEnd>
            <POS>,</POS>
          </token>
          <token id="32">
            <word>the</word>
            <lemma>the</lemma>
            <CharacterOffsetBegin>1031</CharacterOffsetBegin>
            <CharacterOffsetEnd>1034</CharacterOffsetEnd>
            <POS>DT</POS>
          </token>
          <token id="33">
            <word>government-owned</word>
            <lemma>government-owned</lemma>
            <CharacterOffsetBegin>1035</CharacterOffsetBegin>
            <CharacterOffsetEnd>1051</CharacterOffsetEnd>
            <POS>JJ</POS>
          </token>
          <token id="34">
            <word>broadcaster</word>
            <lemma>broadcaster</lemma>
            <CharacterOffsetBegin>1052</CharacterOffsetBegin>
            <CharacterOffsetEnd>1063</CharacterOffsetEnd>
            <POS>NN</POS>
          </token>
          <token id="35">
            <word>.</word>
            <lemma>.</lemma>
            <CharacterOffsetBegin>1063</CharacterOffsetBegin>
            <CharacterOffsetEnd>1064</CharacterOffsetEnd>
            <POS>.</POS>
          </token>
        </tokens>
      </sentence>
      <sentence id="8">
        <tokens>
          <token id="1">
            <word>Choi</word>
            <lemma>Choi</lemma>
            <CharacterOffsetBegin>1065</CharacterOffsetBegin>
            <CharacterOffsetEnd>1069</CharacterOffsetEnd>
            <POS>NNP</POS>
          </token>
          <token id="2">
            <word>Young-jin</word>
            <lemma>Young-jin</lemma>
            <CharacterOffsetBegin>1070</CharacterOffsetBegin>
            <CharacterOffsetEnd>1079</CharacterOffsetEnd>
            <POS>NNP</POS>
          </token>
          <token id="3">
            <word>,</word>
            <lemma>,</lemma>
            <CharacterOffsetBegin>1079</CharacterOffsetBegin>
            <CharacterOffsetEnd>1080</CharacterOffsetEnd>
            <POS>,</POS>
          </token>
          <token id="4">
            <word>the</word>
            <lemma>the</lemma>
            <CharacterOffsetBegin>1081</CharacterOffsetBegin>
            <CharacterOffsetEnd>1084</CharacterOffsetEnd>
            <POS>DT</POS>
          </token>
          <token id="5">
            <word>top</word>
            <lemma>top</lemma>
            <CharacterOffsetBegin>1085</CharacterOffsetBegin>
            <CharacterOffsetEnd>1088</CharacterOffsetEnd>
            <POS>JJ</POS>
          </token>
          <token id="6">
            <word>United</word>
            <lemma>United</lemma>
            <CharacterOffsetBegin>1089</CharacterOffsetBegin>
            <CharacterOffsetEnd>1095</CharacterOffsetEnd>
            <POS>NNP</POS>
          </token>
          <token id="7">
            <word>Nations</word>
            <lemma>Nations</lemma>
            <CharacterOffsetBegin>1096</CharacterOffsetBegin>
            <CharacterOffsetEnd>1103</CharacterOffsetEnd>
            <POS>NNPS</POS>
          </token>
          <token id="8">
            <word>envoy</word>
            <lemma>envoy</lemma>
            <CharacterOffsetBegin>1104</CharacterOffsetBegin>
            <CharacterOffsetEnd>1109</CharacterOffsetEnd>
            <POS>NN</POS>
          </token>
          <token id="9">
            <word>in</word>
            <lemma>in</lemma>
            <CharacterOffsetBegin>1110</CharacterOffsetBegin>
            <CharacterOffsetEnd>1112</CharacterOffsetEnd>
            <POS>IN</POS>
          </token>
          <token id="10">
            <word>Ivory</word>
            <lemma>Ivory</lemma>
            <CharacterOffsetBegin>1113</CharacterOffsetBegin>
            <CharacterOffsetEnd>1118</CharacterOffsetEnd>
            <POS>NNP</POS>
          </token>
          <token id="11">
            <word>Coast</word>
            <lemma>Coast</lemma>
            <CharacterOffsetBegin>1119</CharacterOffsetBegin>
            <CharacterOffsetEnd>1124</CharacterOffsetEnd>
            <POS>NNP</POS>
          </token>
          <token id="12">
            <word>,</word>
            <lemma>,</lemma>
            <CharacterOffsetBegin>1124</CharacterOffsetBegin>
            <CharacterOffsetEnd>1125</CharacterOffsetEnd>
            <POS>,</POS>
          </token>
          <token id="13">
            <word>told</word>
            <lemma>tell</lemma>
            <CharacterOffsetBegin>1126</CharacterOffsetBegin>
            <CharacterOffsetEnd>1130</CharacterOffsetEnd>
            <POS>VBD</POS>
          </token>
          <token id="14">
            <word>French</word>
            <lemma>french</lemma>
            <CharacterOffsetBegin>1131</CharacterOffsetBegin>
            <CharacterOffsetEnd>1137</CharacterOffsetEnd>
            <POS>JJ</POS>
          </token>
          <token id="15">
            <word>radio</word>
            <lemma>radio</lemma>
            <CharacterOffsetBegin>1138</CharacterOffsetBegin>
            <CharacterOffsetEnd>1143</CharacterOffsetEnd>
            <POS>NN</POS>
          </token>
          <token id="16">
            <word>on</word>
            <lemma>on</lemma>
            <CharacterOffsetBegin>1144</CharacterOffsetBegin>
            <CharacterOffsetEnd>1146</CharacterOffsetEnd>
            <POS>IN</POS>
          </token>
          <token id="17">
            <word>Thursday</word>
            <lemma>Thursday</lemma>
            <CharacterOffsetBegin>1147</CharacterOffsetBegin>
            <CharacterOffsetEnd>1155</CharacterOffsetEnd>
            <POS>NNP</POS>
          </token>
          <token id="18">
            <word>that</word>
            <lemma>that</lemma>
            <CharacterOffsetBegin>1156</CharacterOffsetBegin>
            <CharacterOffsetEnd>1160</CharacterOffsetEnd>
            <POS>IN</POS>
          </token>
          <token id="19">
            <word>as</word>
            <lemma>as</lemma>
            <CharacterOffsetBegin>1161</CharacterOffsetBegin>
            <CharacterOffsetEnd>1163</CharacterOffsetEnd>
            <POS>RB</POS>
          </token>
          <token id="20">
            <word>many</word>
            <lemma>many</lemma>
            <CharacterOffsetBegin>1164</CharacterOffsetBegin>
            <CharacterOffsetEnd>1168</CharacterOffsetEnd>
            <POS>JJ</POS>
          </token>
          <token id="21">
            <word>as</word>
            <lemma>as</lemma>
            <CharacterOffsetBegin>1169</CharacterOffsetBegin>
            <CharacterOffsetEnd>1171</CharacterOffsetEnd>
            <POS>IN</POS>
          </token>
          <token id="22">
            <word>50,000</word>
            <lemma>50,000</lemma>
            <CharacterOffsetBegin>1172</CharacterOffsetBegin>
            <CharacterOffsetEnd>1178</CharacterOffsetEnd>
            <POS>CD</POS>
          </token>
          <token id="23">
            <word>soldiers</word>
            <lemma>soldier</lemma>
            <CharacterOffsetBegin>1179</CharacterOffsetBegin>
            <CharacterOffsetEnd>1187</CharacterOffsetEnd>
            <POS>NNS</POS>
          </token>
          <token id="24">
            <word>,</word>
            <lemma>,</lemma>
            <CharacterOffsetBegin>1187</CharacterOffsetBegin>
            <CharacterOffsetEnd>1188</CharacterOffsetEnd>
            <POS>,</POS>
          </token>
          <token id="25">
            <word>police</word>
            <lemma>police</lemma>
            <CharacterOffsetBegin>1189</CharacterOffsetBegin>
            <CharacterOffsetEnd>1195</CharacterOffsetEnd>
            <POS>NNS</POS>
          </token>
          <token id="26">
            <word>and</word>
            <lemma>and</lemma>
            <CharacterOffsetBegin>1196</CharacterOffsetBegin>
            <CharacterOffsetEnd>1199</CharacterOffsetEnd>
            <POS>CC</POS>
          </token>
          <token id="27">
            <word>members</word>
            <lemma>member</lemma>
            <CharacterOffsetBegin>1200</CharacterOffsetBegin>
            <CharacterOffsetEnd>1207</CharacterOffsetEnd>
            <POS>NNS</POS>
          </token>
          <token id="28">
            <word>of</word>
            <lemma>of</lemma>
            <CharacterOffsetBegin>1208</CharacterOffsetBegin>
            <CharacterOffsetEnd>1210</CharacterOffsetEnd>
            <POS>IN</POS>
          </token>
          <token id="29">
            <word>the</word>
            <lemma>the</lemma>
            <CharacterOffsetBegin>1211</CharacterOffsetBegin>
            <CharacterOffsetEnd>1214</CharacterOffsetEnd>
            <POS>DT</POS>
          </token>
          <token id="30">
            <word>security</word>
            <lemma>security</lemma>
            <CharacterOffsetBegin>1215</CharacterOffsetBegin>
            <CharacterOffsetEnd>1223</CharacterOffsetEnd>
            <POS>NN</POS>
          </token>
          <token id="31">
            <word>force</word>
            <lemma>force</lemma>
            <CharacterOffsetBegin>1224</CharacterOffsetBegin>
            <CharacterOffsetEnd>1229</CharacterOffsetEnd>
            <POS>NN</POS>
          </token>
          <token id="32">
            <word>have</word>
            <lemma>have</lemma>
            <CharacterOffsetBegin>1230</CharacterOffsetBegin>
            <CharacterOffsetEnd>1234</CharacterOffsetEnd>
            <POS>VBP</POS>
          </token>
          <token id="33">
            <word>abandoned</word>
            <lemma>abandon</lemma>
            <CharacterOffsetBegin>1235</CharacterOffsetBegin>
            <CharacterOffsetEnd>1244</CharacterOffsetEnd>
            <POS>VBN</POS>
          </token>
          <token id="34">
            <word>Mr</word>
            <lemma>Mr</lemma>
            <CharacterOffsetBegin>1245</CharacterOffsetBegin>
            <CharacterOffsetEnd>1247</CharacterOffsetEnd>
            <POS>NNP</POS>
          </token>
          <token id="35">
            <word>Gbagbo</word>
            <lemma>Gbagbo</lemma>
            <CharacterOffsetBegin>1248</CharacterOffsetBegin>
            <CharacterOffsetEnd>1254</CharacterOffsetEnd>
            <POS>NNP</POS>
          </token>
          <token id="36">
            <word>in</word>
            <lemma>in</lemma>
            <CharacterOffsetBegin>1255</CharacterOffsetBegin>
            <CharacterOffsetEnd>1257</CharacterOffsetEnd>
            <POS>IN</POS>
          </token>
          <token id="37">
            <word>recent</word>
            <lemma>recent</lemma>
            <CharacterOffsetBegin>1258</CharacterOffsetBegin>
            <CharacterOffsetEnd>1264</CharacterOffsetEnd>
            <POS>JJ</POS>
          </token>
          <token id="38">
            <word>days</word>
            <lemma>day</lemma>
            <CharacterOffsetBegin>1265</CharacterOffsetBegin>
            <CharacterOffsetEnd>1269</CharacterOffsetEnd>
            <POS>NNS</POS>
          </token>
          <token id="39">
            <word>.</word>
            <lemma>.</lemma>
            <CharacterOffsetBegin>1269</CharacterOffsetBegin>
            <CharacterOffsetEnd>1270</CharacterOffsetEnd>
            <POS>.</POS>
          </token>
        </tokens>
      </sentence>
      <sentence id="9">
        <tokens>
          <token id="1">
            <word>Sanctions</word>
            <lemma>sanction</lemma>
            <CharacterOffsetBegin>1271</CharacterOffsetBegin>
            <CharacterOffsetEnd>1280</CharacterOffsetEnd>
            <POS>NNS</POS>
          </token>
          <token id="2">
            <word>imposed</word>
            <lemma>impose</lemma>
            <CharacterOffsetBegin>1281</CharacterOffsetBegin>
            <CharacterOffsetEnd>1288</CharacterOffsetEnd>
            <POS>VBN</POS>
          </token>
          <token id="3">
            <word>on</word>
            <lemma>on</lemma>
            <CharacterOffsetBegin>1289</CharacterOffsetBegin>
            <CharacterOffsetEnd>1291</CharacterOffsetEnd>
            <POS>IN</POS>
          </token>
          <token id="4">
            <word>Mr</word>
            <lemma>Mr</lemma>
            <CharacterOffsetBegin>1292</CharacterOffsetBegin>
            <CharacterOffsetEnd>1294</CharacterOffsetEnd>
            <POS>NNP</POS>
          </token>
          <token id="5">
            <word>Gabagbo</word>
            <lemma>Gabagbo</lemma>
            <CharacterOffsetBegin>1295</CharacterOffsetBegin>
            <CharacterOffsetEnd>1302</CharacterOffsetEnd>
            <POS>NNP</POS>
          </token>
          <token id="6">
            <word>and</word>
            <lemma>and</lemma>
            <CharacterOffsetBegin>1303</CharacterOffsetBegin>
            <CharacterOffsetEnd>1306</CharacterOffsetEnd>
            <POS>CC</POS>
          </token>
          <token id="7">
            <word>his</word>
            <lemma>he</lemma>
            <CharacterOffsetBegin>1307</CharacterOffsetBegin>
            <CharacterOffsetEnd>1310</CharacterOffsetEnd>
            <POS>PRP$</POS>
          </token>
          <token id="8">
            <word>inner</word>
            <lemma>inner</lemma>
            <CharacterOffsetBegin>1311</CharacterOffsetBegin>
            <CharacterOffsetEnd>1316</CharacterOffsetEnd>
            <POS>JJ</POS>
          </token>
          <token id="9">
            <word>circle</word>
            <lemma>circle</lemma>
            <CharacterOffsetBegin>1317</CharacterOffsetBegin>
            <CharacterOffsetEnd>1323</CharacterOffsetEnd>
            <POS>NN</POS>
          </token>
          <token id="10">
            <word>failed</word>
            <lemma>fail</lemma>
            <CharacterOffsetBegin>1324</CharacterOffsetBegin>
            <CharacterOffsetEnd>1330</CharacterOffsetEnd>
            <POS>VBD</POS>
          </token>
          <token id="11">
            <word>to</word>
            <lemma>to</lemma>
            <CharacterOffsetBegin>1331</CharacterOffsetBegin>
            <CharacterOffsetEnd>1333</CharacterOffsetEnd>
            <POS>TO</POS>
          </token>
          <token id="12">
            <word>dislodge</word>
            <lemma>dislodge</lemma>
            <CharacterOffsetBegin>1334</CharacterOffsetBegin>
            <CharacterOffsetEnd>1342</CharacterOffsetEnd>
            <POS>VB</POS>
          </token>
          <token id="13">
            <word>the</word>
            <lemma>the</lemma>
            <CharacterOffsetBegin>1343</CharacterOffsetBegin>
            <CharacterOffsetEnd>1346</CharacterOffsetEnd>
            <POS>DT</POS>
          </token>
          <token id="14">
            <word>strongman</word>
            <lemma>strongman</lemma>
            <CharacterOffsetBegin>1347</CharacterOffsetBegin>
            <CharacterOffsetEnd>1356</CharacterOffsetEnd>
            <POS>NN</POS>
          </token>
          <token id="15">
            <word>,</word>
            <lemma>,</lemma>
            <CharacterOffsetBegin>1356</CharacterOffsetBegin>
            <CharacterOffsetEnd>1357</CharacterOffsetEnd>
            <POS>,</POS>
          </token>
          <token id="16">
            <word>but</word>
            <lemma>but</lemma>
            <CharacterOffsetBegin>1358</CharacterOffsetBegin>
            <CharacterOffsetEnd>1361</CharacterOffsetEnd>
            <POS>CC</POS>
          </token>
          <token id="17">
            <word>analysts</word>
            <lemma>analyst</lemma>
            <CharacterOffsetBegin>1362</CharacterOffsetBegin>
            <CharacterOffsetEnd>1370</CharacterOffsetEnd>
            <POS>NNS</POS>
          </token>
          <token id="18">
            <word>say</word>
            <lemma>say</lemma>
            <CharacterOffsetBegin>1371</CharacterOffsetBegin>
            <CharacterOffsetEnd>1374</CharacterOffsetEnd>
            <POS>VBP</POS>
          </token>
          <token id="19">
            <word>the</word>
            <lemma>the</lemma>
            <CharacterOffsetBegin>1375</CharacterOffsetBegin>
            <CharacterOffsetEnd>1378</CharacterOffsetEnd>
            <POS>DT</POS>
          </token>
          <token id="20">
            <word>armed</word>
            <lemma>armed</lemma>
            <CharacterOffsetBegin>1379</CharacterOffsetBegin>
            <CharacterOffsetEnd>1384</CharacterOffsetEnd>
            <POS>JJ</POS>
          </token>
          <token id="21">
            <word>offensive</word>
            <lemma>offensive</lemma>
            <CharacterOffsetBegin>1385</CharacterOffsetBegin>
            <CharacterOffsetEnd>1394</CharacterOffsetEnd>
            <POS>NN</POS>
          </token>
          <token id="22">
            <word>will</word>
            <lemma>will</lemma>
            <CharacterOffsetBegin>1395</CharacterOffsetBegin>
            <CharacterOffsetEnd>1399</CharacterOffsetEnd>
            <POS>MD</POS>
          </token>
          <token id="23">
            <word>force</word>
            <lemma>force</lemma>
            <CharacterOffsetBegin>1400</CharacterOffsetBegin>
            <CharacterOffsetEnd>1405</CharacterOffsetEnd>
            <POS>VB</POS>
          </token>
          <token id="24">
            <word>the</word>
            <lemma>the</lemma>
            <CharacterOffsetBegin>1406</CharacterOffsetBegin>
            <CharacterOffsetEnd>1409</CharacterOffsetEnd>
            <POS>DT</POS>
          </token>
          <token id="25">
            <word>regime</word>
            <lemma>regime</lemma>
            <CharacterOffsetBegin>1410</CharacterOffsetBegin>
            <CharacterOffsetEnd>1416</CharacterOffsetEnd>
            <POS>NN</POS>
          </token>
          <token id="26">
            <word>out</word>
            <lemma>out</lemma>
            <CharacterOffsetBegin>1417</CharacterOffsetBegin>
            <CharacterOffsetEnd>1420</CharacterOffsetEnd>
            <POS>IN</POS>
          </token>
          <token id="27">
            <word>within</word>
            <lemma>within</lemma>
            <CharacterOffsetBegin>1421</CharacterOffsetBegin>
            <CharacterOffsetEnd>1427</CharacterOffsetEnd>
            <POS>IN</POS>
          </token>
          <token id="28">
            <word>days</word>
            <lemma>day</lemma>
            <CharacterOffsetBegin>1428</CharacterOffsetBegin>
            <CharacterOffsetEnd>1432</CharacterOffsetEnd>
            <POS>NNS</POS>
          </token>
          <token id="29">
            <word>.</word>
            <lemma>.</lemma>
            <CharacterOffsetBegin>1432</CharacterOffsetBegin>
            <CharacterOffsetEnd>1433</CharacterOffsetEnd>
            <POS>.</POS>
          </token>
          <token id="30">
            <word>''</word>
            <lemma>''</lemma>
            <CharacterOffsetBegin>1434</CharacterOffsetBegin>
            <CharacterOffsetEnd>1435</CharacterOffsetEnd>
            <POS>''</POS>
          </token>
        </tokens>
      </sentence>
      <sentence id="10">
        <tokens>
          <token id="1">
            <word>``</word>
            <lemma>``</lemma>
            <CharacterOffsetBegin>1435</CharacterOffsetBegin>
            <CharacterOffsetEnd>1436</CharacterOffsetEnd>
            <POS>``</POS>
          </token>
          <token id="2">
            <word>It</word>
            <lemma>it</lemma>
            <CharacterOffsetBegin>1436</CharacterOffsetBegin>
            <CharacterOffsetEnd>1438</CharacterOffsetEnd>
            <POS>PRP</POS>
          </token>
          <token id="3">
            <word>'s</word>
            <lemma>be</lemma>
            <CharacterOffsetBegin>1438</CharacterOffsetBegin>
            <CharacterOffsetEnd>1440</CharacterOffsetEnd>
            <POS>VBZ</POS>
          </token>
          <token id="4">
            <word>over</word>
            <lemma>over</lemma>
            <CharacterOffsetBegin>1441</CharacterOffsetBegin>
            <CharacterOffsetEnd>1445</CharacterOffsetEnd>
            <POS>RB</POS>
          </token>
          <token id="5">
            <word>--</word>
            <lemma>--</lemma>
            <CharacterOffsetBegin>1446</CharacterOffsetBegin>
            <CharacterOffsetEnd>1447</CharacterOffsetEnd>
            <POS>:</POS>
          </token>
          <token id="6">
            <word>except</word>
            <lemma>except</lemma>
            <CharacterOffsetBegin>1448</CharacterOffsetBegin>
            <CharacterOffsetEnd>1454</CharacterOffsetEnd>
            <POS>IN</POS>
          </token>
          <token id="7">
            <word>for</word>
            <lemma>for</lemma>
            <CharacterOffsetBegin>1455</CharacterOffsetBegin>
            <CharacterOffsetEnd>1458</CharacterOffsetEnd>
            <POS>IN</POS>
          </token>
          <token id="8">
            <word>the</word>
            <lemma>the</lemma>
            <CharacterOffsetBegin>1459</CharacterOffsetBegin>
            <CharacterOffsetEnd>1462</CharacterOffsetEnd>
            <POS>DT</POS>
          </token>
          <token id="9">
            <word>shooting</word>
            <lemma>shooting</lemma>
            <CharacterOffsetBegin>1463</CharacterOffsetBegin>
            <CharacterOffsetEnd>1471</CharacterOffsetEnd>
            <POS>NN</POS>
          </token>
          <token id="10">
            <word>,</word>
            <lemma>,</lemma>
            <CharacterOffsetBegin>1471</CharacterOffsetBegin>
            <CharacterOffsetEnd>1472</CharacterOffsetEnd>
            <POS>,</POS>
          </token>
          <token id="11">
            <word>''</word>
            <lemma>''</lemma>
            <CharacterOffsetBegin>1472</CharacterOffsetBegin>
            <CharacterOffsetEnd>1473</CharacterOffsetEnd>
            <POS>''</POS>
          </token>
          <token id="12">
            <word>''</word>
            <lemma>''</lemma>
            <CharacterOffsetBegin>1473</CharacterOffsetBegin>
            <CharacterOffsetEnd>1474</CharacterOffsetEnd>
            <POS>''</POS>
          </token>
          <token id="13">
            <word>said</word>
            <lemma>say</lemma>
            <CharacterOffsetBegin>1475</CharacterOffsetBegin>
            <CharacterOffsetEnd>1479</CharacterOffsetEnd>
            <POS>VBD</POS>
          </token>
          <token id="14">
            <word>a</word>
            <lemma>a</lemma>
            <CharacterOffsetBegin>1480</CharacterOffsetBegin>
            <CharacterOffsetEnd>1481</CharacterOffsetEnd>
            <POS>DT</POS>
          </token>
          <token id="15">
            <word>diplomat</word>
            <lemma>diplomat</lemma>
            <CharacterOffsetBegin>1482</CharacterOffsetBegin>
            <CharacterOffsetEnd>1490</CharacterOffsetEnd>
            <POS>NN</POS>
          </token>
          <token id="16">
            <word>stationed</word>
            <lemma>station</lemma>
            <CharacterOffsetBegin>1491</CharacterOffsetBegin>
            <CharacterOffsetEnd>1500</CharacterOffsetEnd>
            <POS>VBN</POS>
          </token>
          <token id="17">
            <word>in</word>
            <lemma>in</lemma>
            <CharacterOffsetBegin>1501</CharacterOffsetBegin>
            <CharacterOffsetEnd>1503</CharacterOffsetEnd>
            <POS>IN</POS>
          </token>
          <token id="18">
            <word>the</word>
            <lemma>the</lemma>
            <CharacterOffsetBegin>1504</CharacterOffsetBegin>
            <CharacterOffsetEnd>1507</CharacterOffsetEnd>
            <POS>DT</POS>
          </token>
          <token id="19">
            <word>city</word>
            <lemma>city</lemma>
            <CharacterOffsetBegin>1508</CharacterOffsetBegin>
            <CharacterOffsetEnd>1512</CharacterOffsetEnd>
            <POS>NN</POS>
          </token>
          <token id="20">
            <word>.</word>
            <lemma>.</lemma>
            <CharacterOffsetBegin>1512</CharacterOffsetBegin>
            <CharacterOffsetEnd>1513</CharacterOffsetEnd>
            <POS>.</POS>
          </token>
        </tokens>
      </sentence>
      <sentence id="11">
        <tokens>
          <token id="1">
            <word>A</word>
            <lemma>a</lemma>
            <CharacterOffsetBegin>1514</CharacterOffsetBegin>
            <CharacterOffsetEnd>1515</CharacterOffsetEnd>
            <POS>DT</POS>
          </token>
          <token id="2">
            <word>Swedish</word>
            <lemma>swedish</lemma>
            <CharacterOffsetBegin>1516</CharacterOffsetBegin>
            <CharacterOffsetEnd>1523</CharacterOffsetEnd>
            <POS>JJ</POS>
          </token>
          <token id="3">
            <word>woman</word>
            <lemma>woman</lemma>
            <CharacterOffsetBegin>1524</CharacterOffsetBegin>
            <CharacterOffsetEnd>1529</CharacterOffsetEnd>
            <POS>NN</POS>
          </token>
          <token id="4">
            <word>working</word>
            <lemma>work</lemma>
            <CharacterOffsetBegin>1530</CharacterOffsetBegin>
            <CharacterOffsetEnd>1537</CharacterOffsetEnd>
            <POS>VBG</POS>
          </token>
          <token id="5">
            <word>for</word>
            <lemma>for</lemma>
            <CharacterOffsetBegin>1538</CharacterOffsetBegin>
            <CharacterOffsetEnd>1541</CharacterOffsetEnd>
            <POS>IN</POS>
          </token>
          <token id="6">
            <word>the</word>
            <lemma>the</lemma>
            <CharacterOffsetBegin>1542</CharacterOffsetBegin>
            <CharacterOffsetEnd>1545</CharacterOffsetEnd>
            <POS>DT</POS>
          </token>
          <token id="7">
            <word>United</word>
            <lemma>United</lemma>
            <CharacterOffsetBegin>1546</CharacterOffsetBegin>
            <CharacterOffsetEnd>1552</CharacterOffsetEnd>
            <POS>NNP</POS>
          </token>
          <token id="8">
            <word>Nations</word>
            <lemma>Nations</lemma>
            <CharacterOffsetBegin>1553</CharacterOffsetBegin>
            <CharacterOffsetEnd>1560</CharacterOffsetEnd>
            <POS>NNP</POS>
          </token>
          <token id="9">
            <word>was</word>
            <lemma>be</lemma>
            <CharacterOffsetBegin>1561</CharacterOffsetBegin>
            <CharacterOffsetEnd>1564</CharacterOffsetEnd>
            <POS>VBD</POS>
          </token>
          <token id="10">
            <word>killed</word>
            <lemma>kill</lemma>
            <CharacterOffsetBegin>1565</CharacterOffsetBegin>
            <CharacterOffsetEnd>1571</CharacterOffsetEnd>
            <POS>VBN</POS>
          </token>
          <token id="11">
            <word>by</word>
            <lemma>by</lemma>
            <CharacterOffsetBegin>1572</CharacterOffsetBegin>
            <CharacterOffsetEnd>1574</CharacterOffsetEnd>
            <POS>IN</POS>
          </token>
          <token id="12">
            <word>a</word>
            <lemma>a</lemma>
            <CharacterOffsetBegin>1575</CharacterOffsetBegin>
            <CharacterOffsetEnd>1576</CharacterOffsetEnd>
            <POS>DT</POS>
          </token>
          <token id="13">
            <word>stray</word>
            <lemma>stray</lemma>
            <CharacterOffsetBegin>1577</CharacterOffsetBegin>
            <CharacterOffsetEnd>1582</CharacterOffsetEnd>
            <POS>JJ</POS>
          </token>
          <token id="14">
            <word>bullet</word>
            <lemma>bullet</lemma>
            <CharacterOffsetBegin>1583</CharacterOffsetBegin>
            <CharacterOffsetEnd>1589</CharacterOffsetEnd>
            <POS>NN</POS>
          </token>
          <token id="15">
            <word>during</word>
            <lemma>during</lemma>
            <CharacterOffsetBegin>1590</CharacterOffsetBegin>
            <CharacterOffsetEnd>1596</CharacterOffsetEnd>
            <POS>IN</POS>
          </token>
          <token id="16">
            <word>the</word>
            <lemma>the</lemma>
            <CharacterOffsetBegin>1597</CharacterOffsetBegin>
            <CharacterOffsetEnd>1600</CharacterOffsetEnd>
            <POS>DT</POS>
          </token>
          <token id="17">
            <word>fighting</word>
            <lemma>fighting</lemma>
            <CharacterOffsetBegin>1601</CharacterOffsetBegin>
            <CharacterOffsetEnd>1609</CharacterOffsetEnd>
            <POS>NN</POS>
          </token>
          <token id="18">
            <word>in</word>
            <lemma>in</lemma>
            <CharacterOffsetBegin>1610</CharacterOffsetBegin>
            <CharacterOffsetEnd>1612</CharacterOffsetEnd>
            <POS>IN</POS>
          </token>
          <token id="19">
            <word>Abidjan</word>
            <lemma>Abidjan</lemma>
            <CharacterOffsetBegin>1613</CharacterOffsetBegin>
            <CharacterOffsetEnd>1620</CharacterOffsetEnd>
            <POS>NNP</POS>
          </token>
          <token id="20">
            <word>on</word>
            <lemma>on</lemma>
            <CharacterOffsetBegin>1621</CharacterOffsetBegin>
            <CharacterOffsetEnd>1623</CharacterOffsetEnd>
            <POS>IN</POS>
          </token>
          <token id="21">
            <word>Thursday</word>
            <lemma>Thursday</lemma>
            <CharacterOffsetBegin>1624</CharacterOffsetBegin>
            <CharacterOffsetEnd>1632</CharacterOffsetEnd>
            <POS>NNP</POS>
          </token>
          <token id="22">
            <word>night</word>
            <lemma>night</lemma>
            <CharacterOffsetBegin>1633</CharacterOffsetBegin>
            <CharacterOffsetEnd>1638</CharacterOffsetEnd>
            <POS>NN</POS>
          </token>
          <token id="23">
            <word>,</word>
            <lemma>,</lemma>
            <CharacterOffsetBegin>1638</CharacterOffsetBegin>
            <CharacterOffsetEnd>1639</CharacterOffsetEnd>
            <POS>,</POS>
          </token>
          <token id="24">
            <word>the</word>
            <lemma>the</lemma>
            <CharacterOffsetBegin>1640</CharacterOffsetBegin>
            <CharacterOffsetEnd>1643</CharacterOffsetEnd>
            <POS>DT</POS>
          </token>
          <token id="25">
            <word>Foreign</word>
            <lemma>Foreign</lemma>
            <CharacterOffsetBegin>1644</CharacterOffsetBegin>
            <CharacterOffsetEnd>1651</CharacterOffsetEnd>
            <POS>NNP</POS>
          </token>
          <token id="26">
            <word>Ministry</word>
            <lemma>Ministry</lemma>
            <CharacterOffsetBegin>1652</CharacterOffsetBegin>
            <CharacterOffsetEnd>1660</CharacterOffsetEnd>
            <POS>NNP</POS>
          </token>
          <token id="27">
            <word>in</word>
            <lemma>in</lemma>
            <CharacterOffsetBegin>1661</CharacterOffsetBegin>
            <CharacterOffsetEnd>1663</CharacterOffsetEnd>
            <POS>IN</POS>
          </token>
          <token id="28">
            <word>Stockholm</word>
            <lemma>Stockholm</lemma>
            <CharacterOffsetBegin>1664</CharacterOffsetBegin>
            <CharacterOffsetEnd>1673</CharacterOffsetEnd>
            <POS>NNP</POS>
          </token>
          <token id="29">
            <word>confirmed</word>
            <lemma>confirm</lemma>
            <CharacterOffsetBegin>1674</CharacterOffsetBegin>
            <CharacterOffsetEnd>1683</CharacterOffsetEnd>
            <POS>VBD</POS>
          </token>
          <token id="30">
            <word>.</word>
            <lemma>.</lemma>
            <CharacterOffsetBegin>1683</CharacterOffsetBegin>
            <CharacterOffsetEnd>1684</CharacterOffsetEnd>
            <POS>.</POS>
          </token>
        </tokens>
      </sentence>
      <sentence id="12">
        <tokens>
          <token id="1">
            <word>Some</word>
            <lemma>some</lemma>
            <CharacterOffsetBegin>1685</CharacterOffsetBegin>
            <CharacterOffsetEnd>1689</CharacterOffsetEnd>
            <POS>DT</POS>
          </token>
          <token id="2">
            <word>500</word>
            <lemma>500</lemma>
            <CharacterOffsetBegin>1690</CharacterOffsetBegin>
            <CharacterOffsetEnd>1693</CharacterOffsetEnd>
            <POS>CD</POS>
          </token>
          <token id="3">
            <word>foreigners</word>
            <lemma>foreigner</lemma>
            <CharacterOffsetBegin>1694</CharacterOffsetBegin>
            <CharacterOffsetEnd>1704</CharacterOffsetEnd>
            <POS>NNS</POS>
          </token>
          <token id="4">
            <word>have</word>
            <lemma>have</lemma>
            <CharacterOffsetBegin>1705</CharacterOffsetBegin>
            <CharacterOffsetEnd>1709</CharacterOffsetEnd>
            <POS>VBP</POS>
          </token>
          <token id="5">
            <word>sought</word>
            <lemma>seek</lemma>
            <CharacterOffsetBegin>1710</CharacterOffsetBegin>
            <CharacterOffsetEnd>1716</CharacterOffsetEnd>
            <POS>VBN</POS>
          </token>
          <token id="6">
            <word>refuge</word>
            <lemma>refuge</lemma>
            <CharacterOffsetBegin>1717</CharacterOffsetBegin>
            <CharacterOffsetEnd>1723</CharacterOffsetEnd>
            <POS>NN</POS>
          </token>
          <token id="7">
            <word>at</word>
            <lemma>at</lemma>
            <CharacterOffsetBegin>1724</CharacterOffsetBegin>
            <CharacterOffsetEnd>1726</CharacterOffsetEnd>
            <POS>IN</POS>
          </token>
          <token id="8">
            <word>a</word>
            <lemma>a</lemma>
            <CharacterOffsetBegin>1727</CharacterOffsetBegin>
            <CharacterOffsetEnd>1728</CharacterOffsetEnd>
            <POS>DT</POS>
          </token>
          <token id="9">
            <word>French</word>
            <lemma>french</lemma>
            <CharacterOffsetBegin>1729</CharacterOffsetBegin>
            <CharacterOffsetEnd>1735</CharacterOffsetEnd>
            <POS>JJ</POS>
          </token>
          <token id="10">
            <word>military</word>
            <lemma>military</lemma>
            <CharacterOffsetBegin>1736</CharacterOffsetBegin>
            <CharacterOffsetEnd>1744</CharacterOffsetEnd>
            <POS>JJ</POS>
          </token>
          <token id="11">
            <word>base</word>
            <lemma>base</lemma>
            <CharacterOffsetBegin>1745</CharacterOffsetBegin>
            <CharacterOffsetEnd>1749</CharacterOffsetEnd>
            <POS>NN</POS>
          </token>
          <token id="12">
            <word>.</word>
            <lemma>.</lemma>
            <CharacterOffsetBegin>1749</CharacterOffsetBegin>
            <CharacterOffsetEnd>1750</CharacterOffsetEnd>
            <POS>.</POS>
          </token>
        </tokens>
      </sentence>
      <sentence id="13">
        <tokens>
          <token id="1">
            <word>Since</word>
            <lemma>since</lemma>
            <CharacterOffsetBegin>1751</CharacterOffsetBegin>
            <CharacterOffsetEnd>1756</CharacterOffsetEnd>
            <POS>IN</POS>
          </token>
          <token id="2">
            <word>the</word>
            <lemma>the</lemma>
            <CharacterOffsetBegin>1757</CharacterOffsetBegin>
            <CharacterOffsetEnd>1760</CharacterOffsetEnd>
            <POS>DT</POS>
          </token>
          <token id="3">
            <word>election</word>
            <lemma>election</lemma>
            <CharacterOffsetBegin>1761</CharacterOffsetBegin>
            <CharacterOffsetEnd>1769</CharacterOffsetEnd>
            <POS>NN</POS>
          </token>
          <token id="4">
            <word>,</word>
            <lemma>,</lemma>
            <CharacterOffsetBegin>1769</CharacterOffsetBegin>
            <CharacterOffsetEnd>1770</CharacterOffsetEnd>
            <POS>,</POS>
          </token>
          <token id="5">
            <word>up</word>
            <lemma>up</lemma>
            <CharacterOffsetBegin>1771</CharacterOffsetBegin>
            <CharacterOffsetEnd>1773</CharacterOffsetEnd>
            <POS>RB</POS>
          </token>
          <token id="6">
            <word>to</word>
            <lemma>to</lemma>
            <CharacterOffsetBegin>1774</CharacterOffsetBegin>
            <CharacterOffsetEnd>1776</CharacterOffsetEnd>
            <POS>TO</POS>
          </token>
          <token id="7">
            <word>1</word>
            <lemma>1</lemma>
            <CharacterOffsetBegin>1777</CharacterOffsetBegin>
            <CharacterOffsetEnd>1778</CharacterOffsetEnd>
            <POS>CD</POS>
          </token>
          <token id="8">
            <word>million</word>
            <lemma>million</lemma>
            <CharacterOffsetBegin>1779</CharacterOffsetBegin>
            <CharacterOffsetEnd>1786</CharacterOffsetEnd>
            <POS>CD</POS>
          </token>
          <token id="9">
            <word>people</word>
            <lemma>people</lemma>
            <CharacterOffsetBegin>1787</CharacterOffsetBegin>
            <CharacterOffsetEnd>1793</CharacterOffsetEnd>
            <POS>NNS</POS>
          </token>
          <token id="10">
            <word>have</word>
            <lemma>have</lemma>
            <CharacterOffsetBegin>1794</CharacterOffsetBegin>
            <CharacterOffsetEnd>1798</CharacterOffsetEnd>
            <POS>VBP</POS>
          </token>
          <token id="11">
            <word>fled</word>
            <lemma>flee</lemma>
            <CharacterOffsetBegin>1799</CharacterOffsetBegin>
            <CharacterOffsetEnd>1803</CharacterOffsetEnd>
            <POS>VBN</POS>
          </token>
          <token id="12">
            <word>the</word>
            <lemma>the</lemma>
            <CharacterOffsetBegin>1804</CharacterOffsetBegin>
            <CharacterOffsetEnd>1807</CharacterOffsetEnd>
            <POS>DT</POS>
          </token>
          <token id="13">
            <word>fighting</word>
            <lemma>fighting</lemma>
            <CharacterOffsetBegin>1808</CharacterOffsetBegin>
            <CharacterOffsetEnd>1816</CharacterOffsetEnd>
            <POS>NN</POS>
          </token>
          <token id="14">
            <word>and</word>
            <lemma>and</lemma>
            <CharacterOffsetBegin>1817</CharacterOffsetBegin>
            <CharacterOffsetEnd>1820</CharacterOffsetEnd>
            <POS>CC</POS>
          </token>
          <token id="15">
            <word>at</word>
            <lemma>at</lemma>
            <CharacterOffsetBegin>1821</CharacterOffsetBegin>
            <CharacterOffsetEnd>1823</CharacterOffsetEnd>
            <POS>IN</POS>
          </token>
          <token id="16">
            <word>least</word>
            <lemma>least</lemma>
            <CharacterOffsetBegin>1824</CharacterOffsetBegin>
            <CharacterOffsetEnd>1829</CharacterOffsetEnd>
            <POS>JJS</POS>
          </token>
          <token id="17">
            <word>494</word>
            <lemma>494</lemma>
            <CharacterOffsetBegin>1830</CharacterOffsetBegin>
            <CharacterOffsetEnd>1833</CharacterOffsetEnd>
            <POS>CD</POS>
          </token>
          <token id="18">
            <word>people</word>
            <lemma>people</lemma>
            <CharacterOffsetBegin>1834</CharacterOffsetBegin>
            <CharacterOffsetEnd>1840</CharacterOffsetEnd>
            <POS>NNS</POS>
          </token>
          <token id="19">
            <word>have</word>
            <lemma>have</lemma>
            <CharacterOffsetBegin>1841</CharacterOffsetBegin>
            <CharacterOffsetEnd>1845</CharacterOffsetEnd>
            <POS>VBP</POS>
          </token>
          <token id="20">
            <word>been</word>
            <lemma>be</lemma>
            <CharacterOffsetBegin>1846</CharacterOffsetBegin>
            <CharacterOffsetEnd>1850</CharacterOffsetEnd>
            <POS>VBN</POS>
          </token>
          <token id="21">
            <word>killed</word>
            <lemma>kill</lemma>
            <CharacterOffsetBegin>1851</CharacterOffsetBegin>
            <CharacterOffsetEnd>1857</CharacterOffsetEnd>
            <POS>VBN</POS>
          </token>
          <token id="22">
            <word>,</word>
            <lemma>,</lemma>
            <CharacterOffsetBegin>1857</CharacterOffsetBegin>
            <CharacterOffsetEnd>1858</CharacterOffsetEnd>
            <POS>,</POS>
          </token>
          <token id="23">
            <word>most</word>
            <lemma>most</lemma>
            <CharacterOffsetBegin>1859</CharacterOffsetBegin>
            <CharacterOffsetEnd>1863</CharacterOffsetEnd>
            <POS>JJS</POS>
          </token>
          <token id="24">
            <word>of</word>
            <lemma>of</lemma>
            <CharacterOffsetBegin>1864</CharacterOffsetBegin>
            <CharacterOffsetEnd>1866</CharacterOffsetEnd>
            <POS>IN</POS>
          </token>
          <token id="25">
            <word>them</word>
            <lemma>they</lemma>
            <CharacterOffsetBegin>1867</CharacterOffsetBegin>
            <CharacterOffsetEnd>1871</CharacterOffsetEnd>
            <POS>PRP</POS>
          </token>
          <token id="26">
            <word>Ouattara</word>
            <lemma>Ouattara</lemma>
            <CharacterOffsetBegin>1872</CharacterOffsetBegin>
            <CharacterOffsetEnd>1880</CharacterOffsetEnd>
            <POS>NNP</POS>
          </token>
          <token id="27">
            <word>supporters</word>
            <lemma>supporter</lemma>
            <CharacterOffsetBegin>1881</CharacterOffsetBegin>
            <CharacterOffsetEnd>1891</CharacterOffsetEnd>
            <POS>NNS</POS>
          </token>
          <token id="28">
            <word>.</word>
            <lemma>.</lemma>
            <CharacterOffsetBegin>1891</CharacterOffsetBegin>
            <CharacterOffsetEnd>1892</CharacterOffsetEnd>
            <POS>.</POS>
          </token>
        </tokens>
      </sentence>
    </sentences>
  </document>
</root>
