<?xml version="1.0" encoding="UTF-8"?>
<?xml-stylesheet href="CoreNLP-to-HTML.xsl" type="text/xsl"?>
<root>
  <document>
    <sentences>
      <sentence id="1">
        <tokens>
          <token id="1">
            <word>The</word>
            <lemma>the</lemma>
            <CharacterOffsetBegin>0</CharacterOffsetBegin>
            <CharacterOffsetEnd>3</CharacterOffsetEnd>
            <POS>DT</POS>
          </token>
          <token id="2">
            <word>Obama</word>
            <lemma>Obama</lemma>
            <CharacterOffsetBegin>4</CharacterOffsetBegin>
            <CharacterOffsetEnd>9</CharacterOffsetEnd>
            <POS>NNP</POS>
          </token>
          <token id="3">
            <word>Doctrine</word>
            <lemma>Doctrine</lemma>
            <CharacterOffsetBegin>10</CharacterOffsetBegin>
            <CharacterOffsetEnd>18</CharacterOffsetEnd>
            <POS>NNP</POS>
          </token>
          <token id="4">
            <word>v</word>
            <lemma>v</lemma>
            <CharacterOffsetBegin>19</CharacterOffsetBegin>
            <CharacterOffsetEnd>20</CharacterOffsetEnd>
            <POS>LS</POS>
          </token>
          <token id="5">
            <word>.</word>
            <lemma>.</lemma>
            <CharacterOffsetBegin>20</CharacterOffsetBegin>
            <CharacterOffsetEnd>21</CharacterOffsetEnd>
            <POS>.</POS>
          </token>
        </tokens>
      </sentence>
      <sentence id="2">
        <tokens>
          <token id="1">
            <word>The</word>
            <lemma>the</lemma>
            <CharacterOffsetBegin>22</CharacterOffsetBegin>
            <CharacterOffsetEnd>25</CharacterOffsetEnd>
            <POS>DT</POS>
          </token>
          <token id="2">
            <word>Bush</word>
            <lemma>Bush</lemma>
            <CharacterOffsetBegin>26</CharacterOffsetBegin>
            <CharacterOffsetEnd>30</CharacterOffsetEnd>
            <POS>NNP</POS>
          </token>
          <token id="3">
            <word>Doctrine</word>
            <lemma>Doctrine</lemma>
            <CharacterOffsetBegin>31</CharacterOffsetBegin>
            <CharacterOffsetEnd>39</CharacterOffsetEnd>
            <POS>NNP</POS>
          </token>
        </tokens>
      </sentence>
      <sentence id="3">
        <tokens>
          <token id="1">
            <word>In</word>
            <lemma>in</lemma>
            <CharacterOffsetBegin>41</CharacterOffsetBegin>
            <CharacterOffsetEnd>43</CharacterOffsetEnd>
            <POS>IN</POS>
          </token>
          <token id="2">
            <word>the</word>
            <lemma>the</lemma>
            <CharacterOffsetBegin>44</CharacterOffsetBegin>
            <CharacterOffsetEnd>47</CharacterOffsetEnd>
            <POS>DT</POS>
          </token>
          <token id="3">
            <word>words</word>
            <lemma>word</lemma>
            <CharacterOffsetBegin>48</CharacterOffsetBegin>
            <CharacterOffsetEnd>53</CharacterOffsetEnd>
            <POS>NNS</POS>
          </token>
          <token id="4">
            <word>of</word>
            <lemma>of</lemma>
            <CharacterOffsetBegin>54</CharacterOffsetBegin>
            <CharacterOffsetEnd>56</CharacterOffsetEnd>
            <POS>IN</POS>
          </token>
          <token id="5">
            <word>a</word>
            <lemma>a</lemma>
            <CharacterOffsetBegin>57</CharacterOffsetBegin>
            <CharacterOffsetEnd>58</CharacterOffsetEnd>
            <POS>DT</POS>
          </token>
          <token id="6">
            <word>prominent</word>
            <lemma>prominent</lemma>
            <CharacterOffsetBegin>59</CharacterOffsetBegin>
            <CharacterOffsetEnd>68</CharacterOffsetEnd>
            <POS>JJ</POS>
          </token>
          <token id="7">
            <word>Israeli</word>
            <lemma>Israeli</lemma>
            <CharacterOffsetBegin>69</CharacterOffsetBegin>
            <CharacterOffsetEnd>76</CharacterOffsetEnd>
            <POS>NNP</POS>
          </token>
          <token id="8">
            <word>:</word>
            <lemma>:</lemma>
            <CharacterOffsetBegin>76</CharacterOffsetBegin>
            <CharacterOffsetEnd>77</CharacterOffsetEnd>
            <POS>:</POS>
          </token>
          <token id="9">
            <word>The</word>
            <lemma>the</lemma>
            <CharacterOffsetBegin>78</CharacterOffsetBegin>
            <CharacterOffsetEnd>81</CharacterOffsetEnd>
            <POS>DT</POS>
          </token>
          <token id="10">
            <word>Obama</word>
            <lemma>Obama</lemma>
            <CharacterOffsetBegin>82</CharacterOffsetBegin>
            <CharacterOffsetEnd>87</CharacterOffsetEnd>
            <POS>NNP</POS>
          </token>
          <token id="11">
            <word>Doctrine</word>
            <lemma>Doctrine</lemma>
            <CharacterOffsetBegin>88</CharacterOffsetBegin>
            <CharacterOffsetEnd>96</CharacterOffsetEnd>
            <POS>NNP</POS>
          </token>
          <token id="12">
            <word>:</word>
            <lemma>:</lemma>
            <CharacterOffsetBegin>96</CharacterOffsetBegin>
            <CharacterOffsetEnd>97</CharacterOffsetEnd>
            <POS>:</POS>
          </token>
          <token id="13">
            <word>He</word>
            <lemma>he</lemma>
            <CharacterOffsetBegin>98</CharacterOffsetBegin>
            <CharacterOffsetEnd>100</CharacterOffsetEnd>
            <POS>PRP</POS>
          </token>
          <token id="14">
            <word>only</word>
            <lemma>only</lemma>
            <CharacterOffsetBegin>101</CharacterOffsetBegin>
            <CharacterOffsetEnd>105</CharacterOffsetEnd>
            <POS>RB</POS>
          </token>
          <token id="15">
            <word>goes</word>
            <lemma>go</lemma>
            <CharacterOffsetBegin>106</CharacterOffsetBegin>
            <CharacterOffsetEnd>110</CharacterOffsetEnd>
            <POS>VBZ</POS>
          </token>
          <token id="16">
            <word>if</word>
            <lemma>if</lemma>
            <CharacterOffsetBegin>111</CharacterOffsetBegin>
            <CharacterOffsetEnd>113</CharacterOffsetEnd>
            <POS>IN</POS>
          </token>
          <token id="17">
            <word>the</word>
            <lemma>the</lemma>
            <CharacterOffsetBegin>114</CharacterOffsetBegin>
            <CharacterOffsetEnd>117</CharacterOffsetEnd>
            <POS>DT</POS>
          </token>
          <token id="18">
            <word>entire</word>
            <lemma>entire</lemma>
            <CharacterOffsetBegin>118</CharacterOffsetBegin>
            <CharacterOffsetEnd>124</CharacterOffsetEnd>
            <POS>JJ</POS>
          </token>
          <token id="19">
            <word>world</word>
            <lemma>world</lemma>
            <CharacterOffsetBegin>125</CharacterOffsetBegin>
            <CharacterOffsetEnd>130</CharacterOffsetEnd>
            <POS>NN</POS>
          </token>
          <token id="20">
            <word>,</word>
            <lemma>,</lemma>
            <CharacterOffsetBegin>130</CharacterOffsetBegin>
            <CharacterOffsetEnd>131</CharacterOffsetEnd>
            <POS>,</POS>
          </token>
          <token id="21">
            <word>including</word>
            <lemma>include</lemma>
            <CharacterOffsetBegin>132</CharacterOffsetBegin>
            <CharacterOffsetEnd>141</CharacterOffsetEnd>
            <POS>VBG</POS>
          </token>
          <token id="22">
            <word>the</word>
            <lemma>the</lemma>
            <CharacterOffsetBegin>142</CharacterOffsetBegin>
            <CharacterOffsetEnd>145</CharacterOffsetEnd>
            <POS>DT</POS>
          </token>
          <token id="23">
            <word>Arab</word>
            <lemma>Arab</lemma>
            <CharacterOffsetBegin>146</CharacterOffsetBegin>
            <CharacterOffsetEnd>150</CharacterOffsetEnd>
            <POS>NNP</POS>
          </token>
          <token id="24">
            <word>League</word>
            <lemma>League</lemma>
            <CharacterOffsetBegin>151</CharacterOffsetBegin>
            <CharacterOffsetEnd>157</CharacterOffsetEnd>
            <POS>NNP</POS>
          </token>
          <token id="25">
            <word>,</word>
            <lemma>,</lemma>
            <CharacterOffsetBegin>157</CharacterOffsetBegin>
            <CharacterOffsetEnd>158</CharacterOffsetEnd>
            <POS>,</POS>
          </token>
          <token id="26">
            <word>wants</word>
            <lemma>want</lemma>
            <CharacterOffsetBegin>159</CharacterOffsetBegin>
            <CharacterOffsetEnd>164</CharacterOffsetEnd>
            <POS>VBZ</POS>
          </token>
          <token id="27">
            <word>him</word>
            <lemma>he</lemma>
            <CharacterOffsetBegin>165</CharacterOffsetBegin>
            <CharacterOffsetEnd>168</CharacterOffsetEnd>
            <POS>PRP</POS>
          </token>
          <token id="28">
            <word>to</word>
            <lemma>to</lemma>
            <CharacterOffsetBegin>169</CharacterOffsetBegin>
            <CharacterOffsetEnd>171</CharacterOffsetEnd>
            <POS>TO</POS>
          </token>
          <token id="29">
            <word>go</word>
            <lemma>go</lemma>
            <CharacterOffsetBegin>172</CharacterOffsetBegin>
            <CharacterOffsetEnd>174</CharacterOffsetEnd>
            <POS>VB</POS>
          </token>
          <token id="30">
            <word>.</word>
            <lemma>.</lemma>
            <CharacterOffsetBegin>174</CharacterOffsetBegin>
            <CharacterOffsetEnd>175</CharacterOffsetEnd>
            <POS>.</POS>
          </token>
        </tokens>
      </sentence>
      <sentence id="4">
        <tokens>
          <token id="1">
            <word>The</word>
            <lemma>the</lemma>
            <CharacterOffsetBegin>176</CharacterOffsetBegin>
            <CharacterOffsetEnd>179</CharacterOffsetEnd>
            <POS>DT</POS>
          </token>
          <token id="2">
            <word>Bush</word>
            <lemma>Bush</lemma>
            <CharacterOffsetBegin>180</CharacterOffsetBegin>
            <CharacterOffsetEnd>184</CharacterOffsetEnd>
            <POS>NNP</POS>
          </token>
          <token id="3">
            <word>Doctrine</word>
            <lemma>Doctrine</lemma>
            <CharacterOffsetBegin>185</CharacterOffsetBegin>
            <CharacterOffsetEnd>193</CharacterOffsetEnd>
            <POS>NNP</POS>
          </token>
          <token id="4">
            <word>:</word>
            <lemma>:</lemma>
            <CharacterOffsetBegin>193</CharacterOffsetBegin>
            <CharacterOffsetEnd>194</CharacterOffsetEnd>
            <POS>:</POS>
          </token>
          <token id="5">
            <word>He</word>
            <lemma>he</lemma>
            <CharacterOffsetBegin>195</CharacterOffsetBegin>
            <CharacterOffsetEnd>197</CharacterOffsetEnd>
            <POS>PRP</POS>
          </token>
          <token id="6">
            <word>only</word>
            <lemma>only</lemma>
            <CharacterOffsetBegin>198</CharacterOffsetBegin>
            <CharacterOffsetEnd>202</CharacterOffsetEnd>
            <POS>RB</POS>
          </token>
          <token id="7">
            <word>goes</word>
            <lemma>go</lemma>
            <CharacterOffsetBegin>203</CharacterOffsetBegin>
            <CharacterOffsetEnd>207</CharacterOffsetEnd>
            <POS>VBZ</POS>
          </token>
          <token id="8">
            <word>if</word>
            <lemma>if</lemma>
            <CharacterOffsetBegin>208</CharacterOffsetBegin>
            <CharacterOffsetEnd>210</CharacterOffsetEnd>
            <POS>IN</POS>
          </token>
          <token id="9">
            <word>the</word>
            <lemma>the</lemma>
            <CharacterOffsetBegin>211</CharacterOffsetBegin>
            <CharacterOffsetEnd>214</CharacterOffsetEnd>
            <POS>DT</POS>
          </token>
          <token id="10">
            <word>entire</word>
            <lemma>entire</lemma>
            <CharacterOffsetBegin>215</CharacterOffsetBegin>
            <CharacterOffsetEnd>221</CharacterOffsetEnd>
            <POS>JJ</POS>
          </token>
          <token id="11">
            <word>world</word>
            <lemma>world</lemma>
            <CharacterOffsetBegin>222</CharacterOffsetBegin>
            <CharacterOffsetEnd>227</CharacterOffsetEnd>
            <POS>NN</POS>
          </token>
          <token id="12">
            <word>,</word>
            <lemma>,</lemma>
            <CharacterOffsetBegin>227</CharacterOffsetBegin>
            <CharacterOffsetEnd>228</CharacterOffsetEnd>
            <POS>,</POS>
          </token>
          <token id="13">
            <word>except</word>
            <lemma>except</lemma>
            <CharacterOffsetBegin>229</CharacterOffsetBegin>
            <CharacterOffsetEnd>235</CharacterOffsetEnd>
            <POS>IN</POS>
          </token>
          <token id="14">
            <word>the</word>
            <lemma>the</lemma>
            <CharacterOffsetBegin>236</CharacterOffsetBegin>
            <CharacterOffsetEnd>239</CharacterOffsetEnd>
            <POS>DT</POS>
          </token>
          <token id="15">
            <word>British</word>
            <lemma>british</lemma>
            <CharacterOffsetBegin>240</CharacterOffsetBegin>
            <CharacterOffsetEnd>247</CharacterOffsetEnd>
            <POS>JJ</POS>
          </token>
          <token id="16">
            <word>,</word>
            <lemma>,</lemma>
            <CharacterOffsetBegin>247</CharacterOffsetBegin>
            <CharacterOffsetEnd>248</CharacterOffsetEnd>
            <POS>,</POS>
          </token>
          <token id="17">
            <word>does</word>
            <lemma>do</lemma>
            <CharacterOffsetBegin>249</CharacterOffsetBegin>
            <CharacterOffsetEnd>253</CharacterOffsetEnd>
            <POS>VBZ</POS>
          </token>
          <token id="18">
            <word>n't</word>
            <lemma>not</lemma>
            <CharacterOffsetBegin>253</CharacterOffsetBegin>
            <CharacterOffsetEnd>256</CharacterOffsetEnd>
            <POS>RB</POS>
          </token>
          <token id="19">
            <word>want</word>
            <lemma>want</lemma>
            <CharacterOffsetBegin>257</CharacterOffsetBegin>
            <CharacterOffsetEnd>261</CharacterOffsetEnd>
            <POS>VB</POS>
          </token>
          <token id="20">
            <word>him</word>
            <lemma>he</lemma>
            <CharacterOffsetBegin>262</CharacterOffsetBegin>
            <CharacterOffsetEnd>265</CharacterOffsetEnd>
            <POS>PRP</POS>
          </token>
          <token id="21">
            <word>to</word>
            <lemma>to</lemma>
            <CharacterOffsetBegin>266</CharacterOffsetBegin>
            <CharacterOffsetEnd>268</CharacterOffsetEnd>
            <POS>TO</POS>
          </token>
          <token id="22">
            <word>go</word>
            <lemma>go</lemma>
            <CharacterOffsetBegin>269</CharacterOffsetBegin>
            <CharacterOffsetEnd>271</CharacterOffsetEnd>
            <POS>VB</POS>
          </token>
          <token id="23">
            <word>.</word>
            <lemma>.</lemma>
            <CharacterOffsetBegin>271</CharacterOffsetBegin>
            <CharacterOffsetEnd>272</CharacterOffsetEnd>
            <POS>.</POS>
          </token>
        </tokens>
      </sentence>
    </sentences>
  </document>
</root>
