<?xml version="1.0" encoding="UTF-8"?>
<?xml-stylesheet href="CoreNLP-to-HTML.xsl" type="text/xsl"?>
<root>
  <document>
    <sentences>
      <sentence id="1">
        <tokens>
          <token id="1">
            <word>Correction</word>
            <lemma>correction</lemma>
            <CharacterOffsetBegin>0</CharacterOffsetBegin>
            <CharacterOffsetEnd>10</CharacterOffsetEnd>
            <POS>NN</POS>
          </token>
          <token id="2">
            <word>:</word>
            <lemma>:</lemma>
            <CharacterOffsetBegin>10</CharacterOffsetBegin>
            <CharacterOffsetEnd>11</CharacterOffsetEnd>
            <POS>:</POS>
          </token>
          <token id="3">
            <word>Ohio</word>
            <lemma>Ohio</lemma>
            <CharacterOffsetBegin>12</CharacterOffsetBegin>
            <CharacterOffsetEnd>16</CharacterOffsetEnd>
            <POS>NNP</POS>
          </token>
          <token id="4">
            <word>Union</word>
            <lemma>Union</lemma>
            <CharacterOffsetBegin>17</CharacterOffsetBegin>
            <CharacterOffsetEnd>22</CharacterOffsetEnd>
            <POS>NNP</POS>
          </token>
          <token id="5">
            <word>Fight</word>
            <lemma>fight</lemma>
            <CharacterOffsetBegin>23</CharacterOffsetBegin>
            <CharacterOffsetEnd>28</CharacterOffsetEnd>
            <POS>NN</POS>
          </token>
          <token id="6">
            <word>story</word>
            <lemma>story</lemma>
            <CharacterOffsetBegin>29</CharacterOffsetBegin>
            <CharacterOffsetEnd>34</CharacterOffsetEnd>
            <POS>NN</POS>
          </token>
        </tokens>
      </sentence>
      <sentence id="2">
        <tokens>
          <token id="1">
            <word>CLEVELAND</word>
            <lemma>CLEVELAND</lemma>
            <CharacterOffsetBegin>36</CharacterOffsetBegin>
            <CharacterOffsetEnd>45</CharacterOffsetEnd>
            <POS>NNP</POS>
          </token>
          <token id="2">
            <word>-</word>
            <lemma>-</lemma>
            <CharacterOffsetBegin>46</CharacterOffsetBegin>
            <CharacterOffsetEnd>47</CharacterOffsetEnd>
            <POS>:</POS>
          </token>
          <token id="3">
            <word>In</word>
            <lemma>in</lemma>
            <CharacterOffsetBegin>48</CharacterOffsetBegin>
            <CharacterOffsetEnd>50</CharacterOffsetEnd>
            <POS>IN</POS>
          </token>
          <token id="4">
            <word>some</word>
            <lemma>some</lemma>
            <CharacterOffsetBegin>51</CharacterOffsetBegin>
            <CharacterOffsetEnd>55</CharacterOffsetEnd>
            <POS>DT</POS>
          </token>
          <token id="5">
            <word>versions</word>
            <lemma>version</lemma>
            <CharacterOffsetBegin>56</CharacterOffsetBegin>
            <CharacterOffsetEnd>64</CharacterOffsetEnd>
            <POS>NNS</POS>
          </token>
          <token id="6">
            <word>of</word>
            <lemma>of</lemma>
            <CharacterOffsetBegin>65</CharacterOffsetBegin>
            <CharacterOffsetEnd>67</CharacterOffsetEnd>
            <POS>IN</POS>
          </token>
          <token id="7">
            <word>a</word>
            <lemma>a</lemma>
            <CharacterOffsetBegin>68</CharacterOffsetBegin>
            <CharacterOffsetEnd>69</CharacterOffsetEnd>
            <POS>DT</POS>
          </token>
          <token id="8">
            <word>story</word>
            <lemma>story</lemma>
            <CharacterOffsetBegin>70</CharacterOffsetBegin>
            <CharacterOffsetEnd>75</CharacterOffsetEnd>
            <POS>NN</POS>
          </token>
          <token id="9">
            <word>March</word>
            <lemma>March</lemma>
            <CharacterOffsetBegin>76</CharacterOffsetBegin>
            <CharacterOffsetEnd>81</CharacterOffsetEnd>
            <POS>NNP</POS>
          </token>
          <token id="10">
            <word>31</word>
            <lemma>31</lemma>
            <CharacterOffsetBegin>82</CharacterOffsetBegin>
            <CharacterOffsetEnd>84</CharacterOffsetEnd>
            <POS>CD</POS>
          </token>
          <token id="11">
            <word>about</word>
            <lemma>about</lemma>
            <CharacterOffsetBegin>85</CharacterOffsetBegin>
            <CharacterOffsetEnd>90</CharacterOffsetEnd>
            <POS>IN</POS>
          </token>
          <token id="12">
            <word>Ohio</word>
            <lemma>Ohio</lemma>
            <CharacterOffsetBegin>91</CharacterOffsetBegin>
            <CharacterOffsetEnd>95</CharacterOffsetEnd>
            <POS>NNP</POS>
          </token>
          <token id="13">
            <word>'s</word>
            <lemma>'s</lemma>
            <CharacterOffsetBegin>95</CharacterOffsetBegin>
            <CharacterOffsetEnd>97</CharacterOffsetEnd>
            <POS>POS</POS>
          </token>
          <token id="14">
            <word>restrictions</word>
            <lemma>restriction</lemma>
            <CharacterOffsetBegin>98</CharacterOffsetBegin>
            <CharacterOffsetEnd>110</CharacterOffsetEnd>
            <POS>NNS</POS>
          </token>
          <token id="15">
            <word>on</word>
            <lemma>on</lemma>
            <CharacterOffsetBegin>111</CharacterOffsetBegin>
            <CharacterOffsetEnd>113</CharacterOffsetEnd>
            <POS>IN</POS>
          </token>
          <token id="16">
            <word>collective</word>
            <lemma>collective</lemma>
            <CharacterOffsetBegin>114</CharacterOffsetBegin>
            <CharacterOffsetEnd>124</CharacterOffsetEnd>
            <POS>JJ</POS>
          </token>
          <token id="17">
            <word>bargaining</word>
            <lemma>bargaining</lemma>
            <CharacterOffsetBegin>125</CharacterOffsetBegin>
            <CharacterOffsetEnd>135</CharacterOffsetEnd>
            <POS>NN</POS>
          </token>
          <token id="18">
            <word>for</word>
            <lemma>for</lemma>
            <CharacterOffsetBegin>136</CharacterOffsetBegin>
            <CharacterOffsetEnd>139</CharacterOffsetEnd>
            <POS>IN</POS>
          </token>
          <token id="19">
            <word>public</word>
            <lemma>public</lemma>
            <CharacterOffsetBegin>140</CharacterOffsetBegin>
            <CharacterOffsetEnd>146</CharacterOffsetEnd>
            <POS>JJ</POS>
          </token>
          <token id="20">
            <word>workers</word>
            <lemma>worker</lemma>
            <CharacterOffsetBegin>147</CharacterOffsetBegin>
            <CharacterOffsetEnd>154</CharacterOffsetEnd>
            <POS>NNS</POS>
          </token>
          <token id="21">
            <word>,</word>
            <lemma>,</lemma>
            <CharacterOffsetBegin>154</CharacterOffsetBegin>
            <CharacterOffsetEnd>155</CharacterOffsetEnd>
            <POS>,</POS>
          </token>
          <token id="22">
            <word>The</word>
            <lemma>the</lemma>
            <CharacterOffsetBegin>156</CharacterOffsetBegin>
            <CharacterOffsetEnd>159</CharacterOffsetEnd>
            <POS>DT</POS>
          </token>
          <token id="23">
            <word>Associated</word>
            <lemma>Associated</lemma>
            <CharacterOffsetBegin>160</CharacterOffsetBegin>
            <CharacterOffsetEnd>170</CharacterOffsetEnd>
            <POS>NNP</POS>
          </token>
          <token id="24">
            <word>Press</word>
            <lemma>Press</lemma>
            <CharacterOffsetBegin>171</CharacterOffsetBegin>
            <CharacterOffsetEnd>176</CharacterOffsetEnd>
            <POS>NNP</POS>
          </token>
          <token id="25">
            <word>erroneously</word>
            <lemma>erroneously</lemma>
            <CharacterOffsetBegin>177</CharacterOffsetBegin>
            <CharacterOffsetEnd>188</CharacterOffsetEnd>
            <POS>RB</POS>
          </token>
          <token id="26">
            <word>reported</word>
            <lemma>report</lemma>
            <CharacterOffsetBegin>189</CharacterOffsetBegin>
            <CharacterOffsetEnd>197</CharacterOffsetEnd>
            <POS>VBD</POS>
          </token>
          <token id="27">
            <word>that</word>
            <lemma>that</lemma>
            <CharacterOffsetBegin>198</CharacterOffsetBegin>
            <CharacterOffsetEnd>202</CharacterOffsetEnd>
            <POS>IN</POS>
          </token>
          <token id="28">
            <word>the</word>
            <lemma>the</lemma>
            <CharacterOffsetBegin>203</CharacterOffsetBegin>
            <CharacterOffsetEnd>206</CharacterOffsetEnd>
            <POS>DT</POS>
          </token>
          <token id="29">
            <word>law</word>
            <lemma>law</lemma>
            <CharacterOffsetBegin>207</CharacterOffsetBegin>
            <CharacterOffsetEnd>210</CharacterOffsetEnd>
            <POS>NN</POS>
          </token>
          <token id="30">
            <word>prevents</word>
            <lemma>prevent</lemma>
            <CharacterOffsetBegin>211</CharacterOffsetBegin>
            <CharacterOffsetEnd>219</CharacterOffsetEnd>
            <POS>VBZ</POS>
          </token>
          <token id="31">
            <word>negotiations</word>
            <lemma>negotiation</lemma>
            <CharacterOffsetBegin>220</CharacterOffsetBegin>
            <CharacterOffsetEnd>232</CharacterOffsetEnd>
            <POS>NNS</POS>
          </token>
          <token id="32">
            <word>on</word>
            <lemma>on</lemma>
            <CharacterOffsetBegin>233</CharacterOffsetBegin>
            <CharacterOffsetEnd>235</CharacterOffsetEnd>
            <POS>IN</POS>
          </token>
          <token id="33">
            <word>wages</word>
            <lemma>wages</lemma>
            <CharacterOffsetBegin>236</CharacterOffsetBegin>
            <CharacterOffsetEnd>241</CharacterOffsetEnd>
            <POS>NNS</POS>
          </token>
          <token id="34">
            <word>but</word>
            <lemma>but</lemma>
            <CharacterOffsetBegin>242</CharacterOffsetBegin>
            <CharacterOffsetEnd>245</CharacterOffsetEnd>
            <POS>CC</POS>
          </token>
          <token id="35">
            <word>not</word>
            <lemma>not</lemma>
            <CharacterOffsetBegin>246</CharacterOffsetBegin>
            <CharacterOffsetEnd>249</CharacterOffsetEnd>
            <POS>RB</POS>
          </token>
          <token id="36">
            <word>on</word>
            <lemma>on</lemma>
            <CharacterOffsetBegin>250</CharacterOffsetBegin>
            <CharacterOffsetEnd>252</CharacterOffsetEnd>
            <POS>IN</POS>
          </token>
          <token id="37">
            <word>health</word>
            <lemma>health</lemma>
            <CharacterOffsetBegin>253</CharacterOffsetBegin>
            <CharacterOffsetEnd>259</CharacterOffsetEnd>
            <POS>NN</POS>
          </token>
          <token id="38">
            <word>care</word>
            <lemma>care</lemma>
            <CharacterOffsetBegin>260</CharacterOffsetBegin>
            <CharacterOffsetEnd>264</CharacterOffsetEnd>
            <POS>NN</POS>
          </token>
          <token id="39">
            <word>,</word>
            <lemma>,</lemma>
            <CharacterOffsetBegin>264</CharacterOffsetBegin>
            <CharacterOffsetEnd>265</CharacterOffsetEnd>
            <POS>,</POS>
          </token>
          <token id="40">
            <word>sick</word>
            <lemma>sick</lemma>
            <CharacterOffsetBegin>266</CharacterOffsetBegin>
            <CharacterOffsetEnd>270</CharacterOffsetEnd>
            <POS>JJ</POS>
          </token>
          <token id="41">
            <word>time</word>
            <lemma>time</lemma>
            <CharacterOffsetBegin>271</CharacterOffsetBegin>
            <CharacterOffsetEnd>275</CharacterOffsetEnd>
            <POS>NN</POS>
          </token>
          <token id="42">
            <word>or</word>
            <lemma>or</lemma>
            <CharacterOffsetBegin>276</CharacterOffsetBegin>
            <CharacterOffsetEnd>278</CharacterOffsetEnd>
            <POS>CC</POS>
          </token>
          <token id="43">
            <word>pension</word>
            <lemma>pension</lemma>
            <CharacterOffsetBegin>279</CharacterOffsetBegin>
            <CharacterOffsetEnd>286</CharacterOffsetEnd>
            <POS>NN</POS>
          </token>
          <token id="44">
            <word>benefits</word>
            <lemma>benefit</lemma>
            <CharacterOffsetBegin>287</CharacterOffsetBegin>
            <CharacterOffsetEnd>295</CharacterOffsetEnd>
            <POS>NNS</POS>
          </token>
          <token id="45">
            <word>.</word>
            <lemma>.</lemma>
            <CharacterOffsetBegin>295</CharacterOffsetBegin>
            <CharacterOffsetEnd>296</CharacterOffsetEnd>
            <POS>.</POS>
          </token>
        </tokens>
      </sentence>
      <sentence id="3">
        <tokens>
          <token id="1">
            <word>It</word>
            <lemma>it</lemma>
            <CharacterOffsetBegin>297</CharacterOffsetBegin>
            <CharacterOffsetEnd>299</CharacterOffsetEnd>
            <POS>PRP</POS>
          </token>
          <token id="2">
            <word>allows</word>
            <lemma>allow</lemma>
            <CharacterOffsetBegin>300</CharacterOffsetBegin>
            <CharacterOffsetEnd>306</CharacterOffsetEnd>
            <POS>VBZ</POS>
          </token>
          <token id="3">
            <word>wages</word>
            <lemma>wages</lemma>
            <CharacterOffsetBegin>307</CharacterOffsetBegin>
            <CharacterOffsetEnd>312</CharacterOffsetEnd>
            <POS>NNS</POS>
          </token>
          <token id="4">
            <word>to</word>
            <lemma>to</lemma>
            <CharacterOffsetBegin>313</CharacterOffsetBegin>
            <CharacterOffsetEnd>315</CharacterOffsetEnd>
            <POS>TO</POS>
          </token>
          <token id="5">
            <word>be</word>
            <lemma>be</lemma>
            <CharacterOffsetBegin>316</CharacterOffsetBegin>
            <CharacterOffsetEnd>318</CharacterOffsetEnd>
            <POS>VB</POS>
          </token>
          <token id="6">
            <word>negotiated</word>
            <lemma>negotiate</lemma>
            <CharacterOffsetBegin>319</CharacterOffsetBegin>
            <CharacterOffsetEnd>329</CharacterOffsetEnd>
            <POS>VBN</POS>
          </token>
          <token id="7">
            <word>but</word>
            <lemma>but</lemma>
            <CharacterOffsetBegin>330</CharacterOffsetBegin>
            <CharacterOffsetEnd>333</CharacterOffsetEnd>
            <POS>CC</POS>
          </token>
          <token id="8">
            <word>not</word>
            <lemma>not</lemma>
            <CharacterOffsetBegin>334</CharacterOffsetBegin>
            <CharacterOffsetEnd>337</CharacterOffsetEnd>
            <POS>RB</POS>
          </token>
          <token id="9">
            <word>health</word>
            <lemma>health</lemma>
            <CharacterOffsetBegin>338</CharacterOffsetBegin>
            <CharacterOffsetEnd>344</CharacterOffsetEnd>
            <POS>NN</POS>
          </token>
          <token id="10">
            <word>care</word>
            <lemma>care</lemma>
            <CharacterOffsetBegin>345</CharacterOffsetBegin>
            <CharacterOffsetEnd>349</CharacterOffsetEnd>
            <POS>NN</POS>
          </token>
          <token id="11">
            <word>,</word>
            <lemma>,</lemma>
            <CharacterOffsetBegin>349</CharacterOffsetBegin>
            <CharacterOffsetEnd>350</CharacterOffsetEnd>
            <POS>,</POS>
          </token>
          <token id="12">
            <word>sick</word>
            <lemma>sick</lemma>
            <CharacterOffsetBegin>351</CharacterOffsetBegin>
            <CharacterOffsetEnd>355</CharacterOffsetEnd>
            <POS>JJ</POS>
          </token>
          <token id="13">
            <word>time</word>
            <lemma>time</lemma>
            <CharacterOffsetBegin>356</CharacterOffsetBegin>
            <CharacterOffsetEnd>360</CharacterOffsetEnd>
            <POS>NN</POS>
          </token>
          <token id="14">
            <word>or</word>
            <lemma>or</lemma>
            <CharacterOffsetBegin>361</CharacterOffsetBegin>
            <CharacterOffsetEnd>363</CharacterOffsetEnd>
            <POS>CC</POS>
          </token>
          <token id="15">
            <word>pension</word>
            <lemma>pension</lemma>
            <CharacterOffsetBegin>364</CharacterOffsetBegin>
            <CharacterOffsetEnd>371</CharacterOffsetEnd>
            <POS>NN</POS>
          </token>
          <token id="16">
            <word>benefits</word>
            <lemma>benefit</lemma>
            <CharacterOffsetBegin>372</CharacterOffsetBegin>
            <CharacterOffsetEnd>380</CharacterOffsetEnd>
            <POS>NNS</POS>
          </token>
          <token id="17">
            <word>.</word>
            <lemma>.</lemma>
            <CharacterOffsetBegin>380</CharacterOffsetBegin>
            <CharacterOffsetEnd>381</CharacterOffsetEnd>
            <POS>.</POS>
          </token>
        </tokens>
      </sentence>
    </sentences>
  </document>
</root>
