<?xml version="1.0" encoding="UTF-8"?>
<?xml-stylesheet href="CoreNLP-to-HTML.xsl" type="text/xsl"?>
<root>
  <document>
    <sentences>
      <sentence id="1">
        <tokens>
          <token id="1">
            <word>Undersea</word>
            <lemma>undersea</lemma>
            <CharacterOffsetBegin>0</CharacterOffsetBegin>
            <CharacterOffsetEnd>8</CharacterOffsetEnd>
            <POS>JJ</POS>
          </token>
          <token id="2">
            <word>volcanoes</word>
            <lemma>volcano</lemma>
            <CharacterOffsetBegin>9</CharacterOffsetBegin>
            <CharacterOffsetEnd>18</CharacterOffsetEnd>
            <POS>NNS</POS>
          </token>
          <token id="3">
            <word>don</word>
            <lemma>don</lemma>
            <CharacterOffsetBegin>19</CharacterOffsetBegin>
            <CharacterOffsetEnd>22</CharacterOffsetEnd>
            <POS>VBP</POS>
          </token>
          <token id="4">
            <word>&amp;#39;</word>
            <lemma>&amp;#39;</lemma>
            <CharacterOffsetBegin>22</CharacterOffsetBegin>
            <CharacterOffsetEnd>27</CharacterOffsetEnd>
            <POS>CD</POS>
          </token>
          <token id="5">
            <word>t</word>
            <lemma>t</lemma>
            <CharacterOffsetBegin>27</CharacterOffsetBegin>
            <CharacterOffsetEnd>28</CharacterOffsetEnd>
            <POS>NN</POS>
          </token>
          <token id="6">
            <word>just</word>
            <lemma>just</lemma>
            <CharacterOffsetBegin>29</CharacterOffsetBegin>
            <CharacterOffsetEnd>33</CharacterOffsetEnd>
            <POS>RB</POS>
          </token>
          <token id="7">
            <word>ooze</word>
            <lemma>ooze</lemma>
            <CharacterOffsetBegin>34</CharacterOffsetBegin>
            <CharacterOffsetEnd>38</CharacterOffsetEnd>
            <POS>VB</POS>
          </token>
          <token id="8">
            <word>,</word>
            <lemma>,</lemma>
            <CharacterOffsetBegin>38</CharacterOffsetBegin>
            <CharacterOffsetEnd>39</CharacterOffsetEnd>
            <POS>,</POS>
          </token>
          <token id="9">
            <word>they</word>
            <lemma>they</lemma>
            <CharacterOffsetBegin>40</CharacterOffsetBegin>
            <CharacterOffsetEnd>44</CharacterOffsetEnd>
            <POS>PRP</POS>
          </token>
          <token id="10">
            <word>also</word>
            <lemma>also</lemma>
            <CharacterOffsetBegin>45</CharacterOffsetBegin>
            <CharacterOffsetEnd>49</CharacterOffsetEnd>
            <POS>RB</POS>
          </token>
          <token id="11">
            <word>explode</word>
            <lemma>explode</lemma>
            <CharacterOffsetBegin>50</CharacterOffsetBegin>
            <CharacterOffsetEnd>57</CharacterOffsetEnd>
            <POS>VBP</POS>
          </token>
        </tokens>
      </sentence>
      <sentence id="2">
        <tokens>
          <token id="1">
            <word>And</word>
            <lemma>and</lemma>
            <CharacterOffsetBegin>59</CharacterOffsetBegin>
            <CharacterOffsetEnd>62</CharacterOffsetEnd>
            <POS>CC</POS>
          </token>
          <token id="2">
            <word>study</word>
            <lemma>study</lemma>
            <CharacterOffsetBegin>63</CharacterOffsetBegin>
            <CharacterOffsetEnd>68</CharacterOffsetEnd>
            <POS>NN</POS>
          </token>
          <token id="3">
            <word>that</word>
            <lemma>that</lemma>
            <CharacterOffsetBegin>69</CharacterOffsetBegin>
            <CharacterOffsetEnd>73</CharacterOffsetEnd>
            <POS>WDT</POS>
          </token>
          <token id="4">
            <word>finds</word>
            <lemma>find</lemma>
            <CharacterOffsetBegin>74</CharacterOffsetBegin>
            <CharacterOffsetEnd>79</CharacterOffsetEnd>
            <POS>VBZ</POS>
          </token>
          <token id="5">
            <word>high</word>
            <lemma>high</lemma>
            <CharacterOffsetBegin>80</CharacterOffsetBegin>
            <CharacterOffsetEnd>84</CharacterOffsetEnd>
            <POS>JJ</POS>
          </token>
          <token id="6">
            <word>levels</word>
            <lemma>level</lemma>
            <CharacterOffsetBegin>85</CharacterOffsetBegin>
            <CharacterOffsetEnd>91</CharacterOffsetEnd>
            <POS>NNS</POS>
          </token>
          <token id="7">
            <word>of</word>
            <lemma>of</lemma>
            <CharacterOffsetBegin>92</CharacterOffsetBegin>
            <CharacterOffsetEnd>94</CharacterOffsetEnd>
            <POS>IN</POS>
          </token>
          <token id="8">
            <word>carbon</word>
            <lemma>carbon</lemma>
            <CharacterOffsetBegin>95</CharacterOffsetBegin>
            <CharacterOffsetEnd>101</CharacterOffsetEnd>
            <POS>NN</POS>
          </token>
          <token id="9">
            <word>dioxide</word>
            <lemma>dioxide</lemma>
            <CharacterOffsetBegin>102</CharacterOffsetBegin>
            <CharacterOffsetEnd>109</CharacterOffsetEnd>
            <POS>NN</POS>
          </token>
          <token id="10">
            <word>confirms</word>
            <lemma>confirm</lemma>
            <CharacterOffsetBegin>110</CharacterOffsetBegin>
            <CharacterOffsetEnd>118</CharacterOffsetEnd>
            <POS>VBZ</POS>
          </token>
          <token id="11">
            <word>it</word>
            <lemma>it</lemma>
            <CharacterOffsetBegin>119</CharacterOffsetBegin>
            <CharacterOffsetEnd>121</CharacterOffsetEnd>
            <POS>PRP</POS>
          </token>
          <token id="12">
            <word>,</word>
            <lemma>,</lemma>
            <CharacterOffsetBegin>121</CharacterOffsetBegin>
            <CharacterOffsetEnd>122</CharacterOffsetEnd>
            <POS>,</POS>
          </token>
          <token id="13">
            <word>scientists</word>
            <lemma>scientist</lemma>
            <CharacterOffsetBegin>123</CharacterOffsetBegin>
            <CharacterOffsetEnd>133</CharacterOffsetEnd>
            <POS>NNS</POS>
          </token>
          <token id="14">
            <word>say</word>
            <lemma>say</lemma>
            <CharacterOffsetBegin>134</CharacterOffsetBegin>
            <CharacterOffsetEnd>137</CharacterOffsetEnd>
            <POS>VBP</POS>
          </token>
          <token id="15">
            <word>Deep-sea</word>
            <lemma>deep-sea</lemma>
            <CharacterOffsetBegin>138</CharacterOffsetBegin>
            <CharacterOffsetEnd>146</CharacterOffsetEnd>
            <POS>JJ</POS>
          </token>
          <token id="16">
            <word>volcanoes</word>
            <lemma>volcano</lemma>
            <CharacterOffsetBegin>147</CharacterOffsetBegin>
            <CharacterOffsetEnd>156</CharacterOffsetEnd>
            <POS>NNS</POS>
          </token>
          <token id="17">
            <word>can</word>
            <lemma>can</lemma>
            <CharacterOffsetBegin>157</CharacterOffsetBegin>
            <CharacterOffsetEnd>160</CharacterOffsetEnd>
            <POS>MD</POS>
          </token>
          <token id="18">
            <word>explode</word>
            <lemma>explode</lemma>
            <CharacterOffsetBegin>161</CharacterOffsetBegin>
            <CharacterOffsetEnd>168</CharacterOffsetEnd>
            <POS>VB</POS>
          </token>
          <token id="19">
            <word>instead</word>
            <lemma>instead</lemma>
            <CharacterOffsetBegin>169</CharacterOffsetBegin>
            <CharacterOffsetEnd>176</CharacterOffsetEnd>
            <POS>RB</POS>
          </token>
          <token id="20">
            <word>of</word>
            <lemma>of</lemma>
            <CharacterOffsetBegin>177</CharacterOffsetBegin>
            <CharacterOffsetEnd>179</CharacterOffsetEnd>
            <POS>IN</POS>
          </token>
          <token id="21">
            <word>just</word>
            <lemma>just</lemma>
            <CharacterOffsetBegin>180</CharacterOffsetBegin>
            <CharacterOffsetEnd>184</CharacterOffsetEnd>
            <POS>RB</POS>
          </token>
          <token id="22">
            <word>oozing</word>
            <lemma>ooze</lemma>
            <CharacterOffsetBegin>185</CharacterOffsetBegin>
            <CharacterOffsetEnd>191</CharacterOffsetEnd>
            <POS>VBG</POS>
          </token>
          <token id="23">
            <word>,</word>
            <lemma>,</lemma>
            <CharacterOffsetBegin>191</CharacterOffsetBegin>
            <CharacterOffsetEnd>192</CharacterOffsetEnd>
            <POS>,</POS>
          </token>
          <token id="24">
            <word>scientists</word>
            <lemma>scientist</lemma>
            <CharacterOffsetBegin>193</CharacterOffsetBegin>
            <CharacterOffsetEnd>203</CharacterOffsetEnd>
            <POS>NNS</POS>
          </token>
          <token id="25">
            <word>now</word>
            <lemma>now</lemma>
            <CharacterOffsetBegin>204</CharacterOffsetBegin>
            <CharacterOffsetEnd>207</CharacterOffsetEnd>
            <POS>RB</POS>
          </token>
          <token id="26">
            <word>confirm</word>
            <lemma>confirm</lemma>
            <CharacterOffsetBegin>208</CharacterOffsetBegin>
            <CharacterOffsetEnd>215</CharacterOffsetEnd>
            <POS>VBP</POS>
          </token>
          <token id="27">
            <word>.</word>
            <lemma>.</lemma>
            <CharacterOffsetBegin>215</CharacterOffsetBegin>
            <CharacterOffsetEnd>216</CharacterOffsetEnd>
            <POS>.</POS>
          </token>
        </tokens>
      </sentence>
      <sentence id="3">
        <tokens>
          <token id="1">
            <word>The</word>
            <lemma>the</lemma>
            <CharacterOffsetBegin>217</CharacterOffsetBegin>
            <CharacterOffsetEnd>220</CharacterOffsetEnd>
            <POS>DT</POS>
          </token>
          <token id="2">
            <word>new</word>
            <lemma>new</lemma>
            <CharacterOffsetBegin>221</CharacterOffsetBegin>
            <CharacterOffsetEnd>224</CharacterOffsetEnd>
            <POS>JJ</POS>
          </token>
          <token id="3">
            <word>proof</word>
            <lemma>proof</lemma>
            <CharacterOffsetBegin>225</CharacterOffsetBegin>
            <CharacterOffsetEnd>230</CharacterOffsetEnd>
            <POS>NN</POS>
          </token>
          <token id="4">
            <word>-</word>
            <lemma>-</lemma>
            <CharacterOffsetBegin>231</CharacterOffsetBegin>
            <CharacterOffsetEnd>232</CharacterOffsetEnd>
            <POS>:</POS>
          </token>
          <token id="5">
            <word>higher-than-expected</word>
            <lemma>higher-than-expected</lemma>
            <CharacterOffsetBegin>233</CharacterOffsetBegin>
            <CharacterOffsetEnd>253</CharacterOffsetEnd>
            <POS>JJ</POS>
          </token>
          <token id="6">
            <word>levels</word>
            <lemma>level</lemma>
            <CharacterOffsetBegin>254</CharacterOffsetBegin>
            <CharacterOffsetEnd>260</CharacterOffsetEnd>
            <POS>NNS</POS>
          </token>
          <token id="7">
            <word>of</word>
            <lemma>of</lemma>
            <CharacterOffsetBegin>261</CharacterOffsetBegin>
            <CharacterOffsetEnd>263</CharacterOffsetEnd>
            <POS>IN</POS>
          </token>
          <token id="8">
            <word>carbon</word>
            <lemma>carbon</lemma>
            <CharacterOffsetBegin>264</CharacterOffsetBegin>
            <CharacterOffsetEnd>270</CharacterOffsetEnd>
            <POS>NN</POS>
          </token>
          <token id="9">
            <word>dioxide</word>
            <lemma>dioxide</lemma>
            <CharacterOffsetBegin>271</CharacterOffsetBegin>
            <CharacterOffsetEnd>278</CharacterOffsetEnd>
            <POS>NN</POS>
          </token>
          <token id="10">
            <word>in</word>
            <lemma>in</lemma>
            <CharacterOffsetBegin>279</CharacterOffsetBegin>
            <CharacterOffsetEnd>281</CharacterOffsetEnd>
            <POS>IN</POS>
          </token>
          <token id="11">
            <word>the</word>
            <lemma>the</lemma>
            <CharacterOffsetBegin>282</CharacterOffsetBegin>
            <CharacterOffsetEnd>285</CharacterOffsetEnd>
            <POS>DT</POS>
          </token>
          <token id="12">
            <word>magma</word>
            <lemma>magma</lemma>
            <CharacterOffsetBegin>286</CharacterOffsetBegin>
            <CharacterOffsetEnd>291</CharacterOffsetEnd>
            <POS>NN</POS>
          </token>
          <token id="13">
            <word>from</word>
            <lemma>from</lemma>
            <CharacterOffsetBegin>292</CharacterOffsetBegin>
            <CharacterOffsetEnd>296</CharacterOffsetEnd>
            <POS>IN</POS>
          </token>
          <token id="14">
            <word>a</word>
            <lemma>a</lemma>
            <CharacterOffsetBegin>297</CharacterOffsetBegin>
            <CharacterOffsetEnd>298</CharacterOffsetEnd>
            <POS>DT</POS>
          </token>
          <token id="15">
            <word>volcano</word>
            <lemma>volcano</lemma>
            <CharacterOffsetBegin>299</CharacterOffsetBegin>
            <CharacterOffsetEnd>306</CharacterOffsetEnd>
            <POS>NN</POS>
          </token>
          <token id="16">
            <word>off</word>
            <lemma>off</lemma>
            <CharacterOffsetBegin>307</CharacterOffsetBegin>
            <CharacterOffsetEnd>310</CharacterOffsetEnd>
            <POS>IN</POS>
          </token>
          <token id="17">
            <word>the</word>
            <lemma>the</lemma>
            <CharacterOffsetBegin>311</CharacterOffsetBegin>
            <CharacterOffsetEnd>314</CharacterOffsetEnd>
            <POS>DT</POS>
          </token>
          <token id="18">
            <word>coast</word>
            <lemma>coast</lemma>
            <CharacterOffsetBegin>315</CharacterOffsetBegin>
            <CharacterOffsetEnd>320</CharacterOffsetEnd>
            <POS>NN</POS>
          </token>
          <token id="19">
            <word>of</word>
            <lemma>of</lemma>
            <CharacterOffsetBegin>321</CharacterOffsetBegin>
            <CharacterOffsetEnd>323</CharacterOffsetEnd>
            <POS>IN</POS>
          </token>
          <token id="20">
            <word>Oregon</word>
            <lemma>Oregon</lemma>
            <CharacterOffsetBegin>324</CharacterOffsetBegin>
            <CharacterOffsetEnd>330</CharacterOffsetEnd>
            <POS>NNP</POS>
          </token>
          <token id="21">
            <word>-</word>
            <lemma>-</lemma>
            <CharacterOffsetBegin>331</CharacterOffsetBegin>
            <CharacterOffsetEnd>332</CharacterOffsetEnd>
            <POS>:</POS>
          </token>
          <token id="22">
            <word>suggests</word>
            <lemma>suggest</lemma>
            <CharacterOffsetBegin>333</CharacterOffsetBegin>
            <CharacterOffsetEnd>341</CharacterOffsetEnd>
            <POS>VBZ</POS>
          </token>
          <token id="23">
            <word>the</word>
            <lemma>the</lemma>
            <CharacterOffsetBegin>342</CharacterOffsetBegin>
            <CharacterOffsetEnd>345</CharacterOffsetEnd>
            <POS>DT</POS>
          </token>
          <token id="24">
            <word>volcanoes</word>
            <lemma>volcano</lemma>
            <CharacterOffsetBegin>346</CharacterOffsetBegin>
            <CharacterOffsetEnd>355</CharacterOffsetEnd>
            <POS>NNS</POS>
          </token>
          <token id="25">
            <word>may</word>
            <lemma>may</lemma>
            <CharacterOffsetBegin>356</CharacterOffsetBegin>
            <CharacterOffsetEnd>359</CharacterOffsetEnd>
            <POS>MD</POS>
          </token>
          <token id="26">
            <word>play</word>
            <lemma>play</lemma>
            <CharacterOffsetBegin>360</CharacterOffsetBegin>
            <CharacterOffsetEnd>364</CharacterOffsetEnd>
            <POS>VB</POS>
          </token>
          <token id="27">
            <word>a</word>
            <lemma>a</lemma>
            <CharacterOffsetBegin>365</CharacterOffsetBegin>
            <CharacterOffsetEnd>366</CharacterOffsetEnd>
            <POS>DT</POS>
          </token>
          <token id="28">
            <word>greater</word>
            <lemma>greater</lemma>
            <CharacterOffsetBegin>367</CharacterOffsetBegin>
            <CharacterOffsetEnd>374</CharacterOffsetEnd>
            <POS>JJR</POS>
          </token>
          <token id="29">
            <word>role</word>
            <lemma>role</lemma>
            <CharacterOffsetBegin>375</CharacterOffsetBegin>
            <CharacterOffsetEnd>379</CharacterOffsetEnd>
            <POS>NN</POS>
          </token>
          <token id="30">
            <word>in</word>
            <lemma>in</lemma>
            <CharacterOffsetBegin>380</CharacterOffsetBegin>
            <CharacterOffsetEnd>382</CharacterOffsetEnd>
            <POS>IN</POS>
          </token>
          <token id="31">
            <word>global</word>
            <lemma>global</lemma>
            <CharacterOffsetBegin>383</CharacterOffsetBegin>
            <CharacterOffsetEnd>389</CharacterOffsetEnd>
            <POS>JJ</POS>
          </token>
          <token id="32">
            <word>climate</word>
            <lemma>climate</lemma>
            <CharacterOffsetBegin>390</CharacterOffsetBegin>
            <CharacterOffsetEnd>397</CharacterOffsetEnd>
            <POS>NN</POS>
          </token>
          <token id="33">
            <word>than</word>
            <lemma>than</lemma>
            <CharacterOffsetBegin>398</CharacterOffsetBegin>
            <CharacterOffsetEnd>402</CharacterOffsetEnd>
            <POS>IN</POS>
          </token>
          <token id="34">
            <word>thought</word>
            <lemma>thought</lemma>
            <CharacterOffsetBegin>403</CharacterOffsetBegin>
            <CharacterOffsetEnd>410</CharacterOffsetEnd>
            <POS>NN</POS>
          </token>
          <token id="35">
            <word>.</word>
            <lemma>.</lemma>
            <CharacterOffsetBegin>410</CharacterOffsetBegin>
            <CharacterOffsetEnd>411</CharacterOffsetEnd>
            <POS>.</POS>
          </token>
        </tokens>
      </sentence>
      <sentence id="4">
        <tokens>
          <token id="1">
            <word>Of</word>
            <lemma>of</lemma>
            <CharacterOffsetBegin>412</CharacterOffsetBegin>
            <CharacterOffsetEnd>414</CharacterOffsetEnd>
            <POS>IN</POS>
          </token>
          <token id="2">
            <word>all</word>
            <lemma>all</lemma>
            <CharacterOffsetBegin>415</CharacterOffsetBegin>
            <CharacterOffsetEnd>418</CharacterOffsetEnd>
            <POS>PDT</POS>
          </token>
          <token id="3">
            <word>the</word>
            <lemma>the</lemma>
            <CharacterOffsetBegin>419</CharacterOffsetBegin>
            <CharacterOffsetEnd>422</CharacterOffsetEnd>
            <POS>DT</POS>
          </token>
          <token id="4">
            <word>volcanic</word>
            <lemma>volcanic</lemma>
            <CharacterOffsetBegin>423</CharacterOffsetBegin>
            <CharacterOffsetEnd>431</CharacterOffsetEnd>
            <POS>JJ</POS>
          </token>
          <token id="5">
            <word>activity</word>
            <lemma>activity</lemma>
            <CharacterOffsetBegin>432</CharacterOffsetBegin>
            <CharacterOffsetEnd>440</CharacterOffsetEnd>
            <POS>NN</POS>
          </token>
          <token id="6">
            <word>on</word>
            <lemma>on</lemma>
            <CharacterOffsetBegin>441</CharacterOffsetBegin>
            <CharacterOffsetEnd>443</CharacterOffsetEnd>
            <POS>IN</POS>
          </token>
          <token id="7">
            <word>Earth</word>
            <lemma>Earth</lemma>
            <CharacterOffsetBegin>444</CharacterOffsetBegin>
            <CharacterOffsetEnd>449</CharacterOffsetEnd>
            <POS>NNP</POS>
          </token>
          <token id="8">
            <word>,</word>
            <lemma>,</lemma>
            <CharacterOffsetBegin>449</CharacterOffsetBegin>
            <CharacterOffsetEnd>450</CharacterOffsetEnd>
            <POS>,</POS>
          </token>
          <token id="9">
            <word>75</word>
            <lemma>75</lemma>
            <CharacterOffsetBegin>451</CharacterOffsetBegin>
            <CharacterOffsetEnd>453</CharacterOffsetEnd>
            <POS>CD</POS>
          </token>
          <token id="10">
            <word>percent</word>
            <lemma>percent</lemma>
            <CharacterOffsetBegin>454</CharacterOffsetBegin>
            <CharacterOffsetEnd>461</CharacterOffsetEnd>
            <POS>NN</POS>
          </token>
          <token id="11">
            <word>to</word>
            <lemma>to</lemma>
            <CharacterOffsetBegin>462</CharacterOffsetBegin>
            <CharacterOffsetEnd>464</CharacterOffsetEnd>
            <POS>TO</POS>
          </token>
          <token id="12">
            <word>80</word>
            <lemma>80</lemma>
            <CharacterOffsetBegin>465</CharacterOffsetBegin>
            <CharacterOffsetEnd>467</CharacterOffsetEnd>
            <POS>CD</POS>
          </token>
          <token id="13">
            <word>percent</word>
            <lemma>percent</lemma>
            <CharacterOffsetBegin>468</CharacterOffsetBegin>
            <CharacterOffsetEnd>475</CharacterOffsetEnd>
            <POS>NN</POS>
          </token>
          <token id="14">
            <word>of</word>
            <lemma>of</lemma>
            <CharacterOffsetBegin>476</CharacterOffsetBegin>
            <CharacterOffsetEnd>478</CharacterOffsetEnd>
            <POS>IN</POS>
          </token>
          <token id="15">
            <word>it</word>
            <lemma>it</lemma>
            <CharacterOffsetBegin>479</CharacterOffsetBegin>
            <CharacterOffsetEnd>481</CharacterOffsetEnd>
            <POS>PRP</POS>
          </token>
          <token id="16">
            <word>takes</word>
            <lemma>take</lemma>
            <CharacterOffsetBegin>482</CharacterOffsetBegin>
            <CharacterOffsetEnd>487</CharacterOffsetEnd>
            <POS>VBZ</POS>
          </token>
          <token id="17">
            <word>place</word>
            <lemma>place</lemma>
            <CharacterOffsetBegin>488</CharacterOffsetBegin>
            <CharacterOffsetEnd>493</CharacterOffsetEnd>
            <POS>NN</POS>
          </token>
          <token id="18">
            <word>at</word>
            <lemma>at</lemma>
            <CharacterOffsetBegin>494</CharacterOffsetBegin>
            <CharacterOffsetEnd>496</CharacterOffsetEnd>
            <POS>IN</POS>
          </token>
          <token id="19">
            <word>deep-sea</word>
            <lemma>deep-sea</lemma>
            <CharacterOffsetBegin>497</CharacterOffsetBegin>
            <CharacterOffsetEnd>505</CharacterOffsetEnd>
            <POS>JJ</POS>
          </token>
          <token id="20">
            <word>ridges</word>
            <lemma>ridge</lemma>
            <CharacterOffsetBegin>506</CharacterOffsetBegin>
            <CharacterOffsetEnd>512</CharacterOffsetEnd>
            <POS>NNS</POS>
          </token>
          <token id="21">
            <word>in</word>
            <lemma>in</lemma>
            <CharacterOffsetBegin>513</CharacterOffsetBegin>
            <CharacterOffsetEnd>515</CharacterOffsetEnd>
            <POS>IN</POS>
          </token>
          <token id="22">
            <word>the</word>
            <lemma>the</lemma>
            <CharacterOffsetBegin>516</CharacterOffsetBegin>
            <CharacterOffsetEnd>519</CharacterOffsetEnd>
            <POS>DT</POS>
          </token>
          <token id="23">
            <word>middle</word>
            <lemma>middle</lemma>
            <CharacterOffsetBegin>520</CharacterOffsetBegin>
            <CharacterOffsetEnd>526</CharacterOffsetEnd>
            <POS>NN</POS>
          </token>
          <token id="24">
            <word>of</word>
            <lemma>of</lemma>
            <CharacterOffsetBegin>527</CharacterOffsetBegin>
            <CharacterOffsetEnd>529</CharacterOffsetEnd>
            <POS>IN</POS>
          </token>
          <token id="25">
            <word>the</word>
            <lemma>the</lemma>
            <CharacterOffsetBegin>530</CharacterOffsetBegin>
            <CharacterOffsetEnd>533</CharacterOffsetEnd>
            <POS>DT</POS>
          </token>
          <token id="26">
            <word>oceans</word>
            <lemma>ocean</lemma>
            <CharacterOffsetBegin>534</CharacterOffsetBegin>
            <CharacterOffsetEnd>540</CharacterOffsetEnd>
            <POS>NNS</POS>
          </token>
          <token id="27">
            <word>.</word>
            <lemma>.</lemma>
            <CharacterOffsetBegin>540</CharacterOffsetBegin>
            <CharacterOffsetEnd>541</CharacterOffsetEnd>
            <POS>.</POS>
          </token>
        </tokens>
      </sentence>
      <sentence id="5">
        <tokens>
          <token id="1">
            <word>Most</word>
            <lemma>most</lemma>
            <CharacterOffsetBegin>542</CharacterOffsetBegin>
            <CharacterOffsetEnd>546</CharacterOffsetEnd>
            <POS>JJS</POS>
          </token>
          <token id="2">
            <word>of</word>
            <lemma>of</lemma>
            <CharacterOffsetBegin>547</CharacterOffsetBegin>
            <CharacterOffsetEnd>549</CharacterOffsetEnd>
            <POS>IN</POS>
          </token>
          <token id="3">
            <word>these</word>
            <lemma>these</lemma>
            <CharacterOffsetBegin>550</CharacterOffsetBegin>
            <CharacterOffsetEnd>555</CharacterOffsetEnd>
            <POS>DT</POS>
          </token>
          <token id="4">
            <word>volcanoes</word>
            <lemma>volcano</lemma>
            <CharacterOffsetBegin>556</CharacterOffsetBegin>
            <CharacterOffsetEnd>565</CharacterOffsetEnd>
            <POS>NNS</POS>
          </token>
          <token id="5">
            <word>apparently</word>
            <lemma>apparently</lemma>
            <CharacterOffsetBegin>566</CharacterOffsetBegin>
            <CharacterOffsetEnd>576</CharacterOffsetEnd>
            <POS>RB</POS>
          </token>
          <token id="6">
            <word>spew</word>
            <lemma>spew</lemma>
            <CharacterOffsetBegin>577</CharacterOffsetBegin>
            <CharacterOffsetEnd>581</CharacterOffsetEnd>
            <POS>VBP</POS>
          </token>
          <token id="7">
            <word>out</word>
            <lemma>out</lemma>
            <CharacterOffsetBegin>582</CharacterOffsetBegin>
            <CharacterOffsetEnd>585</CharacterOffsetEnd>
            <POS>RP</POS>
          </token>
          <token id="8">
            <word>huge</word>
            <lemma>huge</lemma>
            <CharacterOffsetBegin>586</CharacterOffsetBegin>
            <CharacterOffsetEnd>590</CharacterOffsetEnd>
            <POS>JJ</POS>
          </token>
          <token id="9">
            <word>volumes</word>
            <lemma>volume</lemma>
            <CharacterOffsetBegin>591</CharacterOffsetBegin>
            <CharacterOffsetEnd>598</CharacterOffsetEnd>
            <POS>NNS</POS>
          </token>
          <token id="10">
            <word>of</word>
            <lemma>of</lemma>
            <CharacterOffsetBegin>599</CharacterOffsetBegin>
            <CharacterOffsetEnd>601</CharacterOffsetEnd>
            <POS>IN</POS>
          </token>
          <token id="11">
            <word>lava</word>
            <lemma>lava</lemma>
            <CharacterOffsetBegin>602</CharacterOffsetBegin>
            <CharacterOffsetEnd>606</CharacterOffsetEnd>
            <POS>NN</POS>
          </token>
          <token id="12">
            <word>instead</word>
            <lemma>instead</lemma>
            <CharacterOffsetBegin>607</CharacterOffsetBegin>
            <CharacterOffsetEnd>614</CharacterOffsetEnd>
            <POS>RB</POS>
          </token>
          <token id="13">
            <word>of</word>
            <lemma>of</lemma>
            <CharacterOffsetBegin>615</CharacterOffsetBegin>
            <CharacterOffsetEnd>617</CharacterOffsetEnd>
            <POS>IN</POS>
          </token>
          <token id="14">
            <word>erupting</word>
            <lemma>erupt</lemma>
            <CharacterOffsetBegin>618</CharacterOffsetBegin>
            <CharacterOffsetEnd>626</CharacterOffsetEnd>
            <POS>VBG</POS>
          </token>
          <token id="15">
            <word>explosively</word>
            <lemma>explosively</lemma>
            <CharacterOffsetBegin>627</CharacterOffsetBegin>
            <CharacterOffsetEnd>638</CharacterOffsetEnd>
            <POS>RB</POS>
          </token>
          <token id="16">
            <word>,</word>
            <lemma>,</lemma>
            <CharacterOffsetBegin>638</CharacterOffsetBegin>
            <CharacterOffsetEnd>639</CharacterOffsetEnd>
            <POS>,</POS>
          </token>
          <token id="17">
            <word>as</word>
            <lemma>as</lemma>
            <CharacterOffsetBegin>640</CharacterOffsetBegin>
            <CharacterOffsetEnd>642</CharacterOffsetEnd>
            <POS>IN</POS>
          </token>
          <token id="18">
            <word>many</word>
            <lemma>many</lemma>
            <CharacterOffsetBegin>643</CharacterOffsetBegin>
            <CharacterOffsetEnd>647</CharacterOffsetEnd>
            <POS>JJ</POS>
          </token>
          <token id="19">
            <word>volcanoes</word>
            <lemma>volcano</lemma>
            <CharacterOffsetBegin>648</CharacterOffsetBegin>
            <CharacterOffsetEnd>657</CharacterOffsetEnd>
            <POS>NNS</POS>
          </token>
          <token id="20">
            <word>on</word>
            <lemma>on</lemma>
            <CharacterOffsetBegin>658</CharacterOffsetBegin>
            <CharacterOffsetEnd>660</CharacterOffsetEnd>
            <POS>IN</POS>
          </token>
          <token id="21">
            <word>land</word>
            <lemma>land</lemma>
            <CharacterOffsetBegin>661</CharacterOffsetBegin>
            <CharacterOffsetEnd>665</CharacterOffsetEnd>
            <POS>NN</POS>
          </token>
          <token id="22">
            <word>do</word>
            <lemma>do</lemma>
            <CharacterOffsetBegin>666</CharacterOffsetBegin>
            <CharacterOffsetEnd>668</CharacterOffsetEnd>
            <POS>VBP</POS>
          </token>
          <token id="23">
            <word>.</word>
            <lemma>.</lemma>
            <CharacterOffsetBegin>668</CharacterOffsetBegin>
            <CharacterOffsetEnd>669</CharacterOffsetEnd>
            <POS>.</POS>
          </token>
        </tokens>
      </sentence>
      <sentence id="6">
        <tokens>
          <token id="1">
            <word>It</word>
            <lemma>it</lemma>
            <CharacterOffsetBegin>670</CharacterOffsetBegin>
            <CharacterOffsetEnd>672</CharacterOffsetEnd>
            <POS>PRP</POS>
          </token>
          <token id="2">
            <word>is</word>
            <lemma>be</lemma>
            <CharacterOffsetBegin>673</CharacterOffsetBegin>
            <CharacterOffsetEnd>675</CharacterOffsetEnd>
            <POS>VBZ</POS>
          </token>
          <token id="3">
            <word>a</word>
            <lemma>a</lemma>
            <CharacterOffsetBegin>676</CharacterOffsetBegin>
            <CharacterOffsetEnd>677</CharacterOffsetEnd>
            <POS>DT</POS>
          </token>
          <token id="4">
            <word>high</word>
            <lemma>high</lemma>
            <CharacterOffsetBegin>678</CharacterOffsetBegin>
            <CharacterOffsetEnd>682</CharacterOffsetEnd>
            <POS>JJ</POS>
          </token>
          <token id="5">
            <word>level</word>
            <lemma>level</lemma>
            <CharacterOffsetBegin>683</CharacterOffsetBegin>
            <CharacterOffsetEnd>688</CharacterOffsetEnd>
            <POS>NN</POS>
          </token>
          <token id="6">
            <word>of</word>
            <lemma>of</lemma>
            <CharacterOffsetBegin>689</CharacterOffsetBegin>
            <CharacterOffsetEnd>691</CharacterOffsetEnd>
            <POS>IN</POS>
          </token>
          <token id="7">
            <word>gas</word>
            <lemma>gas</lemma>
            <CharacterOffsetBegin>692</CharacterOffsetBegin>
            <CharacterOffsetEnd>695</CharacterOffsetEnd>
            <POS>NN</POS>
          </token>
          <token id="8">
            <word>trapped</word>
            <lemma>trap</lemma>
            <CharacterOffsetBegin>696</CharacterOffsetBegin>
            <CharacterOffsetEnd>703</CharacterOffsetEnd>
            <POS>VBN</POS>
          </token>
          <token id="9">
            <word>in</word>
            <lemma>in</lemma>
            <CharacterOffsetBegin>704</CharacterOffsetBegin>
            <CharacterOffsetEnd>706</CharacterOffsetEnd>
            <POS>IN</POS>
          </token>
          <token id="10">
            <word>a</word>
            <lemma>a</lemma>
            <CharacterOffsetBegin>707</CharacterOffsetBegin>
            <CharacterOffsetEnd>708</CharacterOffsetEnd>
            <POS>DT</POS>
          </token>
          <token id="11">
            <word>volcano</word>
            <lemma>volcano</lemma>
            <CharacterOffsetBegin>709</CharacterOffsetBegin>
            <CharacterOffsetEnd>716</CharacterOffsetEnd>
            <POS>NN</POS>
          </token>
          <token id="12">
            <word>'s</word>
            <lemma>'s</lemma>
            <CharacterOffsetBegin>716</CharacterOffsetBegin>
            <CharacterOffsetEnd>718</CharacterOffsetEnd>
            <POS>POS</POS>
          </token>
          <token id="13">
            <word>magma</word>
            <lemma>magma</lemma>
            <CharacterOffsetBegin>719</CharacterOffsetBegin>
            <CharacterOffsetEnd>724</CharacterOffsetEnd>
            <POS>NN</POS>
          </token>
          <token id="14">
            <word>that</word>
            <lemma>that</lemma>
            <CharacterOffsetBegin>725</CharacterOffsetBegin>
            <CharacterOffsetEnd>729</CharacterOffsetEnd>
            <POS>WDT</POS>
          </token>
          <token id="15">
            <word>normally</word>
            <lemma>normally</lemma>
            <CharacterOffsetBegin>730</CharacterOffsetBegin>
            <CharacterOffsetEnd>738</CharacterOffsetEnd>
            <POS>RB</POS>
          </token>
          <token id="16">
            <word>fuels</word>
            <lemma>fuel</lemma>
            <CharacterOffsetBegin>739</CharacterOffsetBegin>
            <CharacterOffsetEnd>744</CharacterOffsetEnd>
            <POS>NNS</POS>
          </token>
          <token id="17">
            <word>explosive</word>
            <lemma>explosive</lemma>
            <CharacterOffsetBegin>745</CharacterOffsetBegin>
            <CharacterOffsetEnd>754</CharacterOffsetEnd>
            <POS>JJ</POS>
          </token>
          <token id="18">
            <word>volcanic</word>
            <lemma>volcanic</lemma>
            <CharacterOffsetBegin>755</CharacterOffsetBegin>
            <CharacterOffsetEnd>763</CharacterOffsetEnd>
            <POS>JJ</POS>
          </token>
          <token id="19">
            <word>bursts</word>
            <lemma>burst</lemma>
            <CharacterOffsetBegin>764</CharacterOffsetBegin>
            <CharacterOffsetEnd>770</CharacterOffsetEnd>
            <POS>NNS</POS>
          </token>
          <token id="20">
            <word>.</word>
            <lemma>.</lemma>
            <CharacterOffsetBegin>770</CharacterOffsetBegin>
            <CharacterOffsetEnd>771</CharacterOffsetEnd>
            <POS>.</POS>
          </token>
        </tokens>
      </sentence>
      <sentence id="7">
        <tokens>
          <token id="1">
            <word>This</word>
            <lemma>this</lemma>
            <CharacterOffsetBegin>772</CharacterOffsetBegin>
            <CharacterOffsetEnd>776</CharacterOffsetEnd>
            <POS>DT</POS>
          </token>
          <token id="2">
            <word>level</word>
            <lemma>level</lemma>
            <CharacterOffsetBegin>777</CharacterOffsetBegin>
            <CharacterOffsetEnd>782</CharacterOffsetEnd>
            <POS>NN</POS>
          </token>
          <token id="3">
            <word>has</word>
            <lemma>have</lemma>
            <CharacterOffsetBegin>783</CharacterOffsetBegin>
            <CharacterOffsetEnd>786</CharacterOffsetEnd>
            <POS>VBZ</POS>
          </token>
          <token id="4">
            <word>long</word>
            <lemma>long</lemma>
            <CharacterOffsetBegin>787</CharacterOffsetBegin>
            <CharacterOffsetEnd>791</CharacterOffsetEnd>
            <POS>RB</POS>
          </token>
          <token id="5">
            <word>been</word>
            <lemma>be</lemma>
            <CharacterOffsetBegin>792</CharacterOffsetBegin>
            <CharacterOffsetEnd>796</CharacterOffsetEnd>
            <POS>VBN</POS>
          </token>
          <token id="6">
            <word>thought</word>
            <lemma>think</lemma>
            <CharacterOffsetBegin>797</CharacterOffsetBegin>
            <CharacterOffsetEnd>804</CharacterOffsetEnd>
            <POS>VBN</POS>
          </token>
          <token id="7">
            <word>to</word>
            <lemma>to</lemma>
            <CharacterOffsetBegin>805</CharacterOffsetBegin>
            <CharacterOffsetEnd>807</CharacterOffsetEnd>
            <POS>TO</POS>
          </token>
          <token id="8">
            <word>be</word>
            <lemma>be</lemma>
            <CharacterOffsetBegin>808</CharacterOffsetBegin>
            <CharacterOffsetEnd>810</CharacterOffsetEnd>
            <POS>VB</POS>
          </token>
          <token id="9">
            <word>low</word>
            <lemma>low</lemma>
            <CharacterOffsetBegin>811</CharacterOffsetBegin>
            <CharacterOffsetEnd>814</CharacterOffsetEnd>
            <POS>JJ</POS>
          </token>
          <token id="10">
            <word>at</word>
            <lemma>at</lemma>
            <CharacterOffsetBegin>815</CharacterOffsetBegin>
            <CharacterOffsetEnd>817</CharacterOffsetEnd>
            <POS>IN</POS>
          </token>
          <token id="11">
            <word>mid-ocean</word>
            <lemma>mid-ocean</lemma>
            <CharacterOffsetBegin>818</CharacterOffsetBegin>
            <CharacterOffsetEnd>827</CharacterOffsetEnd>
            <POS>JJ</POS>
          </token>
          <token id="12">
            <word>ridges</word>
            <lemma>ridge</lemma>
            <CharacterOffsetBegin>828</CharacterOffsetBegin>
            <CharacterOffsetEnd>834</CharacterOffsetEnd>
            <POS>NNS</POS>
          </token>
          <token id="13">
            <word>;</word>
            <lemma>;</lemma>
            <CharacterOffsetBegin>834</CharacterOffsetBegin>
            <CharacterOffsetEnd>835</CharacterOffsetEnd>
            <POS>:</POS>
          </token>
          <token id="14">
            <word>moreover</word>
            <lemma>moreover</lemma>
            <CharacterOffsetBegin>836</CharacterOffsetBegin>
            <CharacterOffsetEnd>844</CharacterOffsetEnd>
            <POS>RB</POS>
          </token>
          <token id="15">
            <word>,</word>
            <lemma>,</lemma>
            <CharacterOffsetBegin>844</CharacterOffsetBegin>
            <CharacterOffsetEnd>845</CharacterOffsetEnd>
            <POS>,</POS>
          </token>
          <token id="16">
            <word>potential</word>
            <lemma>potential</lemma>
            <CharacterOffsetBegin>846</CharacterOffsetBegin>
            <CharacterOffsetEnd>855</CharacterOffsetEnd>
            <POS>JJ</POS>
          </token>
          <token id="17">
            <word>undersea</word>
            <lemma>undersea</lemma>
            <CharacterOffsetBegin>856</CharacterOffsetBegin>
            <CharacterOffsetEnd>864</CharacterOffsetEnd>
            <POS>NN</POS>
          </token>
          <token id="18">
            <word>explosions</word>
            <lemma>explosion</lemma>
            <CharacterOffsetBegin>865</CharacterOffsetBegin>
            <CharacterOffsetEnd>875</CharacterOffsetEnd>
            <POS>NNS</POS>
          </token>
          <token id="19">
            <word>would</word>
            <lemma>would</lemma>
            <CharacterOffsetBegin>876</CharacterOffsetBegin>
            <CharacterOffsetEnd>881</CharacterOffsetEnd>
            <POS>MD</POS>
          </token>
          <token id="20">
            <word>be</word>
            <lemma>be</lemma>
            <CharacterOffsetBegin>882</CharacterOffsetBegin>
            <CharacterOffsetEnd>884</CharacterOffsetEnd>
            <POS>VB</POS>
          </token>
          <token id="21">
            <word>suppressed</word>
            <lemma>suppress</lemma>
            <CharacterOffsetBegin>885</CharacterOffsetBegin>
            <CharacterOffsetEnd>895</CharacterOffsetEnd>
            <POS>VBN</POS>
          </token>
          <token id="22">
            <word>by</word>
            <lemma>by</lemma>
            <CharacterOffsetBegin>896</CharacterOffsetBegin>
            <CharacterOffsetEnd>898</CharacterOffsetEnd>
            <POS>IN</POS>
          </token>
          <token id="23">
            <word>the</word>
            <lemma>the</lemma>
            <CharacterOffsetBegin>899</CharacterOffsetBegin>
            <CharacterOffsetEnd>902</CharacterOffsetEnd>
            <POS>DT</POS>
          </token>
          <token id="24">
            <word>crushing</word>
            <lemma>crush</lemma>
            <CharacterOffsetBegin>903</CharacterOffsetBegin>
            <CharacterOffsetEnd>911</CharacterOffsetEnd>
            <POS>VBG</POS>
          </token>
          <token id="25">
            <word>pressure</word>
            <lemma>pressure</lemma>
            <CharacterOffsetBegin>912</CharacterOffsetBegin>
            <CharacterOffsetEnd>920</CharacterOffsetEnd>
            <POS>NN</POS>
          </token>
          <token id="26">
            <word>from</word>
            <lemma>from</lemma>
            <CharacterOffsetBegin>921</CharacterOffsetBegin>
            <CharacterOffsetEnd>925</CharacterOffsetEnd>
            <POS>IN</POS>
          </token>
          <token id="27">
            <word>the</word>
            <lemma>the</lemma>
            <CharacterOffsetBegin>926</CharacterOffsetBegin>
            <CharacterOffsetEnd>929</CharacterOffsetEnd>
            <POS>DT</POS>
          </token>
          <token id="28">
            <word>surrounding</word>
            <lemma>surrounding</lemma>
            <CharacterOffsetBegin>930</CharacterOffsetBegin>
            <CharacterOffsetEnd>941</CharacterOffsetEnd>
            <POS>JJ</POS>
          </token>
          <token id="29">
            <word>water</word>
            <lemma>water</lemma>
            <CharacterOffsetBegin>942</CharacterOffsetBegin>
            <CharacterOffsetEnd>947</CharacterOffsetEnd>
            <POS>NN</POS>
          </token>
          <token id="30">
            <word>.</word>
            <lemma>.</lemma>
            <CharacterOffsetBegin>947</CharacterOffsetBegin>
            <CharacterOffsetEnd>948</CharacterOffsetEnd>
            <POS>.</POS>
          </token>
        </tokens>
      </sentence>
      <sentence id="8">
        <tokens>
          <token id="1">
            <word>However</word>
            <lemma>however</lemma>
            <CharacterOffsetBegin>949</CharacterOffsetBegin>
            <CharacterOffsetEnd>956</CharacterOffsetEnd>
            <POS>RB</POS>
          </token>
          <token id="2">
            <word>,</word>
            <lemma>,</lemma>
            <CharacterOffsetBegin>956</CharacterOffsetBegin>
            <CharacterOffsetEnd>957</CharacterOffsetEnd>
            <POS>,</POS>
          </token>
          <token id="3">
            <word>based</word>
            <lemma>base</lemma>
            <CharacterOffsetBegin>958</CharacterOffsetBegin>
            <CharacterOffsetEnd>963</CharacterOffsetEnd>
            <POS>VBN</POS>
          </token>
          <token id="4">
            <word>on</word>
            <lemma>on</lemma>
            <CharacterOffsetBegin>964</CharacterOffsetBegin>
            <CharacterOffsetEnd>966</CharacterOffsetEnd>
            <POS>IN</POS>
          </token>
          <token id="5">
            <word>volcanic</word>
            <lemma>volcanic</lemma>
            <CharacterOffsetBegin>967</CharacterOffsetBegin>
            <CharacterOffsetEnd>975</CharacterOffsetEnd>
            <POS>JJ</POS>
          </token>
          <token id="6">
            <word>ash</word>
            <lemma>ash</lemma>
            <CharacterOffsetBegin>976</CharacterOffsetBegin>
            <CharacterOffsetEnd>979</CharacterOffsetEnd>
            <POS>JJ</POS>
          </token>
          <token id="7">
            <word>found</word>
            <lemma>find</lemma>
            <CharacterOffsetBegin>980</CharacterOffsetBegin>
            <CharacterOffsetEnd>985</CharacterOffsetEnd>
            <POS>VBN</POS>
          </token>
          <token id="8">
            <word>at</word>
            <lemma>at</lemma>
            <CharacterOffsetBegin>986</CharacterOffsetBegin>
            <CharacterOffsetEnd>988</CharacterOffsetEnd>
            <POS>IN</POS>
          </token>
          <token id="9">
            <word>certain</word>
            <lemma>certain</lemma>
            <CharacterOffsetBegin>989</CharacterOffsetBegin>
            <CharacterOffsetEnd>996</CharacterOffsetEnd>
            <POS>JJ</POS>
          </token>
          <token id="10">
            <word>sites</word>
            <lemma>site</lemma>
            <CharacterOffsetBegin>997</CharacterOffsetBegin>
            <CharacterOffsetEnd>1002</CharacterOffsetEnd>
            <POS>NNS</POS>
          </token>
          <token id="11">
            <word>,</word>
            <lemma>,</lemma>
            <CharacterOffsetBegin>1002</CharacterOffsetBegin>
            <CharacterOffsetEnd>1003</CharacterOffsetEnd>
            <POS>,</POS>
          </token>
          <token id="12">
            <word>geologists</word>
            <lemma>geologist</lemma>
            <CharacterOffsetBegin>1004</CharacterOffsetBegin>
            <CharacterOffsetEnd>1014</CharacterOffsetEnd>
            <POS>NNS</POS>
          </token>
          <token id="13">
            <word>have</word>
            <lemma>have</lemma>
            <CharacterOffsetBegin>1015</CharacterOffsetBegin>
            <CharacterOffsetEnd>1019</CharacterOffsetEnd>
            <POS>VBP</POS>
          </token>
          <token id="14">
            <word>speculated</word>
            <lemma>speculate</lemma>
            <CharacterOffsetBegin>1020</CharacterOffsetBegin>
            <CharacterOffsetEnd>1030</CharacterOffsetEnd>
            <POS>VBN</POS>
          </token>
          <token id="15">
            <word>over</word>
            <lemma>over</lemma>
            <CharacterOffsetBegin>1031</CharacterOffsetBegin>
            <CharacterOffsetEnd>1035</CharacterOffsetEnd>
            <POS>IN</POS>
          </token>
          <token id="16">
            <word>the</word>
            <lemma>the</lemma>
            <CharacterOffsetBegin>1036</CharacterOffsetBegin>
            <CharacterOffsetEnd>1039</CharacterOffsetEnd>
            <POS>DT</POS>
          </token>
          <token id="17">
            <word>last</word>
            <lemma>last</lemma>
            <CharacterOffsetBegin>1040</CharacterOffsetBegin>
            <CharacterOffsetEnd>1044</CharacterOffsetEnd>
            <POS>JJ</POS>
          </token>
          <token id="18">
            <word>decade</word>
            <lemma>decade</lemma>
            <CharacterOffsetBegin>1045</CharacterOffsetBegin>
            <CharacterOffsetEnd>1051</CharacterOffsetEnd>
            <POS>NN</POS>
          </token>
          <token id="19">
            <word>that</word>
            <lemma>that</lemma>
            <CharacterOffsetBegin>1052</CharacterOffsetBegin>
            <CharacterOffsetEnd>1056</CharacterOffsetEnd>
            <POS>WDT</POS>
          </token>
          <token id="20">
            <word>explosive</word>
            <lemma>explosive</lemma>
            <CharacterOffsetBegin>1057</CharacterOffsetBegin>
            <CharacterOffsetEnd>1066</CharacterOffsetEnd>
            <POS>JJ</POS>
          </token>
          <token id="21">
            <word>eruptions</word>
            <lemma>eruption</lemma>
            <CharacterOffsetBegin>1067</CharacterOffsetBegin>
            <CharacterOffsetEnd>1076</CharacterOffsetEnd>
            <POS>NNS</POS>
          </token>
          <token id="22">
            <word>do</word>
            <lemma>do</lemma>
            <CharacterOffsetBegin>1077</CharacterOffsetBegin>
            <CharacterOffsetEnd>1079</CharacterOffsetEnd>
            <POS>VBP</POS>
          </token>
          <token id="23">
            <word>take</word>
            <lemma>take</lemma>
            <CharacterOffsetBegin>1080</CharacterOffsetBegin>
            <CharacterOffsetEnd>1084</CharacterOffsetEnd>
            <POS>VB</POS>
          </token>
          <token id="24">
            <word>place</word>
            <lemma>place</lemma>
            <CharacterOffsetBegin>1085</CharacterOffsetBegin>
            <CharacterOffsetEnd>1090</CharacterOffsetEnd>
            <POS>NN</POS>
          </token>
          <token id="25">
            <word>in</word>
            <lemma>in</lemma>
            <CharacterOffsetBegin>1091</CharacterOffsetBegin>
            <CharacterOffsetEnd>1093</CharacterOffsetEnd>
            <POS>IN</POS>
          </token>
          <token id="26">
            <word>deep-sea</word>
            <lemma>deep-sea</lemma>
            <CharacterOffsetBegin>1094</CharacterOffsetBegin>
            <CharacterOffsetEnd>1102</CharacterOffsetEnd>
            <POS>JJ</POS>
          </token>
          <token id="27">
            <word>volcanoes</word>
            <lemma>volcano</lemma>
            <CharacterOffsetBegin>1103</CharacterOffsetBegin>
            <CharacterOffsetEnd>1112</CharacterOffsetEnd>
            <POS>NNS</POS>
          </token>
          <token id="28">
            <word>.</word>
            <lemma>.</lemma>
            <CharacterOffsetBegin>1112</CharacterOffsetBegin>
            <CharacterOffsetEnd>1113</CharacterOffsetEnd>
            <POS>.</POS>
          </token>
        </tokens>
      </sentence>
      <sentence id="9">
        <tokens>
          <token id="1">
            <word>Now</word>
            <lemma>now</lemma>
            <CharacterOffsetBegin>1114</CharacterOffsetBegin>
            <CharacterOffsetEnd>1117</CharacterOffsetEnd>
            <POS>RB</POS>
          </token>
          <token id="2">
            <word>researchers</word>
            <lemma>researcher</lemma>
            <CharacterOffsetBegin>1118</CharacterOffsetBegin>
            <CharacterOffsetEnd>1129</CharacterOffsetEnd>
            <POS>NNS</POS>
          </token>
          <token id="3">
            <word>say</word>
            <lemma>say</lemma>
            <CharacterOffsetBegin>1130</CharacterOffsetBegin>
            <CharacterOffsetEnd>1133</CharacterOffsetEnd>
            <POS>VBP</POS>
          </token>
          <token id="4">
            <word>they</word>
            <lemma>they</lemma>
            <CharacterOffsetBegin>1134</CharacterOffsetBegin>
            <CharacterOffsetEnd>1138</CharacterOffsetEnd>
            <POS>PRP</POS>
          </token>
          <token id="5">
            <word>have</word>
            <lemma>have</lemma>
            <CharacterOffsetBegin>1139</CharacterOffsetBegin>
            <CharacterOffsetEnd>1143</CharacterOffsetEnd>
            <POS>VBP</POS>
          </token>
          <token id="6">
            <word>proof</word>
            <lemma>proof</lemma>
            <CharacterOffsetBegin>1144</CharacterOffsetBegin>
            <CharacterOffsetEnd>1149</CharacterOffsetEnd>
            <POS>NN</POS>
          </token>
          <token id="7">
            <word>.</word>
            <lemma>.</lemma>
            <CharacterOffsetBegin>1149</CharacterOffsetBegin>
            <CharacterOffsetEnd>1150</CharacterOffsetEnd>
            <POS>.</POS>
          </token>
        </tokens>
      </sentence>
    </sentences>
  </document>
</root>
